review_idx,sentence_idx,aspect,sentence,true_label,baseline_pred,bert_pred,category,n_words,has_negation_marker
1371,0,product quality and performance,These are brilliant..,positive,positive,positive,both_correct,3,False
1371,0,"design, appearance and looks",These are brilliant..,positive,positive,positive,both_correct,3,False
1371,1,"ease of use, assembly and convenience","Who knew, feeding your little one could become so easy!!",negative,negative,negative,both_correct,10,False
1371,2,"ease of use, assembly and convenience",I am fully on board with this concept.. and hope parents everywhere can gain from the ease and convenience this offers! -How clever!,positive,positive,positive,both_correct,23,False
1371,3,"ease of use, assembly and convenience",I am loving the safe germ free mat that was crafted ergonomically to have sections built in.. to provide parents the need for only one item to feed their kiddos from-,positive,positive,positive,both_correct,31,False
1371,3,safety for babies and children,I am loving the safe germ free mat that was crafted ergonomically to have sections built in.. to provide parents the need for only one item to feed their kiddos from-,positive,positive,positive,both_correct,31,False
1371,4,safety for babies and children,This is especially helpful when using public space to feed little ones from.,positive,positive,positive,both_correct,13,False
1371,5,safety for babies and children,Providing a mat cover to place food on top allows kids to eat directly from the item you provide vs. one you cannot control the cleanliness of. -The,positive,negative,positive,bert_fixes_baseline_error,28,True
1371,6,"size, dimensions and fit",lower edges of these divided sections help allow kids to get a physical grasp on an item..,negative,negative,positive,bert_introduces_new_error,17,False
1371,8,product quality and performance,"more worry about small dishes falling off or, being thrown over the edge.. this mat sticks to the counter/tray it's placed on!",negative,negative,negative,both_correct,22,False
1371,8,"durability, washability and longevity","more worry about small dishes falling off or, being thrown over the edge.. this mat sticks to the counter/tray it's placed on!",negative,negative,negative,both_correct,22,False
1371,10,"durability, washability and longevity","Wipe surface with damn cloth, it will help tremendously.",positive,negative,positive,bert_fixes_baseline_error,9,False
1371,10,"design, appearance and looks","Wipe surface with damn cloth, it will help tremendously.",positive,negative,positive,bert_fixes_baseline_error,9,False
1371,11,"ease of use, assembly and convenience",Removal is simple- peel and done! <br,negative,positive,negative,bert_fixes_baseline_error,7,False
1371,11,product quality and performance,Removal is simple- peel and done! <br,negative,positive,negative,bert_fixes_baseline_error,7,False
1371,12,"durability, washability and longevity","/>-These mats can be rinsed off, wiped down or, run through dishwasher.. and be ready to go again for the next meal!",negative,negative,negative,both_correct,22,False
1371,12,"ease of use, assembly and convenience","/>-These mats can be rinsed off, wiped down or, run through dishwasher.. and be ready to go again for the next meal!",negative,negative,negative,both_correct,22,False
1371,13,"ease of use, assembly and convenience","Keep the zip top bag This comes with.. that way, if taking to use on the go, it has a safe and clean way to travel!",positive,negative,positive,bert_fixes_baseline_error,26,False
1371,13,"durability, washability and longevity","Keep the zip top bag This comes with.. that way, if taking to use on the go, it has a safe and clean way to travel!",positive,negative,positive,bert_fixes_baseline_error,26,False
1371,14,"design, appearance and looks","I attached photo for you to see the pouch.. -TBH, I'm wondering why they do not make these for college kids as well?!",negative,negative,negative,both_correct,23,True
1371,15,"ease of use, assembly and convenience",They are so clever and spare the need for multiple dishes..,positive,negative,positive,bert_fixes_baseline_error,11,False
1371,15,"durability, washability and longevity",They are so clever and spare the need for multiple dishes..,positive,negative,positive,bert_fixes_baseline_error,11,False
1371,17,"price, cost and value for money",It would save me needing to purchase many things for 1x person kitchen use!,negative,negative,negative,both_correct,14,False
1371,17,"ease of use, assembly and convenience",It would save me needing to purchase many things for 1x person kitchen use!,negative,negative,negative,both_correct,14,False
1371,20,"design, appearance and looks",so many fun shapes and colors- you can't go,positive,positive,positive,both_correct,9,True
1374,0,product quality and performance,Absolutely the real deal..I'm in love with this find!!,positive,positive,positive,both_correct,9,False
1374,0,"design, appearance and looks",Absolutely the real deal..I'm in love with this find!!,positive,positive,positive,both_correct,9,False
1374,1,product quality and performance,"Its a perfect blend of both, quality and usability-",positive,positive,positive,both_correct,9,False
1374,1,"comfort, softness and texture","Its a perfect blend of both, quality and usability-",positive,positive,positive,both_correct,9,False
1374,2,"design, appearance and looks",And just what I was looking for.,positive,positive,positive,both_correct,7,False
1374,2,product quality and performance,And just what I was looking for.,positive,positive,positive,both_correct,7,False
1374,3,"design, appearance and looks",Wow..!! <br,positive,positive,positive,both_correct,2,False
1374,4,safety for babies and children,"/>Being tasked with the new role of ""Auntie-Nanny"" to my sisters little one..",positive,positive,negative,bert_introduces_new_error,13,False
1374,5,safety for babies and children,"After 17 years of being out of the game, I found myself searching the options to create a perfect ""infant-toddler utopia..""",negative,positive,negative,bert_fixes_baseline_error,21,False
1374,5,"design, appearance and looks","After 17 years of being out of the game, I found myself searching the options to create a perfect ""infant-toddler utopia..""",negative,positive,positive,both_wrong,21,False
1374,6,"durability, washability and longevity",with travertine tile on most of my main floor sent me searching for a safe solution-,negative,negative,negative,both_correct,16,False
1374,7,safety for babies and children,"this is the perfect mat to grow with our needs from infant to toddler, providing tummy time and all movements up too toy exploring- all while providing comfort and peace of mind to safety! I chose the largest of the mats which is perfect for our front room TV area.",positive,positive,positive,both_correct,50,False
1374,7,product quality and performance,"this is the perfect mat to grow with our needs from infant to toddler, providing tummy time and all movements up too toy exploring- all while providing comfort and peace of mind to safety! I chose the largest of the mats which is perfect for our front room TV area.",positive,positive,positive,both_correct,50,False
1374,7,"comfort, softness and texture","this is the perfect mat to grow with our needs from infant to toddler, providing tummy time and all movements up too toy exploring- all while providing comfort and peace of mind to safety! I chose the largest of the mats which is perfect for our front room TV area.",positive,positive,positive,both_correct,50,False
1374,8,safety for babies and children,Being larger also allows room for the adults to sit next to baby and as they play around on the mat.,positive,positive,positive,both_correct,21,False
1374,8,"comfort, softness and texture",Being larger also allows room for the adults to sit next to baby and as they play around on the mat.,positive,positive,positive,both_correct,21,False
1374,9,"size, dimensions and fit",With larger mat I can accommodate plenty of toys making this an oversized play arena of sorts!,positive,negative,negative,both_wrong,17,False
1374,10,"design, appearance and looks","The gray is a light solid cover without creases (which I love because, nothing can get into a crack to hide and be in harms way of baby putting item in its mouth! )",positive,negative,positive,bert_fixes_baseline_error,34,True
1374,10,safety for babies and children,"The gray is a light solid cover without creases (which I love because, nothing can get into a crack to hide and be in harms way of baby putting item in its mouth! )",positive,negative,positive,bert_fixes_baseline_error,34,True
1374,13,product quality and performance,It will not cause the front room in your house to look like a play barn!! <br,negative,negative,positive,bert_introduces_new_error,17,True
1374,13,"design, appearance and looks",It will not cause the front room in your house to look like a play barn!! <br,negative,negative,positive,bert_introduces_new_error,17,True
1374,14,product quality and performance,/>The comfort is amazing with this mat!,positive,positive,positive,both_correct,7,False
1374,14,"comfort, softness and texture",/>The comfort is amazing with this mat!,positive,positive,positive,both_correct,7,False
1374,15,product quality and performance,"The intelligence put into this design; to create the right layers of cushion all ergonomically mastered for safety, comfort and longevity..",positive,positive,positive,both_correct,21,False
1374,15,"comfort, softness and texture","The intelligence put into this design; to create the right layers of cushion all ergonomically mastered for safety, comfort and longevity..",positive,positive,positive,both_correct,21,False
1374,16,"design, appearance and looks",A trifecta of goodness!,positive,positive,positive,both_correct,4,False
1374,16,product quality and performance,A trifecta of goodness!,positive,positive,positive,both_correct,4,False
1374,17,product quality and performance,Sold at a higher price point it should be top quality and it is!,positive,positive,positive,both_correct,14,False
1374,18,"durability, washability and longevity","This has the ability to go the distance of child rearing , if cared for and stored appropriately.",positive,positive,positive,both_correct,18,False
1374,18,product quality and performance,"This has the ability to go the distance of child rearing , if cared for and stored appropriately.",positive,positive,positive,both_correct,18,False
1374,19,product quality and performance,"Truly, NO detail was left out of the quality/comfort department- this is best described as a thick padded gymnastics/tumbling mat.",negative,positive,negative,bert_fixes_baseline_error,20,True
1374,19,"comfort, softness and texture","Truly, NO detail was left out of the quality/comfort department- this is best described as a thick padded gymnastics/tumbling mat.",negative,positive,negative,bert_fixes_baseline_error,20,True
1374,20,product quality and performance,"It performs more in line with a commercial/Olympic quality.. but, with the ease of using in your own home!",positive,positive,positive,both_correct,19,False
1374,20,"ease of use, assembly and convenience","It performs more in line with a commercial/Olympic quality.. but, with the ease of using in your own home!",positive,positive,positive,both_correct,19,False
1374,21,"price, cost and value for money",Definitely an investment worth making! I hope this info helps.. Feel free to let me know!,positive,positive,positive,both_correct,16,False
1374,21,product quality and performance,Definitely an investment worth making! I hope this info helps.. Feel free to let me know!,positive,positive,positive,both_correct,16,False
1380,0,"ease of use, assembly and convenience","Loving these- Such a cleaver idea for anyone needing a third hand or, extra space.",positive,negative,positive,bert_fixes_baseline_error,15,False
1380,0,"design, appearance and looks","Loving these- Such a cleaver idea for anyone needing a third hand or, extra space.",positive,negative,positive,bert_fixes_baseline_error,15,False
1380,2,"ease of use, assembly and convenience",easy.. I placed this onto the U-shaped handle of our baby stroller..,negative,negative,negative,both_correct,12,False
1380,2,safety for babies and children,easy.. I placed this onto the U-shaped handle of our baby stroller..,negative,negative,negative,both_correct,12,False
1380,3,"ease of use, assembly and convenience","To do so, is simple and straightforward.",positive,positive,positive,both_correct,7,False
1380,4,"ease of use, assembly and convenience",Think little hinged carabiner- and supersize it..,negative,negative,negative,both_correct,7,False
1380,4,"design, appearance and looks",Think little hinged carabiner- and supersize it..,negative,negative,negative,both_correct,7,False
1380,5,product quality and performance,Works the same.,positive,positive,positive,both_correct,3,False
1380,6,"design, appearance and looks","NOTE: there is ""click locking mechanism"" on this, once in place- I chose to cover a small section of handle with coban medical wrap..",negative,negative,negative,both_correct,24,True
1380,7,safety for babies and children,I didn't want metal from the clip to scratch stroller handle AND.. it also helps keep clip in place and from slipping down the side.,positive,negative,positive,bert_fixes_baseline_error,25,True
1380,7,"design, appearance and looks",I didn't want metal from the clip to scratch stroller handle AND.. it also helps keep clip in place and from slipping down the side.,positive,negative,positive,bert_fixes_baseline_error,25,True
1380,8,"comfort, softness and texture",Part of clip I'd covered with padding..,negative,negative,negative,both_correct,7,False
1380,9,safety for babies and children,"but, they do have a tendency to turn.. not a big deal- just extra Precaution!",negative,negative,negative,both_correct,15,True
1380,11,product quality and performance,"I personally chose coban bc, it's self adhering and has no sticky residue! This set comes with 2 hooks- and placing both on the handle will keep whatever you hang- balanced.",positive,negative,positive,bert_fixes_baseline_error,31,True
1380,11,"ease of use, assembly and convenience","I personally chose coban bc, it's self adhering and has no sticky residue! This set comes with 2 hooks- and placing both on the handle will keep whatever you hang- balanced.",positive,negative,positive,bert_fixes_baseline_error,31,True
1380,12,"ease of use, assembly and convenience","But, FYI- you can do this with one clip.. these can handle the weight no problem!",positive,positive,positive,both_correct,16,True
1380,12,product quality and performance,"But, FYI- you can do this with one clip.. these can handle the weight no problem!",positive,positive,positive,both_correct,16,True
1380,13,"design, appearance and looks","(and that's coming from someone who carries in Mary Poppins purse- aka, bigger bc, it holds a lot of things!) TBH-",positive,positive,negative,bert_introduces_new_error,21,False
1380,13,"ease of use, assembly and convenience","(and that's coming from someone who carries in Mary Poppins purse- aka, bigger bc, it holds a lot of things!) TBH-",positive,positive,negative,bert_introduces_new_error,21,False
1380,14,"size, dimensions and fit","baskets on strollers are not roomy, mine fits diaper bag/blanket.. leaving nowhere to put my purse.",negative,negative,negative,both_correct,16,True
1380,14,safety for babies and children,"baskets on strollers are not roomy, mine fits diaper bag/blanket.. leaving nowhere to put my purse.",negative,negative,negative,both_correct,16,True
1380,15,"size, dimensions and fit",I've tried using a small backpack to combat the space issue-,negative,negative,negative,both_correct,11,False
1380,16,"price, cost and value for money","but, that can get heavy after a period of time.. and/or, obnoxious taking on and off every time you need your wallet!",negative,negative,negative,both_correct,22,False
1380,17,"ease of use, assembly and convenience",This clip allows you to hang purse in front for easy access..,negative,negative,negative,both_correct,12,False
1380,17,"design, appearance and looks",This clip allows you to hang purse in front for easy access..,negative,negative,negative,both_correct,12,False
1380,20,"ease of use, assembly and convenience","If, you find yourself involved in a shopping marathon- this is a great option to hold and collect your bags as you go along! Best of all-",positive,positive,positive,both_correct,27,False
1380,23,"ease of use, assembly and convenience","and I've put them to use as, these are just so handy!!",positive,positive,positive,both_correct,12,False
1380,23,product quality and performance,"and I've put them to use as, these are just so handy!!",positive,positive,positive,both_correct,12,False
1380,24,"ease of use, assembly and convenience",I hung x1 in the garage: it holds the handful of dog leashes.. and helps keep them organized and in x1 place- which is lifesaving!!,positive,positive,positive,both_correct,25,False
1380,24,product quality and performance,I hung x1 in the garage: it holds the handful of dog leashes.. and helps keep them organized and in x1 place- which is lifesaving!!,positive,positive,positive,both_correct,25,False
1380,25,"size, dimensions and fit",I put x1 in my teens bathroom-,negative,negative,negative,both_correct,7,False
1380,25,"design, appearance and looks",I put x1 in my teens bathroom-,negative,negative,negative,both_correct,7,False
1380,26,"ease of use, assembly and convenience",it's perfect for securely hanging the toiletry/shaving bag for my son..,positive,positive,positive,both_correct,11,False
1380,26,product quality and performance,it's perfect for securely hanging the toiletry/shaving bag for my son..,positive,positive,positive,both_correct,11,False
1380,27,product quality and performance,"Otherwise, this would sit out on the counter and drive me crazy!",negative,positive,negative,bert_fixes_baseline_error,12,False
1380,27,"ease of use, assembly and convenience","Otherwise, this would sit out on the counter and drive me crazy!",negative,positive,negative,bert_fixes_baseline_error,12,False
1380,28,"design, appearance and looks","My daughter who lives in college dorms, asked for a set to take back to school with her..",negative,negative,negative,both_correct,18,False
1380,30,product quality and performance,"Soo many uses!! Hands down, I recommend 100%..",positive,positive,positive,both_correct,8,False
1380,31,product quality and performance,You cannot go wrong!!,positive,negative,positive,bert_fixes_baseline_error,4,True
1380,32,product quality and performance,The ease and convenience provided is fantastic- and the extra options are a total bonus! <br,positive,positive,positive,both_correct,16,False
1380,32,"ease of use, assembly and convenience",The ease and convenience provided is fantastic- and the extra options are a total bonus! <br,positive,positive,positive,both_correct,16,False
1383,0,"comfort, softness and texture","These are absolutely fantastic if, you have sensitive skin and let's just be honest, what baby doesn't!?? <br",positive,positive,positive,both_correct,18,True
1383,0,product quality and performance,"These are absolutely fantastic if, you have sensitive skin and let's just be honest, what baby doesn't!?? <br",positive,positive,positive,both_correct,18,True
1383,1,"price, cost and value for money",/>Being a family of pure Icelandic descent- we have always needed to error on the side of caution with any product used..,negative,positive,negative,bert_fixes_baseline_error,22,False
1383,4,safety for babies and children,"Which then, translates to being extra cautious and appropriate when using products on brand new newborns skin!",positive,positive,positive,both_correct,17,False
1383,9,product quality and performance,/>The strength of these individual sheets is just what we expect from Huggies.. these have the necessary thickness to do the job without worry of tearing the wipe!,positive,negative,positive,bert_fixes_baseline_error,28,False
1383,9,"durability, washability and longevity",/>The strength of these individual sheets is just what we expect from Huggies.. these have the necessary thickness to do the job without worry of tearing the wipe!,positive,negative,positive,bert_fixes_baseline_error,28,False
1383,10,"price, cost and value for money","Huge bonus.. (biggest complaint with plenty of generic brands- you get what you pay for.. and I'll be honest, I don't want poop hands!!)",positive,positive,positive,both_correct,24,True
1383,10,product quality and performance,"Huge bonus.. (biggest complaint with plenty of generic brands- you get what you pay for.. and I'll be honest, I don't want poop hands!!)",positive,positive,positive,both_correct,24,True
1383,11,"design, appearance and looks",These wipes have an indented print which actually serves a purpose and no!,negative,negative,negative,both_correct,13,False
1383,11,product quality and performance,These wipes have an indented print which actually serves a purpose and no!,negative,negative,negative,both_correct,13,False
1383,12,product quality and performance,It's not to be decorative..,negative,positive,negative,bert_fixes_baseline_error,5,True
1383,12,"durability, washability and longevity",It's not to be decorative..,negative,positive,negative,bert_fixes_baseline_error,5,True
1383,13,product quality and performance,"The tiny imprinted texture is there to help remove necessary debris from whatever it is you're cleaning up.. these are much more capable of doing the job then, those without this imprint.",negative,positive,positive,both_wrong,32,False
1383,13,"design, appearance and looks","The tiny imprinted texture is there to help remove necessary debris from whatever it is you're cleaning up.. these are much more capable of doing the job then, those without this imprint.",negative,positive,positive,both_wrong,32,False
1383,15,product quality and performance,I've changed my share of diapers.. one place you cannot cut quality is in a baby wipe.,negative,negative,negative,both_correct,17,True
1383,15,"comfort, softness and texture",I've changed my share of diapers.. one place you cannot cut quality is in a baby wipe.,negative,negative,negative,both_correct,17,True
1383,17,product quality and performance,A good quality wipe makes all the difference!! <br,positive,positive,positive,both_correct,9,False
1383,17,"durability, washability and longevity",A good quality wipe makes all the difference!! <br,positive,positive,positive,both_correct,9,False
1383,18,"design, appearance and looks",/>After using myself on hands/face..,negative,negative,negative,both_correct,5,False
1383,18,"comfort, softness and texture",/>After using myself on hands/face..,negative,negative,negative,both_correct,5,False
1383,19,product quality and performance,x2 daily with no adverse reaction.,positive,negative,positive,bert_fixes_baseline_error,6,True
1383,20,safety for babies and children,"I put these to the test on my 10 day old nephew, who was staying for a weekend ""sleepover"" (let's face it, a tired mama needs sleep too..)",negative,negative,negative,both_correct,28,False
1383,20,product quality and performance,"I put these to the test on my 10 day old nephew, who was staying for a weekend ""sleepover"" (let's face it, a tired mama needs sleep too..)",negative,negative,negative,both_correct,28,False
1383,21,product quality and performance,Not only we're the wipes helpful with diaper changing..,negative,negative,positive,bert_introduces_new_error,9,True
1383,22,safety for babies and children,"but, they also provided much needed cleaning assistance with the umbilical cord and circumcision after care-",negative,negative,negative,both_correct,16,False
1383,23,product quality and performance,"IF, this gives you an idea of just how capable these wipes are..",negative,positive,positive,both_wrong,13,False
1383,23,"durability, washability and longevity","IF, this gives you an idea of just how capable these wipes are..",negative,positive,positive,both_wrong,13,False
1383,24,product quality and performance,"they're safe on any body part!! I'd recommend, as these are totally on point and do just as they say- for any who need something for sensitive skin..",positive,positive,positive,both_correct,28,False
1383,25,"price, cost and value for money",they are worth the investment. I hope this info.,positive,positive,positive,both_correct,9,False
1383,25,product quality and performance,they are worth the investment. I hope this info.,positive,positive,positive,both_correct,9,False
1398,0,"design, appearance and looks",Love it !!,positive,positive,positive,both_correct,3,False
1398,0,"comfort, softness and texture",Love it !!,positive,positive,positive,both_correct,3,False
1398,1,"ease of use, assembly and convenience",Sticks well and easy to put together .,positive,positive,positive,both_correct,8,False
1398,1,product quality and performance,Sticks well and easy to put together .,positive,positive,positive,both_correct,8,False
1407,0,"price, cost and value for money",Great flavor way cheaper than buying it by the bottle and you can use the same bottle and recycle it there you go,positive,positive,positive,both_correct,23,False
1418,0,product quality and performance,"Viscosity of the oil is higher compared with a well known brand I use, but absorbency is fast and leaves no oily shine.",negative,positive,negative,bert_fixes_baseline_error,23,True
1418,0,"price, cost and value for money","Viscosity of the oil is higher compared with a well known brand I use, but absorbency is fast and leaves no oily shine.",negative,negative,negative,both_correct,23,True
1418,1,product quality and performance,"Negligible frangrance, and has no synthetic smell.",negative,negative,negative,both_correct,7,True
1418,2,"design, appearance and looks",I use this after bath/shower and keeps the skin super soft. The real negative is the design of the cap and tiny hole that the oil flows through.,negative,positive,negative,bert_fixes_baseline_error,28,False
1418,2,product quality and performance,I use this after bath/shower and keeps the skin super soft. The real negative is the design of the cap and tiny hole that the oil flows through.,negative,positive,negative,bert_fixes_baseline_error,28,False
1418,2,"comfort, softness and texture",I use this after bath/shower and keeps the skin super soft. The real negative is the design of the cap and tiny hole that the oil flows through.,negative,positive,negative,bert_fixes_baseline_error,28,False
1418,4,product quality and performance,A squeeze of the bottle and the oil over shoots.,negative,positive,negative,bert_fixes_baseline_error,10,False
1418,5,product quality and performance,I am going to transfer the oil to another functioning bottle,negative,negative,negative,both_correct,11,True
1418,5,customer service and seller support,I am going to transfer the oil to another functioning bottle,negative,negative,negative,both_correct,11,True
1434,0,safety for babies and children,Safe for babies.,positive,positive,positive,both_correct,3,False
1434,0,"comfort, softness and texture",Safe for babies.,positive,positive,positive,both_correct,3,False
1450,0,"comfort, softness and texture",This is a great sleeper sack!,negative,positive,positive,both_wrong,6,False
1450,0,product quality and performance,This is a great sleeper sack!,negative,positive,positive,both_wrong,6,False
1450,1,"comfort, softness and texture",Super soft and warm!,positive,positive,positive,both_correct,4,False
1450,1,product quality and performance,Super soft and warm!,positive,positive,positive,both_correct,4,False
1450,3,"size, dimensions and fit",Here are pictures of the aftual package with sizing info to help you decide which is right for you.,positive,positive,negative,bert_introduces_new_error,19,False
1450,3,"design, appearance and looks",Here are pictures of the aftual package with sizing info to help you decide which is right for you.,positive,positive,negative,bert_introduces_new_error,19,False
1453,0,product quality and performance,Product came as expected just didn't stick to our smooth material of our tub.,negative,negative,positive,bert_introduces_new_error,14,True
1455,0,"design, appearance and looks",The gate we purchased for our daughter to place on her stairway not only of good quality but looks great with there home decor ..thank you!,positive,positive,positive,both_correct,26,True
1455,0,product quality and performance,The gate we purchased for our daughter to place on her stairway not only of good quality but looks great with there home decor ..thank you!,positive,positive,positive,both_correct,26,True
1458,0,"packaging, shipping and delivery",I have never been so disgusted at the wording you used on the outside of the package.,negative,negative,negative,both_correct,17,True
1458,3,product quality and performance,Product worked well just don't read the information,negative,positive,negative,bert_fixes_baseline_error,8,True
1463,0,product quality and performance,These trays are wonderful.,positive,positive,positive,both_correct,4,False
1463,0,"design, appearance and looks",These trays are wonderful.,positive,positive,positive,both_correct,4,False
1463,1,"ease of use, assembly and convenience",I use them to keep my upright freezer organized so that I know what I have in there.,negative,positive,negative,bert_fixes_baseline_error,18,False
1463,1,"design, appearance and looks",I use them to keep my upright freezer organized so that I know what I have in there.,negative,positive,negative,bert_fixes_baseline_error,18,False
1468,1,"size, dimensions and fit",They are also really large.,positive,positive,positive,both_correct,5,False
1468,1,"design, appearance and looks",They are also really large.,positive,positive,positive,both_correct,5,False
1468,2,"comfort, softness and texture",They are perfect for swaddling.,positive,positive,positive,both_correct,5,False
1468,2,product quality and performance,They are perfect for swaddling.,positive,positive,positive,both_correct,5,False
1468,3,product quality and performance,I absolutely loved these.,positive,positive,positive,both_correct,4,False
1468,3,"comfort, softness and texture",I absolutely loved these.,positive,positive,positive,both_correct,4,False
1480,0,product quality and performance,These bottles are fine.,positive,positive,positive,both_correct,4,False
1480,0,"design, appearance and looks",These bottles are fine.,positive,positive,positive,both_correct,4,False
1480,3,"ease of use, assembly and convenience",I prefer more simplicity.,positive,positive,positive,both_correct,4,False
1480,3,"comfort, softness and texture",I prefer more simplicity.,positive,positive,positive,both_correct,4,False
1480,4,product quality and performance,But these work fine.,positive,positive,positive,both_correct,4,True
1480,4,"durability, washability and longevity",But these work fine.,positive,positive,positive,both_correct,4,True
1484,0,"ease of use, assembly and convenience",This is a very simple bouncer.,positive,positive,positive,both_correct,6,False
1484,0,product quality and performance,This is a very simple bouncer.,positive,positive,positive,both_correct,6,False
1484,1,"comfort, softness and texture",Great to have somewhere to set the baby.,positive,positive,positive,both_correct,8,False
1484,1,safety for babies and children,Great to have somewhere to set the baby.,positive,positive,positive,both_correct,8,False
1484,2,product quality and performance,"There aren't a lot of bells and whistles, which I like.",positive,positive,negative,bert_introduces_new_error,11,True
1484,2,"comfort, softness and texture","There aren't a lot of bells and whistles, which I like.",positive,positive,negative,bert_introduces_new_error,11,True
1484,3,"design, appearance and looks",It's also slim enough to not be in the way all the time.,negative,negative,negative,both_correct,13,True
1484,3,"size, dimensions and fit",It's also slim enough to not be in the way all the time.,negative,negative,negative,both_correct,13,True
1532,0,product quality and performance,These did not work for me at all.,negative,negative,negative,both_correct,8,True
1532,1,product quality and performance,I tried them multiple times in multiple ways.,negative,negative,negative,both_correct,8,False
1532,1,customer service and seller support,I tried them multiple times in multiple ways.,negative,negative,negative,both_correct,8,False
1532,2,safety for babies and children,"First, you can't just leave them in your bra to collect milk throughout the day.",negative,negative,negative,both_correct,15,True
1532,3,"design, appearance and looks",They look crazy.,negative,positive,negative,bert_fixes_baseline_error,3,False
1532,4,"design, appearance and looks","They are not, in any way, normal looking under your shirt.",negative,negative,negative,both_correct,11,True
1532,6,product quality and performance,"As far as using them to pump, that didn't work either.",negative,negative,negative,both_correct,11,True
1532,7,safety for babies and children,I tried the opposite side while feeding baby— nothing.,negative,negative,negative,both_correct,9,True
1532,8,product quality and performance,I put them on for five minutes when I woke up— nothing.,negative,negative,negative,both_correct,12,True
1532,8,"design, appearance and looks",I put them on for five minutes when I woke up— nothing.,negative,negative,negative,both_correct,12,True
1532,9,product quality and performance,"And if you think there was just no milk, you'd be wrong.",negative,negative,negative,both_correct,12,True
1532,10,product quality and performance,I pumped over 4 oz. from each side with a manual pump in less than 10 minutes after trying to use these.,negative,negative,negative,both_correct,22,False
1532,11,product quality and performance,They just did not work for me at all.,negative,negative,negative,both_correct,9,True
1536,0,"comfort, softness and texture",I love these blankets.,positive,positive,positive,both_correct,4,False
1536,0,"design, appearance and looks",I love these blankets.,positive,positive,positive,both_correct,4,False
1536,1,"comfort, softness and texture","They are cozy, but lightweight.",positive,negative,negative,both_wrong,5,True
1536,1,product quality and performance,"They are cozy, but lightweight.",positive,negative,negative,both_wrong,5,True
1536,2,"comfort, softness and texture",They can be used for swaddling or just covering baby.,negative,negative,negative,both_correct,10,False
1536,3,"comfort, softness and texture",They are super soft when you wash them.,positive,positive,positive,both_correct,8,False
1536,3,product quality and performance,They are super soft when you wash them.,positive,positive,positive,both_correct,8,False
1536,3,"durability, washability and longevity",They are super soft when you wash them.,positive,positive,positive,both_correct,8,False
1536,4,"design, appearance and looks","They look so nice, too.",positive,positive,positive,both_correct,5,False
1536,4,product quality and performance,"They look so nice, too.",positive,positive,positive,both_correct,5,False
1541,0,"comfort, softness and texture",I love this play mat.,positive,positive,positive,both_correct,5,False
1541,0,product quality and performance,I love this play mat.,positive,positive,positive,both_correct,5,False
1541,1,product quality and performance,"It isn't the easiest to store, but that was really my only problem with it.",negative,negative,negative,both_correct,15,True
1541,2,"comfort, softness and texture",It is a plastic/foam type mat.,negative,positive,negative,bert_fixes_baseline_error,6,False
1541,2,"design, appearance and looks",It is a plastic/foam type mat.,negative,positive,negative,bert_fixes_baseline_error,6,False
1541,3,"durability, washability and longevity",It is great outside because you can easily hose it off if needed.,positive,negative,positive,bert_fixes_baseline_error,13,False
1541,3,product quality and performance,It is great outside because you can easily hose it off if needed.,positive,negative,positive,bert_fixes_baseline_error,13,False
1541,5,"durability, washability and longevity",Because the mat is easily washable.,negative,negative,negative,both_correct,6,False
1541,5,"comfort, softness and texture",Because the mat is easily washable.,negative,negative,negative,both_correct,6,False
1543,0,"design, appearance and looks",This car seat is really nice.,positive,positive,positive,both_correct,6,False
1543,0,product quality and performance,This car seat is really nice.,positive,positive,positive,both_correct,6,False
1543,1,"design, appearance and looks",The fabric is really luxe-looking and great for a boy or girl.,positive,positive,positive,both_correct,12,False
1543,1,"comfort, softness and texture",The fabric is really luxe-looking and great for a boy or girl.,positive,positive,positive,both_correct,12,False
1543,2,"ease of use, assembly and convenience",It comes with a base.,positive,negative,positive,bert_fixes_baseline_error,5,False
1543,2,"comfort, softness and texture",It comes with a base.,positive,negative,positive,bert_fixes_baseline_error,5,False
1543,3,"ease of use, assembly and convenience",The seat is easily transportable and isn't super heavy.,positive,negative,negative,both_wrong,9,True
1543,3,product quality and performance,The seat is easily transportable and isn't super heavy.,positive,negative,negative,both_wrong,9,True
1543,4,product quality and performance,It is really good quality.,positive,positive,positive,both_correct,5,False
1543,4,"design, appearance and looks",It is really good quality.,positive,positive,positive,both_correct,5,False
1543,5,"ease of use, assembly and convenience",The base is easy to install.,positive,positive,positive,both_correct,6,False
1543,5,product quality and performance,The base is easy to install.,positive,positive,positive,both_correct,6,False
1545,0,"comfort, softness and texture",This is a decent baby lotion.,positive,positive,positive,both_correct,6,False
1545,0,product quality and performance,This is a decent baby lotion.,positive,positive,positive,both_correct,6,False
1545,1,product quality and performance,It doesn't bother the baby's skin at all.,negative,positive,positive,both_wrong,8,True
1545,1,"comfort, softness and texture",It doesn't bother the baby's skin at all.,negative,positive,positive,both_wrong,8,True
1545,4,product quality and performance,"It doesn't aggravate skin, but it doesn't seem to be super healing on rashes or anything.",negative,negative,negative,both_correct,16,True
1562,0,"durability, washability and longevity","I have been cloth diapering for 13 years, so I've used quite a few diaper covers.",negative,negative,negative,both_correct,16,False
1562,1,"size, dimensions and fit",These are a little more narrow than a Thirsties Duo Wrap or Rumparooz One-Size Cover.,negative,negative,negative,both_correct,15,False
1562,1,"design, appearance and looks",These are a little more narrow than a Thirsties Duo Wrap or Rumparooz One-Size Cover.,negative,negative,negative,both_correct,15,False
1562,2,"design, appearance and looks",It is super thick.,negative,positive,negative,bert_fixes_baseline_error,4,False
1562,2,product quality and performance,It is super thick.,negative,positive,negative,bert_fixes_baseline_error,4,False
1562,3,"size, dimensions and fit","So when buttoned down to the smallest size, it is quite bulky.",negative,negative,negative,both_correct,12,False
1562,4,product quality and performance,It is also not at all breathable and can be quite hot.,negative,positive,negative,bert_fixes_baseline_error,12,True
1562,5,"ease of use, assembly and convenience",There are two interior snaps for a snap-in all-in-two style diaper.,negative,negative,negative,both_correct,11,False
1562,5,safety for babies and children,There are two interior snaps for a snap-in all-in-two style diaper.,negative,negative,negative,both_correct,11,False
1562,6,"price, cost and value for money","We don't use them that way, we use flat diapers, so the snaps are just unnecessary bits for us.",negative,negative,negative,both_correct,19,True
1562,6,"ease of use, assembly and convenience","We don't use them that way, we use flat diapers, so the snaps are just unnecessary bits for us.",negative,negative,negative,both_correct,19,True
1562,8,safety for babies and children,"They don't seem to bother the baby, but the thought of her sitting on those snaps all day bothers me.",negative,negative,negative,both_correct,20,True
1562,9,product quality and performance,They don't leak.,positive,positive,positive,both_correct,3,True
1562,9,"durability, washability and longevity",They don't leak.,positive,positive,positive,both_correct,3,True
1562,10,product quality and performance,The gussets offer decent protection around the thighs.,positive,positive,positive,both_correct,8,False
1562,10,"comfort, softness and texture",The gussets offer decent protection around the thighs.,positive,positive,positive,both_correct,8,False
1562,11,"size, dimensions and fit",These easily fit my newborn at about 9 lbs.,positive,positive,positive,both_correct,9,False
1562,11,product quality and performance,These easily fit my newborn at about 9 lbs.,positive,positive,positive,both_correct,9,False
1563,0,product quality and performance,I use these for cloth diapers in an Ikea trash can with a lid.,negative,negative,negative,both_correct,14,False
1563,0,"price, cost and value for money",I use these for cloth diapers in an Ikea trash can with a lid.,negative,negative,negative,both_correct,14,False
1563,1,product quality and performance,It is a little difficult to get the lid of the trash can on because of the thickness of the liner.,negative,negative,negative,both_correct,21,False
1563,2,product quality and performance,"However, they work well.",positive,positive,positive,both_correct,4,True
1563,2,"durability, washability and longevity","However, they work well.",positive,positive,positive,both_correct,4,True
1563,3,"durability, washability and longevity",They keep everything contained and I just toss them into the washing machine when I wash diapers.,negative,negative,negative,both_correct,17,False
1563,3,"ease of use, assembly and convenience",They keep everything contained and I just toss them into the washing machine when I wash diapers.,negative,negative,negative,both_correct,17,False
1563,4,"design, appearance and looks",I can't figure out if I should use them inside out or not to have the part showing outside the can look a little better.,negative,negative,negative,both_correct,25,True
1572,0,safety for babies and children,My first baby carrier was a Bjorn.,positive,negative,positive,bert_fixes_baseline_error,7,False
1572,0,"ease of use, assembly and convenience",My first baby carrier was a Bjorn.,positive,negative,positive,bert_fixes_baseline_error,7,False
1572,1,product quality and performance,It was awful.,negative,negative,negative,both_correct,3,False
1572,2,product quality and performance,This one is a little better.,positive,positive,positive,both_correct,6,False
1572,3,safety for babies and children,It is primarily for smaller babies.,positive,negative,positive,bert_fixes_baseline_error,6,False
1572,3,"size, dimensions and fit",It is primarily for smaller babies.,positive,negative,positive,bert_fixes_baseline_error,6,False
1572,4,product quality and performance,"While this isn't my favorite carrier for a little baby, it definitely does work and is moderately comfortable.",positive,positive,positive,both_correct,18,True
1572,5,safety for babies and children,"Once baby goes over 15 lbs, you're going to want a different carrier.",negative,negative,negative,both_correct,13,False
1572,5,"size, dimensions and fit","Once baby goes over 15 lbs, you're going to want a different carrier.",negative,negative,negative,both_correct,13,False
1586,1,"design, appearance and looks","First, the bottles are really nice.",positive,positive,positive,both_correct,6,False
1586,1,product quality and performance,"First, the bottles are really nice.",positive,positive,positive,both_correct,6,False
1586,2,product quality and performance,They are glass with a silicone sleeve to help keep hem from breaking.,negative,negative,negative,both_correct,13,False
1586,2,"design, appearance and looks",They are glass with a silicone sleeve to help keep hem from breaking.,negative,negative,negative,both_correct,13,False
1586,3,"ease of use, assembly and convenience","The nipples are standard sized, so it is easy to swap to rubber if you prefer.",negative,positive,negative,bert_fixes_baseline_error,16,False
1586,5,"ease of use, assembly and convenience",It only has 2 sippy lids.,negative,negative,negative,both_correct,6,False
1586,5,safety for babies and children,It only has 2 sippy lids.,negative,negative,negative,both_correct,6,False
1586,6,"price, cost and value for money",For 6 bottles.,positive,negative,negative,both_wrong,3,False
1586,7,"design, appearance and looks",2 sippy lids.,negative,negative,negative,both_correct,3,False
1586,7,safety for babies and children,2 sippy lids.,negative,negative,negative,both_correct,3,False
1586,8,"price, cost and value for money","So to fully transition from bottle to sippy without having to buy all new cups, you still have to buy 4 more lids so all the bottles can have a lid.",negative,negative,negative,both_correct,31,False
1586,9,"price, cost and value for money","I know only 2 of the bottles are the larger size, but the smaller size are good for juice or things you may not want a huge glass of for an older baby.",positive,positive,positive,both_correct,33,True
1586,10,safety for babies and children,"I also found the sippy lid with the silicone inside was too difficult for my baby to drink from, but she did fine once I removed the internal silicone part of the sippy lid.",positive,negative,positive,bert_fixes_baseline_error,34,True
1586,10,product quality and performance,"I also found the sippy lid with the silicone inside was too difficult for my baby to drink from, but she did fine once I removed the internal silicone part of the sippy lid.",positive,negative,positive,bert_fixes_baseline_error,34,True
1586,11,safety for babies and children,"Which means it isn't spill proof, but it is much easier for her to drink from.",negative,positive,negative,bert_fixes_baseline_error,16,True
1586,11,product quality and performance,"Which means it isn't spill proof, but it is much easier for her to drink from.",negative,positive,negative,bert_fixes_baseline_error,16,True
1595,2,"comfort, softness and texture",This doesn't bother her sensitive skin at all.,negative,positive,positive,both_wrong,8,True
1595,5,product quality and performance,"So while I do miss the lack of baby scent, it works well.",positive,positive,positive,both_correct,13,False
1595,6,"durability, washability and longevity",Lathers well.,positive,positive,positive,both_correct,2,False
1595,6,"comfort, softness and texture",Lathers well.,positive,positive,positive,both_correct,2,False
1595,7,product quality and performance,Rinses well.,positive,positive,positive,both_correct,2,False
1595,7,"durability, washability and longevity",Rinses well.,positive,positive,positive,both_correct,2,False
1595,8,"comfort, softness and texture",Perfect for sentive skin.,positive,positive,positive,both_correct,4,False
1595,8,product quality and performance,Perfect for sentive skin.,positive,positive,positive,both_correct,4,False
1597,0,product quality and performance,This thermometer seems pretty accurate.,positive,positive,positive,both_correct,5,False
1597,1,"ease of use, assembly and convenience",It is really easy to use.,positive,positive,positive,both_correct,6,False
1597,1,product quality and performance,It is really easy to use.,positive,positive,positive,both_correct,6,False
1597,2,"ease of use, assembly and convenience",It makes it really easy to check a temp without bothering the kid much at all.,positive,negative,positive,bert_fixes_baseline_error,16,False
1597,2,product quality and performance,It makes it really easy to check a temp without bothering the kid much at all.,positive,negative,positive,bert_fixes_baseline_error,16,False
1603,0,product quality and performance,"For the most part, I like this booster seat.",positive,positive,positive,both_correct,9,False
1603,0,"design, appearance and looks","For the most part, I like this booster seat.",positive,positive,positive,both_correct,9,False
1603,1,product quality and performance,It is comfortable.,positive,positive,positive,both_correct,3,False
1603,1,"ease of use, assembly and convenience",It is comfortable.,positive,positive,positive,both_correct,3,False
1603,1,"comfort, softness and texture",It is comfortable.,positive,positive,positive,both_correct,3,False
1603,2,"comfort, softness and texture",Easy to use.,positive,positive,positive,both_correct,3,False
1603,2,product quality and performance,Easy to use.,positive,positive,positive,both_correct,3,False
1603,2,"ease of use, assembly and convenience",Easy to use.,positive,positive,positive,both_correct,3,False
1603,3,"ease of use, assembly and convenience",Easy to install.,positive,positive,positive,both_correct,3,False
1603,3,product quality and performance,Easy to install.,positive,positive,positive,both_correct,3,False
1603,4,product quality and performance,The upper belt positioner is pretty terrible.,negative,negative,negative,both_correct,7,False
1603,4,"design, appearance and looks",The upper belt positioner is pretty terrible.,negative,negative,negative,both_correct,7,False
1603,5,product quality and performance,"It doesn't stay on the seatbelt well, so it requires reinstalling it every use.",negative,positive,negative,bert_fixes_baseline_error,14,True
1603,6,"size, dimensions and fit","The seat is also on the narrow side, which isn't great since, in my mind, this booster seat is really for older kids.",negative,positive,negative,bert_fixes_baseline_error,23,True
1603,6,product quality and performance,"The seat is also on the narrow side, which isn't great since, in my mind, this booster seat is really for older kids.",negative,positive,negative,bert_fixes_baseline_error,23,True
1603,7,"size, dimensions and fit",My 7 year old (wears a size 6 clothing) is a little wider than the seat already.,positive,positive,positive,both_correct,17,False
1603,7,safety for babies and children,My 7 year old (wears a size 6 clothing) is a little wider than the seat already.,positive,positive,positive,both_correct,17,False
1603,8,"size, dimensions and fit","He says he doesn't mind, but I'm not sure how long this seat will fit him.",negative,negative,negative,both_correct,16,True
1603,8,safety for babies and children,"He says he doesn't mind, but I'm not sure how long this seat will fit him.",negative,negative,negative,both_correct,16,True
1603,9,product quality and performance,The mifold is a much better option.,positive,positive,positive,both_correct,7,False
1603,9,"ease of use, assembly and convenience",The mifold is a much better option.,positive,positive,positive,both_correct,7,False
1611,0,product quality and performance,This mat/plate fits our IKEA high chair tray perfectly.,positive,positive,positive,both_correct,9,False
1611,0,"ease of use, assembly and convenience",This mat/plate fits our IKEA high chair tray perfectly.,positive,positive,positive,both_correct,9,False
1611,0,"size, dimensions and fit",This mat/plate fits our IKEA high chair tray perfectly.,positive,positive,positive,both_correct,9,False
1611,1,product quality and performance,It sticks down and is really hard to move.,negative,negative,negative,both_correct,9,False
1611,1,"design, appearance and looks",It sticks down and is really hard to move.,negative,negative,negative,both_correct,9,False
1611,3,"comfort, softness and texture",I love the feel of the plate.,positive,positive,positive,both_correct,7,False
1611,3,"design, appearance and looks",I love the feel of the plate.,positive,positive,positive,both_correct,7,False
1611,4,"comfort, softness and texture","It is silicone, so it is very soft.",positive,positive,positive,both_correct,8,False
1611,4,product quality and performance,"It is silicone, so it is very soft.",positive,positive,positive,both_correct,8,False
1611,6,product quality and performance,It washes super easily.,negative,positive,negative,bert_fixes_baseline_error,4,False
1611,6,"durability, washability and longevity",It washes super easily.,negative,positive,negative,bert_fixes_baseline_error,4,False
1611,7,safety for babies and children,I'm not sure I'd want to stick it in the diaper bag and take it out to eat or anything.,negative,negative,negative,both_correct,20,True
1611,7,"price, cost and value for money",I'm not sure I'd want to stick it in the diaper bag and take it out to eat or anything.,negative,negative,negative,both_correct,20,True
1611,8,safety for babies and children,But I am pretty minimalist about what I actually take in my diaper bag.,negative,negative,negative,both_correct,14,True
1612,0,"design, appearance and looks",This mirror is very large.,positive,positive,positive,both_correct,5,False
1612,0,"size, dimensions and fit",This mirror is very large.,positive,positive,positive,both_correct,5,False
1612,1,"ease of use, assembly and convenience",The three straps make it easy to place on a headrest.,negative,positive,positive,both_wrong,11,False
1612,1,product quality and performance,The three straps make it easy to place on a headrest.,negative,negative,positive,bert_introduces_new_error,11,False
1612,2,"size, dimensions and fit","My headrest are narrow, so I usually have one of the vertical straps slipping off the side.",negative,negative,negative,both_correct,17,False
1612,2,product quality and performance,"My headrest are narrow, so I usually have one of the vertical straps slipping off the side.",negative,negative,negative,both_correct,17,False
1612,3,product quality and performance,But the thing is still very secure.,positive,positive,positive,both_correct,7,True
1612,3,"durability, washability and longevity",But the thing is still very secure.,positive,positive,positive,both_correct,7,True
1612,4,"design, appearance and looks",The mirror looks good.,positive,positive,positive,both_correct,4,False
1612,4,product quality and performance,The mirror looks good.,positive,positive,positive,both_correct,4,False
1612,5,"design, appearance and looks",I just have issues trying to angle the mirror down to properly reflect the baby's face.,negative,negative,negative,both_correct,16,False
1612,6,"design, appearance and looks",It isn't very easy to get just the right angle.,negative,negative,negative,both_correct,10,True
1612,7,product quality and performance,There is a lot of trial and error to get it perfect.,positive,positive,negative,bert_introduces_new_error,12,False
1615,0,product quality and performance,"So, this jumper has some goods and some bads.",negative,negative,negative,both_correct,9,False
1615,2,"size, dimensions and fit",My 7 month old is very short.,negative,negative,negative,both_correct,7,False
1615,2,safety for babies and children,My 7 month old is very short.,negative,negative,negative,both_correct,7,False
1615,4,"ease of use, assembly and convenience",She even uses it on the second rung! It is also super easy to adjust!,positive,positive,positive,both_correct,15,False
1615,4,product quality and performance,She even uses it on the second rung! It is also super easy to adjust!,positive,positive,positive,both_correct,15,False
1615,5,"design, appearance and looks",I absolutely love that aspect.,positive,positive,positive,both_correct,5,False
1615,5,"comfort, softness and texture",I absolutely love that aspect.,positive,positive,positive,both_correct,5,False
1615,6,product quality and performance,It adjusts easily without it being dangerous or me thinking it will fall.,positive,positive,positive,both_correct,13,False
1615,6,"ease of use, assembly and convenience",It adjusts easily without it being dangerous or me thinking it will fall.,positive,positive,positive,both_correct,13,False
1615,7,product quality and performance,"Believe me, I have had several various jumpers over the years and some of them are so difficult to raise or lower the height.",negative,negative,negative,both_correct,24,False
1615,8,"ease of use, assembly and convenience",This one is so simple. It was pretty easy to put together.,positive,positive,positive,both_correct,12,False
1615,8,"design, appearance and looks",This one is so simple. It was pretty easy to put together.,positive,positive,positive,both_correct,12,False
1615,9,"ease of use, assembly and convenience","I'm pretty good at baby ""stuff"" assembly by now (seven kids), but it really wasn't too difficult at all.<br",positive,positive,positive,both_correct,19,True
1615,12,"design, appearance and looks","My daughter would likely stay in it longer if there wasn't so much stuff all up in her face. Next, it isn't the most stable looking.",negative,negative,negative,both_correct,26,True
1615,13,product quality and performance,"When she jumps around, the tray bangs into the arms and the entire thing shakes and rocks.",positive,negative,positive,bert_fixes_baseline_error,17,False
1615,13,"design, appearance and looks","When she jumps around, the tray bangs into the arms and the entire thing shakes and rocks.",positive,negative,positive,bert_fixes_baseline_error,17,False
1615,14,"design, appearance and looks","I don't think it is going to topple over or anything, but the motion is pretty jarring",positive,negative,negative,both_wrong,17,True
1615,14,product quality and performance,"I don't think it is going to topple over or anything, but the motion is pretty jarring",positive,negative,negative,both_wrong,17,True
1615,16,product quality and performance,"Plus the noise of a dozen toys smashing into a metal pole over and over isn't pleasant. Overall, this isn't the worst jumper, but it still has a way to go from being the best.",positive,positive,positive,both_correct,35,True
1615,17,"size, dimensions and fit","If you've got a short baby, like me, this may be the best option because of the height.",positive,negative,positive,bert_fixes_baseline_error,18,False
1615,17,safety for babies and children,"If you've got a short baby, like me, this may be the best option because of the height.",positive,negative,positive,bert_fixes_baseline_error,18,False
1629,1,"comfort, softness and texture",They are really soft on the inside.,positive,positive,positive,both_correct,7,False
1629,1,"durability, washability and longevity",They are really soft on the inside.,positive,positive,positive,both_correct,7,False
1629,2,product quality and performance,I have had no problems with leaking at all.,positive,positive,positive,both_correct,9,True
1629,3,"design, appearance and looks",The interior is a bit quilted looking.,positive,negative,negative,both_wrong,7,False
1629,3,"comfort, softness and texture",The interior is a bit quilted looking.,positive,negative,negative,both_wrong,7,False
1629,4,product quality and performance,These fit my two year old really well.,positive,positive,positive,both_correct,8,False
1629,4,"comfort, softness and texture",These fit my two year old really well.,positive,positive,positive,both_correct,8,False
1629,4,"size, dimensions and fit",These fit my two year old really well.,positive,positive,positive,both_correct,8,False
1660,0,"price, cost and value for money","Ordinarily, if I had a cup with 9 parts, I'd be a little mad and would hate it.",negative,negative,negative,both_correct,18,False
1660,2,"ease of use, assembly and convenience","However, this cup and its 9 parts make sense.",positive,positive,positive,both_correct,9,True
1660,2,product quality and performance,"However, this cup and its 9 parts make sense.",positive,positive,positive,both_correct,9,True
1660,4,"durability, washability and longevity",It can be completely removed from the plastic outer parts for cleaning.,negative,negative,negative,both_correct,12,False
1660,5,"size, dimensions and fit",And it has the measurement markings on the glass.,negative,negative,negative,both_correct,9,False
1660,5,"design, appearance and looks",And it has the measurement markings on the glass.,negative,negative,negative,both_correct,9,False
1660,6,product quality and performance,The glass is pretty thick and sturdy feeling.<br,positive,positive,positive,both_correct,8,False
1660,6,"durability, washability and longevity",The glass is pretty thick and sturdy feeling.<br,positive,positive,positive,both_correct,8,False
1660,7,"design, appearance and looks",you have the plastic outer parts.,negative,negative,negative,both_correct,6,False
1660,7,"durability, washability and longevity",you have the plastic outer parts.,negative,negative,negative,both_correct,6,False
1660,8,product quality and performance,They hold the glass bottle securely.,positive,negative,positive,bert_fixes_baseline_error,6,False
1660,8,"durability, washability and longevity",They hold the glass bottle securely.,positive,negative,positive,bert_fixes_baseline_error,6,False
1660,9,safety for babies and children,And they keep you from having a broken cup every single time your toddler tosses their cup.,positive,negative,positive,bert_fixes_baseline_error,17,False
1660,9,"durability, washability and longevity",And they keep you from having a broken cup every single time your toddler tosses their cup.,positive,negative,negative,both_wrong,17,False
1660,13,safety for babies and children,It is vented so water can't get trapped up in there. You also get the toddler training handles.,positive,negative,positive,bert_fixes_baseline_error,18,True
1660,13,product quality and performance,It is vented so water can't get trapped up in there. You also get the toddler training handles.,positive,negative,positive,bert_fixes_baseline_error,18,True
1660,16,"price, cost and value for money",There is a solid cap for traveling.,positive,negative,positive,bert_fixes_baseline_error,7,False
1660,16,product quality and performance,There is a solid cap for traveling.,positive,negative,positive,bert_fixes_baseline_error,7,False
1660,17,"ease of use, assembly and convenience","You can pop it directly into the O ring or you can place it under the O ring, if you're wanting to leave the sippy spout on the cup.",negative,negative,negative,both_correct,29,False
1660,17,"design, appearance and looks","You can pop it directly into the O ring or you can place it under the O ring, if you're wanting to leave the sippy spout on the cup.",negative,negative,negative,both_correct,29,False
1660,18,safety for babies and children,You also get a silicone sippy spout.,negative,negative,negative,both_correct,7,False
1660,19,"comfort, softness and texture",It is soft and spill resistant.,positive,positive,positive,both_correct,6,False
1660,19,product quality and performance,It is soft and spill resistant.,positive,positive,positive,both_correct,6,False
1660,20,"size, dimensions and fit",And you get a silicone straw that fits into the O ring.,negative,negative,negative,both_correct,12,False
1660,20,"ease of use, assembly and convenience",And you get a silicone straw that fits into the O ring.,negative,negative,negative,both_correct,12,False
1660,21,"ease of use, assembly and convenience","It is in two pieces, so if your little one likes a straw, but always tips the cup, you can just use the straw top without the straw bottom.",negative,negative,negative,both_correct,29,True
1660,21,safety for babies and children,"It is in two pieces, so if your little one likes a straw, but always tips the cup, you can just use the straw top without the straw bottom.",negative,negative,negative,both_correct,29,True
1660,24,product quality and performance,"It also has a lid to cover either spout. This is a really smart, versitile cup.",positive,negative,positive,bert_fixes_baseline_error,16,False
1660,24,"design, appearance and looks","It also has a lid to cover either spout. This is a really smart, versitile cup.",positive,negative,positive,bert_fixes_baseline_error,16,False
1660,26,"ease of use, assembly and convenience",It is a very clever and user friendly design.,positive,positive,positive,both_correct,9,False
1660,26,"design, appearance and looks",It is a very clever and user friendly design.,positive,positive,positive,both_correct,9,False
1672,2,product quality and performance,"So, the good stuff about it first, I guess.",positive,positive,positive,both_correct,9,False
1672,2,"design, appearance and looks","So, the good stuff about it first, I guess.",positive,positive,positive,both_correct,9,False
1672,3,"design, appearance and looks",The color is awesome.,positive,positive,positive,both_correct,4,False
1672,4,"comfort, softness and texture",The fabric is super soft.,positive,positive,positive,both_correct,5,False
1672,4,product quality and performance,The fabric is super soft.,positive,positive,positive,both_correct,5,False
1672,5,"comfort, softness and texture",It is also really light weight.,positive,positive,positive,both_correct,6,False
1672,5,product quality and performance,It is also really light weight.,positive,positive,positive,both_correct,6,False
1672,8,"ease of use, assembly and convenience",I have owned several different nursing covers and even made several myself.,negative,positive,negative,bert_fixes_baseline_error,12,False
1672,8,"design, appearance and looks",I have owned several different nursing covers and even made several myself.,negative,positive,negative,bert_fixes_baseline_error,12,False
1672,10,"design, appearance and looks","As a scarf, it is odd.",negative,negative,negative,both_correct,6,False
1672,11,"design, appearance and looks","You have a strap, some snaps, and a sheer bit on it that is just supposed to somehow be okay as a scarf.",negative,negative,positive,bert_introduces_new_error,23,False
1672,12,"size, dimensions and fit","I found it too long for one loop around the neck, but slightly too short when I do two.",negative,negative,negative,both_correct,19,True
1672,12,product quality and performance,"I found it too long for one loop around the neck, but slightly too short when I do two.",negative,negative,negative,both_correct,19,True
1672,14,product quality and performance,"And the fabric, being jersey, means you can't really spread and fluff it, it just lays tight and short to you.",positive,positive,negative,bert_introduces_new_error,21,True
1672,14,"design, appearance and looks","And the fabric, being jersey, means you can't really spread and fluff it, it just lays tight and short to you.",positive,positive,negative,bert_introduces_new_error,21,True
1672,14,"size, dimensions and fit","And the fabric, being jersey, means you can't really spread and fluff it, it just lays tight and short to you.",positive,positive,negative,bert_introduces_new_error,21,True
1672,15,"size, dimensions and fit",Then you have to try to tuck all the extra stuff in.,negative,negative,negative,both_correct,12,False
1672,15,"packaging, shipping and delivery",Then you have to try to tuck all the extra stuff in.,negative,negative,negative,both_correct,12,False
1672,17,product quality and performance,It makes a really terrible scarf.,negative,negative,negative,both_correct,6,False
1672,17,"design, appearance and looks",It makes a really terrible scarf.,negative,negative,negative,both_correct,6,False
1672,19,"size, dimensions and fit",It is a giant tube that goes around you with a thin strap at the top.,negative,negative,negative,both_correct,16,False
1672,19,"design, appearance and looks",It is a giant tube that goes around you with a thin strap at the top.,negative,negative,negative,both_correct,16,False
1672,20,"design, appearance and looks",It has a clear panel to see the baby.,positive,positive,positive,both_correct,9,False
1672,20,safety for babies and children,It has a clear panel to see the baby.,positive,positive,positive,both_correct,9,False
1672,21,"design, appearance and looks","But it is just low and you can see through the sheer part, so I feel like it doesn't do any good hiding the top of the boob.",negative,negative,negative,both_correct,28,True
1672,23,"design, appearance and looks",It hides the baby and your muffin top.,negative,positive,negative,bert_fixes_baseline_error,8,False
1672,23,"comfort, softness and texture",It hides the baby and your muffin top.,negative,positive,negative,bert_fixes_baseline_error,8,False
1672,25,"design, appearance and looks",Summary: Not Cute.,negative,positive,negative,bert_fixes_baseline_error,3,True
1679,0,product quality and performance,This sunblock stick is decent.,positive,positive,positive,both_correct,5,False
1679,1,"comfort, softness and texture",It is gentle on the skin.,positive,positive,positive,both_correct,6,False
1679,1,product quality and performance,It is gentle on the skin.,positive,positive,positive,both_correct,6,False
1679,2,product quality and performance,It provides adequate protection.,positive,positive,positive,both_correct,4,False
1679,2,"durability, washability and longevity",It provides adequate protection.,positive,positive,positive,both_correct,4,False
1679,3,product quality and performance,It doesn't clog pores.,positive,negative,positive,bert_fixes_baseline_error,4,True
1679,3,"comfort, softness and texture",It doesn't clog pores.,positive,negative,positive,bert_fixes_baseline_error,4,True
1679,4,"design, appearance and looks",I like it.,positive,positive,positive,both_correct,3,False
1679,4,product quality and performance,I like it.,positive,positive,positive,both_correct,3,False
1679,5,product quality and performance,My only complaint about the stick is that your skin has to be completely dry to get it to rub on.,negative,negative,negative,both_correct,21,False
1679,6,product quality and performance,It is so thick that the slightest amount of sweat makes it incredibly difficult to rub on.,negative,negative,negative,both_correct,17,False
1679,6,"durability, washability and longevity",It is so thick that the slightest amount of sweat makes it incredibly difficult to rub on.,negative,negative,negative,both_correct,17,False
1679,7,safety for babies and children,You have to dry your kid's face completely.,negative,negative,negative,both_correct,8,False
1679,7,"design, appearance and looks",You have to dry your kid's face completely.,negative,negative,negative,both_correct,8,False
1679,8,safety for babies and children,"I also tried rubbing it on my hands and then rubbing it on the baby's face, and that didn't work out so well, either.",negative,positive,negative,bert_fixes_baseline_error,24,True
1679,8,product quality and performance,"I also tried rubbing it on my hands and then rubbing it on the baby's face, and that didn't work out so well, either.",negative,positive,negative,bert_fixes_baseline_error,24,True
1679,9,"size, dimensions and fit",You just couldn't get it thick enough in your hand to spread.,negative,negative,negative,both_correct,12,True
1679,9,product quality and performance,You just couldn't get it thick enough in your hand to spread.,negative,negative,negative,both_correct,12,True
1679,10,product quality and performance,You really need to use it directly from stick to dry skin.,negative,negative,negative,both_correct,12,False
1683,0,"ease of use, assembly and convenience",This infant insert fits all Ergo soft-structured carriers.,negative,positive,positive,both_wrong,8,False
1683,0,"comfort, softness and texture",This infant insert fits all Ergo soft-structured carriers.,negative,positive,positive,both_wrong,8,False
1683,0,"size, dimensions and fit",This infant insert fits all Ergo soft-structured carriers.,negative,positive,positive,both_wrong,8,False
1683,1,"packaging, shipping and delivery",(It says so on the box.),negative,negative,negative,both_correct,6,False
1683,1,"price, cost and value for money",(It says so on the box.),negative,negative,negative,both_correct,6,False
1683,2,safety for babies and children,It allows you to use your Ergo on a tiny baby.,positive,positive,positive,both_correct,11,False
1683,2,"ease of use, assembly and convenience",It allows you to use your Ergo on a tiny baby.,positive,positive,positive,both_correct,11,False
1683,3,"ease of use, assembly and convenience","I still usually prefer a wrap for a tiny baby, but sometimes the Ergo with the infant insert is just easier.",negative,negative,negative,both_correct,21,True
1683,4,"design, appearance and looks",(And my husband doesn't like wraps.,negative,negative,negative,both_correct,6,True
1683,5,product quality and performance,So this allows him to wear the baby months sooner.,negative,negative,negative,both_correct,10,False
1683,5,safety for babies and children,So this allows him to wear the baby months sooner.,negative,negative,negative,both_correct,10,False
1685,0,"design, appearance and looks",These little diaper covers are adorable.,positive,positive,positive,both_correct,6,False
1685,0,"comfort, softness and texture",These little diaper covers are adorable.,positive,positive,positive,both_correct,6,False
1685,1,"design, appearance and looks",The little gift box they come in is just as adorable.,positive,positive,positive,both_correct,11,False
1685,2,safety for babies and children,"They are on the smaller side of 6-12 months, particularly if you cloth diaper.",negative,negative,negative,both_correct,14,False
1685,2,"size, dimensions and fit","They are on the smaller side of 6-12 months, particularly if you cloth diaper.",negative,negative,negative,both_correct,14,False
1685,3,"design, appearance and looks",The diaper cover is seersucker with an adorable ocean animal appliqué on the bum.,positive,negative,positive,bert_fixes_baseline_error,14,False
1685,3,"comfort, softness and texture",The diaper cover is seersucker with an adorable ocean animal appliqué on the bum.,positive,negative,positive,bert_fixes_baseline_error,14,False
1687,0,"ease of use, assembly and convenience","This review is for the G3 seat used with the base. Out of the box, there is minimal to do for this seat.",negative,negative,negative,both_correct,23,False
1687,0,product quality and performance,"This review is for the G3 seat used with the base. Out of the box, there is minimal to do for this seat.",negative,negative,negative,both_correct,23,False
1687,1,product quality and performance,You add the bar on.,positive,positive,positive,both_correct,5,False
1687,1,"price, cost and value for money",You add the bar on.,positive,negative,positive,bert_fixes_baseline_error,5,False
1687,2,"ease of use, assembly and convenience",Add the footrest on.,positive,positive,positive,both_correct,4,False
1687,2,"comfort, softness and texture",Add the footrest on.,positive,positive,positive,both_correct,4,False
1687,3,"ease of use, assembly and convenience",Clip the snack tray onto the bar.,negative,negative,negative,both_correct,7,False
1687,3,"design, appearance and looks",Clip the snack tray onto the bar.,negative,negative,negative,both_correct,7,False
1687,4,"ease of use, assembly and convenience",Place the whole thing on your stroller base (purchased separately) and you're done. The seat is super cozy.,positive,positive,positive,both_correct,18,False
1687,4,"comfort, softness and texture",Place the whole thing on your stroller base (purchased separately) and you're done. The seat is super cozy.,positive,positive,positive,both_correct,18,False
1687,5,"comfort, softness and texture",It reclines significantly.,positive,negative,positive,bert_fixes_baseline_error,3,False
1687,5,"design, appearance and looks",It reclines significantly.,positive,negative,positive,bert_fixes_baseline_error,3,False
1687,6,"durability, washability and longevity",The foot rest extends for growing use.,positive,positive,positive,both_correct,7,False
1687,6,"ease of use, assembly and convenience",The foot rest extends for growing use.,positive,positive,positive,both_correct,7,False
1687,7,"ease of use, assembly and convenience",The snack tray bar easily unclips to get baby in and out.,negative,negative,negative,both_correct,12,False
1687,7,safety for babies and children,The snack tray bar easily unclips to get baby in and out.,negative,negative,negative,both_correct,12,False
1687,8,"ease of use, assembly and convenience",The straps adjust easily.,positive,positive,positive,both_correct,4,False
1687,8,product quality and performance,The straps adjust easily.,positive,positive,positive,both_correct,4,False
1687,9,product quality and performance,The five point harness seems very secure.,positive,positive,positive,both_correct,7,False
1687,9,"durability, washability and longevity",The five point harness seems very secure.,positive,positive,positive,both_correct,7,False
1687,10,safety for babies and children,My 20 lb. one year old fits with the straps on the smallest setting.,negative,positive,positive,both_wrong,14,False
1687,10,product quality and performance,My 20 lb. one year old fits with the straps on the smallest setting.,negative,positive,positive,both_wrong,14,False
1687,10,"size, dimensions and fit",My 20 lb. one year old fits with the straps on the smallest setting.,negative,positive,positive,both_wrong,14,False
1687,12,"comfort, softness and texture",The removable padding is super soft and plush.,positive,positive,positive,both_correct,8,False
1687,12,product quality and performance,The removable padding is super soft and plush.,positive,positive,positive,both_correct,8,False
1687,13,"ease of use, assembly and convenience",The seat sets into the base easily and I like that it can face me or away from me.,positive,positive,positive,both_correct,19,False
1687,13,"design, appearance and looks",The seat sets into the base easily and I like that it can face me or away from me.,positive,positive,positive,both_correct,19,False
1687,14,safety for babies and children,"(Sometimes they want to watch Mom, sometimes they want to watch the world.) I dislike that the snack tray has no cup holder for the baby.",negative,negative,negative,both_correct,26,True
1687,14,"design, appearance and looks","(Sometimes they want to watch Mom, sometimes they want to watch the world.) I dislike that the snack tray has no cup holder for the baby.",negative,positive,negative,bert_fixes_baseline_error,26,True
1687,15,safety for babies and children,He usually rides with his little sippy cup of water and maybe a snack.,negative,negative,negative,both_correct,14,False
1687,17,safety for babies and children,"To put the stroller into my car, I have to remove the seat and place it in the car separately from the folded up base (and the base doesn't compact all that small, it compacts to the size of the seat).",negative,negative,negative,both_correct,41,True
1687,17,"size, dimensions and fit","To put the stroller into my car, I have to remove the seat and place it in the car separately from the folded up base (and the base doesn't compact all that small, it compacts to the size of the seat).",negative,negative,negative,both_correct,41,True
1687,18,"ease of use, assembly and convenience","So, at a minimum with this system I have two pieces to deal with in my car.",negative,negative,negative,both_correct,17,False
1687,20,safety for babies and children,That defies my #1 rule for strollers.,positive,negative,positive,bert_fixes_baseline_error,7,False
1687,21,"ease of use, assembly and convenience",I like a stroller that I can pop in and out of the car while holding a baby.,positive,positive,positive,both_correct,18,False
1687,21,safety for babies and children,I like a stroller that I can pop in and out of the car while holding a baby.,positive,positive,positive,both_correct,18,False
1687,22,safety for babies and children,"As a mom of 5, it is asking a lot that I have to use my whole person to set up or tear down a stroller.",negative,positive,negative,bert_fixes_baseline_error,26,False
1687,22,"ease of use, assembly and convenience","As a mom of 5, it is asking a lot that I have to use my whole person to set up or tear down a stroller.",negative,positive,negative,bert_fixes_baseline_error,26,False
1687,24,safety for babies and children,/>I wouldn't really recommend this stroller.,negative,positive,negative,bert_fixes_baseline_error,6,True
1687,24,product quality and performance,/>I wouldn't really recommend this stroller.,negative,positive,negative,bert_fixes_baseline_error,6,True
1687,25,safety for babies and children,"While the baby rides like a little king on a throne, it is not mom friendly at all.",negative,negative,negative,both_correct,18,True
1688,0,"price, cost and value for money",This is a very expensive stroller with some major flaws.,negative,negative,negative,both_correct,10,False
1688,0,product quality and performance,This is a very expensive stroller with some major flaws.,negative,negative,negative,both_correct,10,False
1688,1,product quality and performance,(This review is for the frame with the G3 stroller seat.),negative,negative,negative,both_correct,11,False
1688,1,safety for babies and children,(This review is for the frame with the G3 stroller seat.),negative,negative,negative,both_correct,11,False
1688,2,"ease of use, assembly and convenience","Out of the box, there is not much to put together.",negative,negative,negative,both_correct,11,True
1688,3,"ease of use, assembly and convenience",You put the wheels on and you're done.,positive,positive,positive,both_correct,8,False
1688,3,product quality and performance,You put the wheels on and you're done.,positive,positive,positive,both_correct,8,False
1688,4,product quality and performance,It maneuvers well and is very sturdy.,positive,positive,positive,both_correct,7,False
1688,4,"durability, washability and longevity",It maneuvers well and is very sturdy.,positive,positive,positive,both_correct,7,False
1688,5,product quality and performance,"It only has foot brakes, but not the flip up and down kind.",negative,negative,negative,both_correct,13,True
1688,6,product quality and performance,"You press the red pedal on the right to stop, the green pedal on the left to go.",negative,positive,negative,bert_fixes_baseline_error,18,False
1688,6,"ease of use, assembly and convenience","You press the red pedal on the right to stop, the green pedal on the left to go.",negative,positive,negative,bert_fixes_baseline_error,18,False
1688,7,"ease of use, assembly and convenience","The handles are very adjustable, so it'd be a great stroller for a tall person.",positive,positive,positive,both_correct,15,False
1688,7,product quality and performance,"The handles are very adjustable, so it'd be a great stroller for a tall person.",positive,positive,positive,both_correct,15,False
1688,8,product quality and performance,"At 5'4"", I am using the handles on the lowest setting with no issues.",positive,positive,positive,both_correct,14,True
1688,8,"size, dimensions and fit","At 5'4"", I am using the handles on the lowest setting with no issues.",positive,positive,positive,both_correct,14,True
1688,9,"size, dimensions and fit",A very short person would find this stroller too tall.,negative,negative,negative,both_correct,10,False
1688,9,safety for babies and children,A very short person would find this stroller too tall.,negative,negative,negative,both_correct,10,False
1688,10,"design, appearance and looks",I love that the baby can face front or back.,positive,positive,positive,both_correct,10,False
1688,10,product quality and performance,I love that the baby can face front or back.,positive,positive,positive,both_correct,10,False
1688,11,product quality and performance,"The wheels are well made rubber, but do not require inflating.",positive,positive,positive,both_correct,11,True
1688,11,"comfort, softness and texture","The wheels are well made rubber, but do not require inflating.",positive,positive,positive,both_correct,11,True
1688,12,product quality and performance,"It wouldn't be the best stroller for jogging, but is good for walking and multiple terrains.",positive,positive,positive,both_correct,16,True
1688,13,product quality and performance,It also gives you plenty of walking room without the optional under storage.,positive,negative,positive,bert_fixes_baseline_error,13,False
1688,13,"size, dimensions and fit",It also gives you plenty of walking room without the optional under storage.,positive,negative,positive,bert_fixes_baseline_error,13,False
1688,14,safety for babies and children,You can walk normally without kicking into the stroller. <br,positive,negative,positive,bert_fixes_baseline_error,10,False
1688,14,"ease of use, assembly and convenience",You can walk normally without kicking into the stroller. <br,positive,positive,positive,both_correct,10,False
1688,17,product quality and performance,It comes apart in two pieces.,positive,negative,positive,bert_fixes_baseline_error,6,False
1688,18,product quality and performance,"The frame folds up, though not all that compactly, but it does fold.",positive,positive,positive,both_correct,13,True
1688,18,"design, appearance and looks","The frame folds up, though not all that compactly, but it does fold.",positive,positive,positive,both_correct,13,True
1688,19,product quality and performance,The seat doesn't fold at all.,negative,negative,negative,both_correct,6,True
1688,19,"durability, washability and longevity",The seat doesn't fold at all.,negative,negative,negative,both_correct,6,True
1688,20,"design, appearance and looks",So you have to remove the seat and then fold the frame.,negative,negative,negative,both_correct,12,False
1688,21,product quality and performance,"To set up, you have to unfold the frame and then put the seat on. It is a beast to have in your car.",positive,positive,positive,both_correct,24,False
1688,22,"size, dimensions and fit",You've got two not very compact pieces to tote around in the back of your car.,negative,negative,negative,both_correct,16,True
1688,22,"packaging, shipping and delivery",You've got two not very compact pieces to tote around in the back of your car.,negative,negative,negative,both_correct,16,True
1688,23,product quality and performance,"Yes, they fit.",positive,positive,positive,both_correct,3,False
1688,23,"size, dimensions and fit","Yes, they fit.",positive,positive,positive,both_correct,3,False
1688,25,product quality and performance,"When I put a regular water bottle into the cup holder, it bounces around like crazy.",positive,negative,positive,bert_fixes_baseline_error,16,False
1688,25,"design, appearance and looks","When I put a regular water bottle into the cup holder, it bounces around like crazy.",positive,negative,positive,bert_fixes_baseline_error,16,False
1688,26,"size, dimensions and fit",I guess I should be happy that a larger cup fits.,positive,positive,positive,both_correct,11,False
1688,29,"ease of use, assembly and convenience",But I hate walking and holding the water bottle in the holder to keep it from bouncing out. <br,negative,negative,negative,both_correct,19,True
1688,29,product quality and performance,But I hate walking and holding the water bottle in the holder to keep it from bouncing out. <br,negative,negative,negative,both_correct,19,True
1688,30,product quality and performance,/>Overall:,positive,positive,positive,both_correct,1,False
1688,31,safety for babies and children,I would not likely recommend this stroller.,negative,negative,negative,both_correct,7,True
1688,31,product quality and performance,I would not likely recommend this stroller.,negative,negative,negative,both_correct,7,True
1688,34,"size, dimensions and fit","It is like a little baby throne, but is so far from practical.",negative,positive,negative,bert_fixes_baseline_error,13,True
1698,0,product quality and performance,These work so perfectly with both prefold and flat diapers.,positive,positive,positive,both_correct,10,False
1698,0,"ease of use, assembly and convenience",These work so perfectly with both prefold and flat diapers.,positive,positive,positive,both_correct,10,False
1698,1,safety for babies and children,"I was initially concerned about the comfort of this product, particularly on a baby boy, but decided to try it and see.",positive,negative,positive,bert_fixes_baseline_error,22,True
1698,1,product quality and performance,"I was initially concerned about the comfort of this product, particularly on a baby boy, but decided to try it and see.",positive,negative,positive,bert_fixes_baseline_error,22,True
1698,2,"comfort, softness and texture",It has not been the least bit uncomfortable to him.,positive,negative,positive,bert_fixes_baseline_error,10,True
1698,3,product quality and performance,They are easy to use.,positive,positive,positive,both_correct,5,False
1698,3,"ease of use, assembly and convenience",They are easy to use.,positive,positive,positive,both_correct,5,False
1698,4,safety for babies and children,"A little difficult to store, because they grab onto everything.",negative,positive,negative,bert_fixes_baseline_error,10,False
1698,5,"ease of use, assembly and convenience",My solution was to hang them up with clothespins.,negative,negative,negative,both_correct,9,False
1698,5,"design, appearance and looks",My solution was to hang them up with clothespins.,negative,negative,negative,both_correct,9,False
1698,6,"design, appearance and looks",The white has discolored a little after having a breastfed baby get poop on it several times.,negative,negative,negative,both_correct,17,False
1698,6,safety for babies and children,The white has discolored a little after having a breastfed baby get poop on it several times.,negative,negative,negative,both_correct,17,False
1710,0,safety for babies and children,"We like for our toddler to use a ""big boy cup"" at the dinner table.",positive,negative,negative,both_wrong,15,False
1710,0,"comfort, softness and texture","We like for our toddler to use a ""big boy cup"" at the dinner table.",positive,negative,negative,both_wrong,15,False
1710,0,"size, dimensions and fit","We like for our toddler to use a ""big boy cup"" at the dinner table.",positive,negative,negative,both_wrong,15,False
1710,1,"ease of use, assembly and convenience","(Read: regular cup, no lid, no straw)",negative,negative,negative,both_correct,7,True
1710,1,"design, appearance and looks","(Read: regular cup, no lid, no straw)",negative,negative,negative,both_correct,7,True
1710,2,safety for babies and children,"He does fine while we are at the table, but snack time or riding in the car, he needs a sippy.",negative,negative,negative,both_correct,21,True
1710,3,product quality and performance,"This cup gives him the real cup and give me the spill resistance for the times we aren't sitting at the table. He can spill the contents of the cup if he is determined, but he has to actively try to spill it. This cup is genius.",positive,positive,positive,both_correct,47,True
1710,4,"design, appearance and looks",I love it.,positive,positive,positive,both_correct,3,False
1710,4,product quality and performance,I love it.,positive,positive,positive,both_correct,3,False
1717,0,product quality and performance,I love my Beco Butterfly!,positive,positive,positive,both_correct,5,False
1717,0,"design, appearance and looks",I love my Beco Butterfly!,positive,positive,positive,both_correct,5,False
1717,2,product quality and performance,It has great support.,positive,positive,positive,both_correct,4,False
1717,2,"comfort, softness and texture",It has great support.,positive,positive,positive,both_correct,4,False
1717,2,customer service and seller support,It has great support.,positive,positive,positive,both_correct,4,False
1717,3,"ease of use, assembly and convenience",It makes it simple to carry a baby (or toddler) as long as you need to.,positive,positive,positive,both_correct,16,False
1717,3,product quality and performance,It makes it simple to carry a baby (or toddler) as long as you need to.,positive,positive,positive,both_correct,16,False
1717,4,safety for babies and children,I have carried both my infant son in it and my 35 lb. 2 year old!,positive,positive,positive,both_correct,16,False
1717,4,product quality and performance,I have carried both my infant son in it and my 35 lb. 2 year old!,positive,positive,positive,both_correct,16,False
1717,5,product quality and performance,"I call it the ""nap maker"" since my 2 year old falls asleep every time he rides in it!",negative,negative,negative,both_correct,19,False
1717,5,"comfort, softness and texture","I call it the ""nap maker"" since my 2 year old falls asleep every time he rides in it!",negative,negative,negative,both_correct,19,False
1717,6,product quality and performance,This carrier fits me and my husband!,positive,positive,positive,both_correct,7,False
1717,6,"size, dimensions and fit",This carrier fits me and my husband!,positive,positive,positive,both_correct,7,False
1717,7,"ease of use, assembly and convenience",It is pretty simple to use and mine came with an instructional DVD.,negative,negative,positive,bert_introduces_new_error,13,False
1717,7,product quality and performance,It is pretty simple to use and mine came with an instructional DVD.,negative,negative,positive,bert_introduces_new_error,13,False
1717,8,"design, appearance and looks",I get so many compliments on my Beco!,positive,positive,positive,both_correct,8,False
1717,8,product quality and performance,I get so many compliments on my Beco!,positive,positive,positive,both_correct,8,False
1717,9,"durability, washability and longevity",My Beco definitely gets much more use than my stroller!,positive,negative,positive,bert_fixes_baseline_error,10,False
1717,9,product quality and performance,My Beco definitely gets much more use than my stroller!,positive,negative,positive,bert_fixes_baseline_error,10,False
1717,10,safety for babies and children,"(In fact, my stroller sits in my garage collecting dust.)",negative,negative,negative,both_correct,10,False
1717,11,product quality and performance,It is definitely worth the money spent on it!,positive,positive,positive,both_correct,9,False
1717,11,"price, cost and value for money",It is definitely worth the money spent on it!,positive,positive,positive,both_correct,9,False
1732,0,product quality and performance,Great product.,positive,positive,positive,both_correct,2,False
1732,1,product quality and performance,It has held up well.,positive,positive,positive,both_correct,5,False
1732,1,"durability, washability and longevity",It has held up well.,positive,positive,positive,both_correct,5,False
1732,2,product quality and performance,Made of plastic and very durable.,positive,positive,positive,both_correct,6,False
1732,2,"durability, washability and longevity",Made of plastic and very durable.,positive,positive,positive,both_correct,6,False
1732,3,"ease of use, assembly and convenience",It fits all of my son's toys and essentials!,positive,positive,positive,both_correct,9,False
1732,3,product quality and performance,It fits all of my son's toys and essentials!,positive,positive,positive,both_correct,9,False
1732,3,"size, dimensions and fit",It fits all of my son's toys and essentials!,positive,positive,positive,both_correct,9,False
1732,4,product quality and performance,Highly recommend.,positive,positive,positive,both_correct,2,False
1732,5,product quality and performance,Way better than those suction cup toy storage bags.,positive,positive,positive,both_correct,9,False
1732,5,"design, appearance and looks",Way better than those suction cup toy storage bags.,positive,positive,positive,both_correct,9,False
1744,0,product quality and performance,We have owned and given a number of high end jogging strollers over the years and this one falls in with the average.,positive,positive,negative,bert_introduces_new_error,23,False
1744,0,"price, cost and value for money",We have owned and given a number of high end jogging strollers over the years and this one falls in with the average.,positive,negative,negative,both_wrong,23,False
1744,1,"design, appearance and looks",I'm a little disappointed with the hood.,negative,negative,negative,both_correct,7,False
1744,1,product quality and performance,I'm a little disappointed with the hood.,negative,negative,negative,both_correct,7,False
1744,2,"design, appearance and looks",I wish it gave a little more space around the head and a little better shade and rain coverage in general.,negative,negative,negative,both_correct,21,False
1744,4,product quality and performance,"The wheels and ride are ok, the short wheel base makes it extremely manuverable but the wheels are a little small to take out the bumps.",negative,negative,negative,both_correct,26,True
1744,5,"price, cost and value for money","A lot of this is alleviated by the shock absorption, but I like bigger wheels for trail running or walking. The general build is ok, although I would not mind a little more for the price.",positive,positive,positive,both_correct,36,True
1744,5,product quality and performance,"A lot of this is alleviated by the shock absorption, but I like bigger wheels for trail running or walking. The general build is ok, although I would not mind a little more for the price.",positive,positive,positive,both_correct,36,True
1744,6,product quality and performance,"This is our first BOB, and so far we are happy with it in general, but might look at other brands if we are ever in the market for another one.",positive,positive,positive,both_correct,31,True
1747,0,customer service and seller support,We have always been a Pampers family and they just keep doing their thing for us.,positive,positive,positive,both_correct,16,False
1747,0,product quality and performance,We have always been a Pampers family and they just keep doing their thing for us.,positive,positive,positive,both_correct,16,False
1747,1,product quality and performance,I am super happy with 70 size 7's in a box.,positive,positive,positive,both_correct,11,False
1747,1,"ease of use, assembly and convenience",I am super happy with 70 size 7's in a box.,positive,positive,positive,both_correct,11,False
1747,1,"size, dimensions and fit",I am super happy with 70 size 7's in a box.,positive,positive,positive,both_correct,11,False
1747,2,"durability, washability and longevity",It will last a while.,positive,positive,negative,bert_introduces_new_error,5,False
1747,2,product quality and performance,It will last a while.,positive,positive,negative,bert_introduces_new_error,5,False
1747,3,product quality and performance,"For us, this just continues a dependable product that we know and trust.",positive,positive,positive,both_correct,13,False
1747,3,"durability, washability and longevity","For us, this just continues a dependable product that we know and trust.",positive,positive,positive,both_correct,13,False
1747,4,"size, dimensions and fit","Sometimes I think we have just become so familiar with them that we have just perfect the cinches on them, but other brands never seem to fit quite right.",negative,positive,negative,bert_fixes_baseline_error,29,True
1747,5,product quality and performance,"Keep it up Pampers, at least until out kids get out grandchildren through the diaper stages!",positive,negative,positive,bert_fixes_baseline_error,16,False
1747,5,"durability, washability and longevity","Keep it up Pampers, at least until out kids get out grandchildren through the diaper stages!",positive,negative,positive,bert_fixes_baseline_error,16,False
1764,0,product quality and performance,"Well, I really liked these wipes until I read other reviews. <br",positive,positive,positive,both_correct,12,False
1764,1,product quality and performance,"/>First, what I liked about the wipes.",positive,positive,positive,both_correct,7,False
1764,1,"comfort, softness and texture","/>First, what I liked about the wipes.",positive,positive,positive,both_correct,7,False
1764,2,"comfort, softness and texture","They are thick, luxuriantly thick.",positive,negative,positive,bert_fixes_baseline_error,5,False
1764,2,product quality and performance,"They are thick, luxuriantly thick.",positive,negative,positive,bert_fixes_baseline_error,5,False
1764,3,product quality and performance,They have a low odor that is fine.,positive,positive,positive,both_correct,8,False
1764,4,product quality and performance,"They work well, the packaging is fine. <br",positive,positive,positive,both_correct,8,False
1764,4,"ease of use, assembly and convenience","They work well, the packaging is fine. <br",positive,positive,positive,both_correct,8,False
1764,5,"design, appearance and looks",I don't like is that these don't seem very organic at all.,negative,negative,negative,both_correct,12,True
1764,6,product quality and performance,I was looking for anything that clearly said they were biodegradable because we use wipes in the boundary waters and other camping trips.,negative,negative,negative,both_correct,23,False
1764,6,"durability, washability and longevity",I was looking for anything that clearly said they were biodegradable because we use wipes in the boundary waters and other camping trips.,negative,negative,negative,both_correct,23,False
1764,11,safety for babies and children,Also they fact that it was found to cause genetic/chromosomal mutations and a neurotoxin and tocix for babies were a little disturbing.,negative,negative,negative,both_correct,22,False
1785,0,product quality and performance,I love how a little bit goes a long way with this paste.,positive,positive,positive,both_correct,13,False
1785,0,"comfort, softness and texture",I love how a little bit goes a long way with this paste.,positive,positive,positive,both_correct,13,False
1785,2,safety for babies and children,We just use the size of a nickel to cover our son.,negative,negative,negative,both_correct,12,False
1785,3,"durability, washability and longevity",It lasts through a couple diaper changes and wiping.,negative,negative,negative,both_correct,9,False
1785,3,product quality and performance,It lasts through a couple diaper changes and wiping.,negative,negative,negative,both_correct,9,False
1785,4,product quality and performance,It spreads nice and smooth for how thick it is too.,positive,positive,positive,both_correct,11,False
1785,4,"comfort, softness and texture",It spreads nice and smooth for how thick it is too.,positive,positive,positive,both_correct,11,False
1785,5,"comfort, softness and texture",I highly recommend getting the bum brushes for application!,positive,positive,positive,both_correct,9,False
1785,5,product quality and performance,I highly recommend getting the bum brushes for application!,positive,positive,positive,both_correct,9,False
1785,6,product quality and performance,"Since it is fairly waterproof, getting it on your hands or under your nails is no fun.",negative,positive,negative,bert_fixes_baseline_error,17,True
1785,6,"durability, washability and longevity","Since it is fairly waterproof, getting it on your hands or under your nails is no fun.",negative,positive,negative,bert_fixes_baseline_error,17,True
1805,0,product quality and performance,"Packaged great, shipped quickly, and works rather well.",positive,positive,positive,both_correct,8,False
1805,0,"packaging, shipping and delivery","Packaged great, shipped quickly, and works rather well.",positive,positive,positive,both_correct,8,False
1805,1,product quality and performance,Dove is always a great product.,positive,positive,positive,both_correct,6,False
1805,1,"design, appearance and looks",Dove is always a great product.,positive,positive,positive,both_correct,6,False
1805,2,product quality and performance,"Scent is not overwhelming, and the product does what lotion should!",positive,negative,positive,bert_fixes_baseline_error,11,True
1805,2,"comfort, softness and texture","Scent is not overwhelming, and the product does what lotion should!",positive,negative,positive,bert_fixes_baseline_error,11,True
1805,3,"comfort, softness and texture",Moisturizes nicely!,positive,positive,positive,both_correct,2,False
1805,3,product quality and performance,Moisturizes nicely!,positive,positive,positive,both_correct,2,False
1822,0,product quality and performance,"These worked fine for us but I would try the 25 pack to see if they work for your little one and switch to the [[ASIN:B077SYW927 Medline MBD2004 Baby Diapers, Size 4, 22-37 lb.",negative,negative,negative,both_correct,34,True
1822,0,"price, cost and value for money","These worked fine for us but I would try the 25 pack to see if they work for your little one and switch to the [[ASIN:B077SYW927 Medline MBD2004 Baby Diapers, Size 4, 22-37 lb.",negative,negative,negative,both_correct,34,True
1822,1,"price, cost and value for money",(Pack of 200)]] 200 count case at 28 cents per diaper if they work out.,negative,negative,negative,both_correct,15,False
1822,1,product quality and performance,(Pack of 200)]] 200 count case at 28 cents per diaper if they work out.,negative,negative,negative,both_correct,15,False
1822,7,"packaging, shipping and delivery","Medline, originally named Medco, is founded by A.L.'s grandsons Jim and Jon with approximately 2,00 sq. feet of warehouse space and one loading dock in Evanston, Ill.",negative,negative,negative,both_correct,27,False
1822,9,product quality and performance,As of 2002 Medline has offices in 20 countries around the globe.,positive,negative,positive,bert_fixes_baseline_error,12,False
1822,10,product quality and performance,Medline acquired CURAD brand.,positive,negative,positive,bert_fixes_baseline_error,4,False
1826,0,"comfort, softness and texture",daily moisturizing cream for your baby and entire family.,positive,positive,positive,both_correct,9,False
1826,1,"comfort, softness and texture",Of course I tried it on my skin first.,positive,negative,positive,bert_fixes_baseline_error,9,False
1826,1,product quality and performance,Of course I tried it on my skin first.,positive,negative,positive,bert_fixes_baseline_error,9,False
1826,2,product quality and performance,"Absorbed quickly, no scent at all, and wonderfully non-greasy.",positive,positive,positive,both_correct,9,True
1826,2,"comfort, softness and texture","Absorbed quickly, no scent at all, and wonderfully non-greasy.",positive,positive,positive,both_correct,9,True
1826,3,product quality and performance,"The ingredients are as good as you can find, I like it so much, and the size that fits in the hand like a tube of sun tan lotion, that I just ordered the 6 pack. *Ingredients from organic farming Aqua, Aloe Barbadensis Leaf Extract*, Cocos Nucifera Oil*, Butyrospermum Parkii Butter*, Canola Oil, Glycerin**, Cetearyl Glucoside, Cetearyl Alcohol, Stearyl Alcohol, Tocopherol, Sodium Stearoyl Glutamate, Xanthan Gum, Citric Acid, Sodium Benzoate. ""Bambo",positive,positive,positive,both_correct,71,False
1826,3,"size, dimensions and fit","The ingredients are as good as you can find, I like it so much, and the size that fits in the hand like a tube of sun tan lotion, that I just ordered the 6 pack. *Ingredients from organic farming Aqua, Aloe Barbadensis Leaf Extract*, Cocos Nucifera Oil*, Butyrospermum Parkii Butter*, Canola Oil, Glycerin**, Cetearyl Glucoside, Cetearyl Alcohol, Stearyl Alcohol, Tocopherol, Sodium Stearoyl Glutamate, Xanthan Gum, Citric Acid, Sodium Benzoate. ""Bambo",positive,positive,positive,both_correct,71,False
1826,5,product quality and performance,"Denmark's rigorous quality measures and eco-standards are at the core of Abena and Bambo Nature's mission to provide safe, gentle and effective eco-friendly products.""",positive,positive,positive,both_correct,24,False
1835,0,"design, appearance and looks",My grandson absolutely loves it.,positive,positive,positive,both_correct,5,False
1835,0,product quality and performance,My grandson absolutely loves it.,positive,positive,positive,both_correct,5,False
1835,1,product quality and performance,It's durable and easy to clean.,positive,positive,positive,both_correct,6,False
1835,1,"durability, washability and longevity",It's durable and easy to clean.,positive,positive,positive,both_correct,6,False
1835,2,"price, cost and value for money",A good value for the money,positive,positive,positive,both_correct,6,False
1835,2,product quality and performance,A good value for the money,positive,positive,positive,both_correct,6,False
1847,0,"price, cost and value for money",This travel set is a good buy.,positive,positive,positive,both_correct,7,False
1847,0,product quality and performance,This travel set is a good buy.,positive,positive,positive,both_correct,7,False
1847,1,product quality and performance,You get a jogging stroller and a car seat with the quality and superiority of a well-known brand name.,positive,positive,positive,both_correct,19,False
1847,1,safety for babies and children,You get a jogging stroller and a car seat with the quality and superiority of a well-known brand name.,positive,positive,positive,both_correct,19,False
1847,2,product quality and performance,The stroller is basically built like a three-wheeled mountain bike.,negative,negative,negative,both_correct,10,False
1847,2,safety for babies and children,The stroller is basically built like a three-wheeled mountain bike.,negative,negative,negative,both_correct,10,False
1847,3,product quality and performance,It can handle any terrain while keeping your little one safe from harm.,positive,positive,positive,both_correct,13,False
1847,3,safety for babies and children,It can handle any terrain while keeping your little one safe from harm.,positive,positive,positive,both_correct,13,False
1847,4,"ease of use, assembly and convenience",The car seat has an easy installation system that makes sure you get it right before you leave your driveway.,positive,positive,positive,both_correct,20,False
1847,4,safety for babies and children,The car seat has an easy installation system that makes sure you get it right before you leave your driveway.,positive,positive,positive,both_correct,20,False
1847,5,"ease of use, assembly and convenience",This set makes the perfect gift for a fit mom or dad.,positive,positive,positive,both_correct,12,False
1847,5,"design, appearance and looks",This set makes the perfect gift for a fit mom or dad.,positive,positive,positive,both_correct,12,False
1849,0,safety for babies and children,"With this sterilizer, there's one less thing to worry about when it comes to your baby.",negative,negative,negative,both_correct,16,False
1849,0,product quality and performance,"With this sterilizer, there's one less thing to worry about when it comes to your baby.",negative,negative,negative,both_correct,16,False
1849,1,"ease of use, assembly and convenience","You can quickly sterilize, and even dry, bottles with no effort.",negative,negative,negative,both_correct,11,True
1849,1,product quality and performance,"You can quickly sterilize, and even dry, bottles with no effort.",negative,negative,negative,both_correct,11,True
1849,2,"ease of use, assembly and convenience","The unit doesn't take up too much space, so it can be left on a countertop.",negative,negative,positive,bert_introduces_new_error,16,True
1849,2,"design, appearance and looks","The unit doesn't take up too much space, so it can be left on a countertop.",negative,negative,negative,both_correct,16,True
1858,0,product quality and performance,Just As Described,positive,positive,positive,both_correct,3,False
1858,0,"ease of use, assembly and convenience",Just As Described,positive,positive,positive,both_correct,3,False
1868,1,safety for babies and children,"I have used remote short-range audio receivers to keep tabs on when my kids woke up or were active in their cribs, but that never told me if they were awake and just quietly entertaining themselves.",negative,negative,negative,both_correct,36,True
1868,2,product quality and performance,"This monitor is different and has full video with record and playback as well as two-way audio, music and more. This monitor pairs a small but reasonably capable video camera with a hand-held video monitor.",positive,negative,positive,bert_fixes_baseline_error,35,True
1868,3,"ease of use, assembly and convenience",Both are charged (or can be used directly) via USB and when both powered on the monitor searches for the video camera until it finds it.,negative,negative,negative,both_correct,26,False
1868,3,product quality and performance,Both are charged (or can be used directly) via USB and when both powered on the monitor searches for the video camera until it finds it.,negative,negative,negative,both_correct,26,False
1868,4,"ease of use, assembly and convenience",They work together over WiFi and the feed can be accessed from the Internet. The video camera is a small device about the size of a softball when including the base.,negative,negative,negative,both_correct,31,False
1868,6,product quality and performance,It has IR capability that is good enough to allow reading an analog clock on the wall 4' away in a nearly pitch-dark room.,positive,negative,positive,bert_fixes_baseline_error,24,False
1868,7,"ease of use, assembly and convenience",It also has a build-in speaker so instead of just sending sound to the monitor it can also air sound into the room.,positive,negative,positive,bert_fixes_baseline_error,23,False
1868,8,product quality and performance,The speaker is nothing special but it's not terrible either.,positive,negative,positive,bert_fixes_baseline_error,10,True
1868,9,product quality and performance,There's an integrated temperature circuit which seems to be accurate to within a degree and is useful for knowing when the room is too warm or too cold.,negative,negative,positive,bert_introduces_new_error,28,False
1868,11,"size, dimensions and fit","The monitor has a 4.3"" screen but is a little bigger than a GPS navigator of the same screen size due to the controls one either side of the screen.",negative,negative,positive,bert_introduces_new_error,30,True
1868,12,product quality and performance,"The screen resolution is ok, not great but not unacceptable either.",negative,positive,positive,both_wrong,11,True
1868,13,product quality and performance,The sound quality is not particularly good but it doesn't need to be as a baby monitor.,positive,negative,positive,bert_fixes_baseline_error,17,True
1868,14,"ease of use, assembly and convenience","The monitor controls the camera and allows for moving the eye left, right, up or down, and can pan and zoom too, just with the touch of one of the controls.",positive,positive,positive,both_correct,31,False
1868,18,product quality and performance,"/>All of this is great, but there are limitations on the monitor.",negative,negative,negative,both_correct,12,True
1868,19,product quality and performance,There is a limited range so that the screen will lose the camera with sufficient obstacles or distance between the two.,negative,negative,negative,both_correct,21,False
1868,24,product quality and performance,"/>For now, I use this monitor as a matched pair and it meets my needs. <br",positive,positive,positive,both_correct,16,False
1868,24,"ease of use, assembly and convenience","/>For now, I use this monitor as a matched pair and it meets my needs. <br",positive,positive,positive,both_correct,16,False
1868,25,product quality and performance,/>This is a very nice monitor and it far and away more capable than the old audio-only monitors.,positive,positive,positive,both_correct,18,False
1868,28,"price, cost and value for money",but I have some reservations about doing so based on the configuration of the software used for this purpose.,negative,negative,negative,both_correct,19,True
1868,29,"price, cost and value for money","If you need a good baby monitor that tells you exactly what's going on in the baby's room and you want the ability to interact via audio, this monitor is expensive but worth its asking price.",positive,positive,positive,both_correct,36,True
1868,29,product quality and performance,"If you need a good baby monitor that tells you exactly what's going on in the baby's room and you want the ability to interact via audio, this monitor is expensive but worth its asking price.",positive,positive,positive,both_correct,36,True
1875,0,product quality and performance,"Good flavor, convenient packaging, and easy to open twist top.",positive,positive,positive,both_correct,10,False
1875,0,"ease of use, assembly and convenience","Good flavor, convenient packaging, and easy to open twist top.",positive,positive,positive,both_correct,10,False
1875,1,"ease of use, assembly and convenience",We use these around the house for quick snacks.,negative,negative,positive,bert_introduces_new_error,9,False
1875,2,product quality and performance,This brand's flavor and quality are consistent.,positive,positive,positive,both_correct,7,False
1875,3,product quality and performance,We will continue to buy and recommend.,positive,positive,positive,both_correct,7,False
1883,0,"price, cost and value for money",I was really hesitant to spend $20 for a wipes dispenser.,negative,negative,negative,both_correct,11,False
1883,1,product quality and performance,"Well, once again OXO has produced a well designed, high quality product. The weighted top works like a charm.",positive,positive,positive,both_correct,19,False
1883,1,"design, appearance and looks","Well, once again OXO has produced a well designed, high quality product. The weighted top works like a charm.",positive,positive,positive,both_correct,19,False
1883,2,product quality and performance,"Dispenses a single wipe, every single time.",negative,negative,negative,both_correct,7,False
1883,2,"ease of use, assembly and convenience","Dispenses a single wipe, every single time.",negative,negative,negative,both_correct,7,False
1883,3,"ease of use, assembly and convenience","The silicone seal keeps the wipes moist, right down to the last one. The one-handed pop top, is convenient .",positive,positive,positive,both_correct,20,False
1883,3,product quality and performance,"The silicone seal keeps the wipes moist, right down to the last one. The one-handed pop top, is convenient .",positive,positive,positive,both_correct,20,False
1883,3,"durability, washability and longevity","The silicone seal keeps the wipes moist, right down to the last one. The one-handed pop top, is convenient .",positive,positive,positive,both_correct,20,False
1883,4,product quality and performance,It took me a day or so to adjust to the sensitively of the release mechanisms.,negative,negative,positive,bert_introduces_new_error,16,False
1883,4,"comfort, softness and texture",It took me a day or so to adjust to the sensitively of the release mechanisms.,negative,negative,positive,bert_introduces_new_error,16,False
1883,5,"ease of use, assembly and convenience",I figured out a gentle one-finger push will open & close the cover.,positive,positive,positive,both_correct,13,False
1883,5,product quality and performance,I figured out a gentle one-finger push will open & close the cover.,positive,positive,positive,both_correct,13,False
1883,6,product quality and performance,"If you push down when you close the lid, it will pop open. So, I like this dispenser so much, I ordered a second one for me Clorox wipes, sitting on my kitchen counter.",positive,negative,positive,bert_fixes_baseline_error,34,False
1883,6,"ease of use, assembly and convenience","If you push down when you close the lid, it will pop open. So, I like this dispenser so much, I ordered a second one for me Clorox wipes, sitting on my kitchen counter.",positive,negative,positive,bert_fixes_baseline_error,34,False
1883,8,product quality and performance,Truly worth the $20,positive,positive,positive,both_correct,4,False
1883,8,"price, cost and value for money",Truly worth the $20,positive,positive,positive,both_correct,4,False
1906,0,"comfort, softness and texture",Used this as the backing for a cross stitch baby quilt project.,negative,positive,negative,bert_fixes_baseline_error,12,False
1906,1,"comfort, softness and texture",This is nicely quilted and padded.,positive,positive,positive,both_correct,6,False
1906,1,"design, appearance and looks",This is nicely quilted and padded.,positive,positive,positive,both_correct,6,False
1906,2,product quality and performance,Be aware that there is significant color fading when washed in hot water.,negative,negative,negative,both_correct,13,False
1906,2,"durability, washability and longevity",Be aware that there is significant color fading when washed in hot water.,negative,negative,negative,both_correct,13,False
1906,3,"durability, washability and longevity","I bought the dark pink - washed it in hot water with cold rinse and the color faded to a very pale lilac, which was ok with me for my project.",positive,positive,positive,both_correct,31,False
1906,3,product quality and performance,"I bought the dark pink - washed it in hot water with cold rinse and the color faded to a very pale lilac, which was ok with me for my project.",positive,negative,positive,bert_fixes_baseline_error,31,False
1906,3,"design, appearance and looks","I bought the dark pink - washed it in hot water with cold rinse and the color faded to a very pale lilac, which was ok with me for my project.",positive,positive,positive,both_correct,31,False
1906,4,safety for babies and children,"There is also a very large, stiff tag sewn into the side seam which would scratch a babies skin.",negative,negative,negative,both_correct,19,False
1906,4,"design, appearance and looks","There is also a very large, stiff tag sewn into the side seam which would scratch a babies skin.",negative,negative,negative,both_correct,19,False
1906,5,"design, appearance and looks",I have never seen such a large tag on a blanket/quilt before - I cut it off as close to the seam stitching as I could.,negative,negative,negative,both_correct,26,True
1912,0,product quality and performance,This is great!,positive,positive,positive,both_correct,3,False
1912,0,"design, appearance and looks",This is great!,positive,positive,positive,both_correct,3,False
1912,1,product quality and performance,"I love how sturdy these are, very good quality.",positive,positive,positive,both_correct,9,False
1912,1,"durability, washability and longevity","I love how sturdy these are, very good quality.",positive,positive,positive,both_correct,9,False
1912,2,"ease of use, assembly and convenience","It really helps to organize things, I used them in my bookshelves, they fit perfectly.",positive,positive,positive,both_correct,15,False
1912,2,product quality and performance,"It really helps to organize things, I used them in my bookshelves, they fit perfectly.",positive,positive,positive,both_correct,15,False
1912,2,"size, dimensions and fit","It really helps to organize things, I used them in my bookshelves, they fit perfectly.",positive,positive,positive,both_correct,15,False
1912,3,product quality and performance,I was very happily surprised at how nice these are and how much I love them.,positive,positive,positive,both_correct,16,False
1912,3,"design, appearance and looks",I was very happily surprised at how nice these are and how much I love them.,positive,positive,positive,both_correct,16,False
1912,4,product quality and performance,This is the second set I have gotten.,positive,positive,positive,both_correct,8,False
1916,0,"design, appearance and looks",I love this!,positive,positive,positive,both_correct,3,False
1916,0,"comfort, softness and texture",I love this!,positive,positive,positive,both_correct,3,False
1916,1,"design, appearance and looks",So cute and LARGE!,positive,positive,positive,both_correct,4,False
1916,1,"size, dimensions and fit",So cute and LARGE!,positive,positive,positive,both_correct,4,False
1916,2,"design, appearance and looks","High quality smooth bamboo with an adorable design, will be perfect in my LO's Easter basket ♥️",positive,positive,positive,both_correct,17,False
1916,2,"comfort, softness and texture","High quality smooth bamboo with an adorable design, will be perfect in my LO's Easter basket ♥️",positive,positive,positive,both_correct,17,False
1920,0,"price, cost and value for money",I bought this to put 5x7 photos in as a graduation gift for my granddaughter.,positive,negative,positive,bert_fixes_baseline_error,15,False
1920,0,"design, appearance and looks",I bought this to put 5x7 photos in as a graduation gift for my granddaughter.,positive,negative,positive,bert_fixes_baseline_error,15,False
1920,2,"design, appearance and looks",Wish it came in prettier covers.,negative,negative,negative,both_correct,6,False
1920,4,"price, cost and value for money",That wasn't a deal breaker for me.,negative,negative,negative,both_correct,7,True
1920,4,product quality and performance,That wasn't a deal breaker for me.,negative,negative,negative,both_correct,7,True
1922,0,"ease of use, assembly and convenience","Quick, easy assembly and hold A LOT of toys.",positive,positive,positive,both_correct,9,False
1922,0,product quality and performance,"Quick, easy assembly and hold A LOT of toys.",positive,positive,positive,both_correct,9,False
1922,1,product quality and performance,Perfect for pretty much all of our 3yo toys,positive,positive,positive,both_correct,9,False
1922,1,"ease of use, assembly and convenience",Perfect for pretty much all of our 3yo toys,positive,positive,positive,both_correct,9,False
1923,0,product quality and performance,We loved this for our 25 hour road trip.,positive,positive,positive,both_correct,9,False
1923,0,"comfort, softness and texture",We loved this for our 25 hour road trip.,positive,positive,positive,both_correct,9,False
1923,1,product quality and performance,Not only was it a great place for playing but made eating meals on the road much less messy.,negative,negative,negative,both_correct,19,True
1923,1,"comfort, softness and texture",Not only was it a great place for playing but made eating meals on the road much less messy.,negative,negative,negative,both_correct,19,True
1923,3,product quality and performance,10/10 recommend!,positive,positive,positive,both_correct,2,False
1936,0,product quality and performance,This is the perfect size for my baby.,positive,positive,positive,both_correct,8,False
1936,0,"size, dimensions and fit",This is the perfect size for my baby.,positive,positive,positive,both_correct,8,False
1936,1,product quality and performance,"Some teethers are too big or don't have anything to grasp, but this teether is perfect.",positive,positive,positive,both_correct,16,True
1936,1,"size, dimensions and fit","Some teethers are too big or don't have anything to grasp, but this teether is perfect.",positive,positive,positive,both_correct,16,True
1936,2,product quality and performance,The silicone is thick and durable and has different textures to chew.,positive,positive,positive,both_correct,12,False
1936,2,"comfort, softness and texture",The silicone is thick and durable and has different textures to chew.,positive,positive,positive,both_correct,12,False
1936,2,"durability, washability and longevity",The silicone is thick and durable and has different textures to chew.,positive,positive,positive,both_correct,12,False
1971,0,"comfort, softness and texture",These are super soft and cozy and on the thicker side as far as baby blankets go.,positive,positive,positive,both_correct,17,False
1971,0,product quality and performance,These are super soft and cozy and on the thicker side as far as baby blankets go.,positive,positive,positive,both_correct,17,False
1971,1,"comfort, softness and texture","I am not using these for swaddling since I prefer stretchier muslin or swaddles with hook and loop, but these are great for oversized burp cloths or a light car seat or stroller blanket for the warmer seasons.",negative,negative,positive,bert_introduces_new_error,38,True
1971,1,"ease of use, assembly and convenience","I am not using these for swaddling since I prefer stretchier muslin or swaddles with hook and loop, but these are great for oversized burp cloths or a light car seat or stroller blanket for the warmer seasons.",negative,negative,positive,bert_introduces_new_error,38,True
1971,2,"ease of use, assembly and convenience",Also they are a nice small size to throw in a diaper bag or in underneath stroller storage.,positive,negative,positive,bert_fixes_baseline_error,18,False
1971,2,"size, dimensions and fit",Also they are a nice small size to throw in a diaper bag or in underneath stroller storage.,positive,negative,positive,bert_fixes_baseline_error,18,False
1971,4,"design, appearance and looks","Although they are named Uni Stripe, I would say they are more feminine with the peach color and white with tiny aqua dots.",positive,negative,negative,both_wrong,23,True
1971,4,"comfort, softness and texture","Although they are named Uni Stripe, I would say they are more feminine with the peach color and white with tiny aqua dots.",positive,negative,negative,both_wrong,23,True
1977,0,"durability, washability and longevity",I've used this maximum strength diaper cream for 3 years now.,positive,negative,positive,bert_fixes_baseline_error,11,False
1977,0,product quality and performance,I've used this maximum strength diaper cream for 3 years now.,positive,negative,positive,bert_fixes_baseline_error,11,False
1977,1,"comfort, softness and texture",It's my favorite,positive,positive,positive,both_correct,3,False
1977,1,product quality and performance,It's my favorite,positive,positive,positive,both_correct,3,False
1977,2,product quality and performance,and I don't even bother using the original when I know this has way more zinc oxide.,negative,negative,negative,both_correct,17,True
1977,2,"price, cost and value for money",and I don't even bother using the original when I know this has way more zinc oxide.,negative,negative,negative,both_correct,17,True
1977,3,product quality and performance,It clears up even the worst rashes in 24 hours.,positive,negative,positive,bert_fixes_baseline_error,10,False
1977,4,product quality and performance,Also it doesn't have an obnoxious smell like Desitin.,negative,negative,positive,bert_introduces_new_error,9,True
1977,4,"design, appearance and looks",Also it doesn't have an obnoxious smell like Desitin.,negative,negative,positive,bert_introduces_new_error,9,True
1977,5,product quality and performance,You can't go wrong with Boudreauxs.,positive,negative,positive,bert_fixes_baseline_error,6,True
1977,5,"comfort, softness and texture",You can't go wrong with Boudreauxs.,positive,negative,positive,bert_fixes_baseline_error,6,True
1996,0,product quality and performance,I recently purchased the Ergobaby 360 Cool Mesh carrier.,negative,positive,positive,both_wrong,9,False
1996,0,"comfort, softness and texture",I recently purchased the Ergobaby 360 Cool Mesh carrier.,negative,positive,positive,both_wrong,9,False
1996,1,product quality and performance,This BabyBjorn is similar in a lot of ways with a few differences that cause me to prefer the Ergobaby.,positive,negative,positive,bert_fixes_baseline_error,20,False
1996,2,"durability, washability and longevity","However, I still think this is a great option, and I'm sure it will get use when my husband and I are each carrying one of our kids or when the Ergobaby is being washed. Material:",positive,positive,positive,both_correct,36,True
1996,3,"ease of use, assembly and convenience","no noticeable difference in fabric feel or ventilation between BabyBjorn and Ergobaby Ease of use: while this BabyBjorn isn't necessarily hard to put on, the Ergobaby is so stinking simple.",negative,positive,negative,bert_fixes_baseline_error,30,True
1996,3,product quality and performance,"no noticeable difference in fabric feel or ventilation between BabyBjorn and Ergobaby Ease of use: while this BabyBjorn isn't necessarily hard to put on, the Ergobaby is so stinking simple.",negative,positive,negative,bert_fixes_baseline_error,30,True
1996,4,safety for babies and children,"This one requires fastening the waist belt, putting your arms through the harness and slipping it over your head, fastening one clip, putting baby in, then fastening three more clips.",negative,negative,negative,both_correct,30,False
1996,5,safety for babies and children,"Not only is all of that somewhat annoying, but imagine trying to put it on or take it off if you didn't have anywhere to lay your baby down..",negative,negative,negative,both_correct,29,True
1996,6,safety for babies and children,"the whole going over the head makes it really hard to do while holding a baby, even if you are sitting down.",negative,negative,negative,both_correct,22,False
1996,7,"size, dimensions and fit",I'm not sure I could do it at all standing up.,negative,negative,negative,both_correct,11,True
1996,8,"ease of use, assembly and convenience","The Ergobaby is a simple waist belt, then put baby in, then do one single buckle behind your back.",negative,positive,negative,bert_fixes_baseline_error,19,False
1996,8,safety for babies and children,"The Ergobaby is a simple waist belt, then put baby in, then do one single buckle behind your back.",negative,positive,negative,bert_fixes_baseline_error,19,False
1996,9,product quality and performance,"So easy and the main reason I feel it's superior. Baby's position: after a couple weeks of testing both, the way my four month old sits in both of these is very similar and he doesn't show any preference for either.",positive,negative,negative,both_wrong,41,True
1996,9,"ease of use, assembly and convenience","So easy and the main reason I feel it's superior. Baby's position: after a couple weeks of testing both, the way my four month old sits in both of these is very similar and he doesn't show any preference for either.",positive,negative,negative,both_wrong,41,True
1996,10,"ease of use, assembly and convenience",The BabyBjorn has a nice feature where you can simply change a zipper position to use it with an infant whereas you need to buy an additional infant insert for the Ergobaby if your infant is under 12 lbs or cannot support his head well.,positive,positive,positive,both_correct,45,True
1996,10,"price, cost and value for money",The BabyBjorn has a nice feature where you can simply change a zipper position to use it with an infant whereas you need to buy an additional infant insert for the Ergobaby if your infant is under 12 lbs or cannot support his head well.,positive,positive,positive,both_correct,45,True
1996,11,product quality and performance,"We were able to go straight to the bigger positioning on both of these though, so that wasn't a factor for us.",negative,positive,negative,bert_fixes_baseline_error,22,True
1996,11,"ease of use, assembly and convenience","We were able to go straight to the bigger positioning on both of these though, so that wasn't a factor for us.",negative,positive,negative,bert_fixes_baseline_error,22,True
1996,12,product quality and performance,"We've primarily used these in the front outward facing position, and there isn't a ton of difference in how the baby sits.",negative,negative,negative,both_correct,22,True
1996,13,"comfort, softness and texture","My husband and I did both think our son felt closer to us and more against our chest in the Ergobaby, which made it feel a smidge more secure.",positive,negative,positive,bert_fixes_baseline_error,29,False
1996,13,safety for babies and children,"My husband and I did both think our son felt closer to us and more against our chest in the Ergobaby, which made it feel a smidge more secure.",positive,negative,positive,bert_fixes_baseline_error,29,False
1996,14,"design, appearance and looks",Another small difference was our sons legs were slightly more frog-like and more turned out in the Ergobaby. Storage:,negative,negative,negative,both_correct,19,True
1996,15,"ease of use, assembly and convenience",this one does come with a nice bag to shove it in.,positive,positive,positive,both_correct,12,False
1996,15,"design, appearance and looks",this one does come with a nice bag to shove it in.,positive,positive,positive,both_correct,12,False
1996,16,product quality and performance,The Ergobaby just floats around my car kind of annoyingly. Overall,negative,negative,negative,both_correct,11,False
1996,16,"design, appearance and looks",The Ergobaby just floats around my car kind of annoyingly. Overall,negative,negative,negative,both_correct,11,False
2005,0,product quality and performance,"Update 2 years after purchase: The stroller is still amazing and hardly even looks used, despite daily use and flying on vacation.",negative,positive,positive,both_wrong,22,False
2005,0,"durability, washability and longevity","Update 2 years after purchase: The stroller is still amazing and hardly even looks used, despite daily use and flying on vacation.",negative,positive,positive,both_wrong,22,False
2005,0,"design, appearance and looks","Update 2 years after purchase: The stroller is still amazing and hardly even looks used, despite daily use and flying on vacation.",negative,positive,positive,both_wrong,22,False
2005,1,product quality and performance,(The Gate Check Pro XL Double Stroller bag worked great for keeping it secure and intact.),positive,positive,positive,both_correct,16,False
2005,1,"durability, washability and longevity",(The Gate Check Pro XL Double Stroller bag worked great for keeping it secure and intact.),positive,positive,positive,both_correct,16,False
2005,2,product quality and performance,"The older and heavier my kids get, the happier I am I got this model with the break because even slow walks in my semi hilly neighborhood utilize the break!",positive,positive,positive,both_correct,30,False
2005,4,product quality and performance,"Not only did it rip apart, which caused one of the two cup holders to be unusable, but it was small and frustrating from the beginning.",negative,negative,negative,both_correct,26,True
2005,5,product quality and performance,"It wasn't that big of a deal for walks around the neighborhood, but we took it on vacation and were so annoyed by the lack of space.",negative,negative,negative,both_correct,27,True
2005,6,product quality and performance,"I since purchased Booyah Strollers ""Double Stroller Organizer for Bob Duallie and Baby Jogger City Mini GT"" for $36 and it's the best!!",positive,positive,positive,both_correct,23,False
2005,6,"price, cost and value for money","I since purchased Booyah Strollers ""Double Stroller Organizer for Bob Duallie and Baby Jogger City Mini GT"" for $36 and it's the best!!",positive,positive,positive,both_correct,23,False
2005,7,product quality and performance,"It has much nicer construction and thicker material, and holds WAY more than the BOB console.",positive,positive,positive,both_correct,16,False
2005,7,"design, appearance and looks","It has much nicer construction and thicker material, and holds WAY more than the BOB console.",positive,positive,positive,both_correct,16,False
2005,9,product quality and performance,/>I have been using a single Bob Revolution SE pretty much every day for the past year and a half.,negative,negative,negative,both_correct,20,False
2005,9,"durability, washability and longevity",/>I have been using a single Bob Revolution SE pretty much every day for the past year and a half.,negative,negative,negative,both_correct,20,False
2005,12,product quality and performance,"Runs are also a breeze, and the stroller is easy to guide along with minimal effort. <br",positive,positive,positive,both_correct,17,False
2005,12,"ease of use, assembly and convenience","Runs are also a breeze, and the stroller is easy to guide along with minimal effort. <br",positive,positive,positive,both_correct,17,False
2005,13,product quality and performance,"/>The reason I chose the Pro Duallie over the Flex was for the handbrake, since that is the only difference between the models.",negative,negative,negative,both_correct,23,False
2005,13,"price, cost and value for money","/>The reason I chose the Pro Duallie over the Flex was for the handbrake, since that is the only difference between the models.",negative,negative,negative,both_correct,23,False
2005,14,safety for babies and children,I live in a moderately hilly area and will be running with this stroller.,positive,positive,positive,both_correct,14,False
2005,14,product quality and performance,I live in a moderately hilly area and will be running with this stroller.,positive,positive,positive,both_correct,14,False
2005,15,safety for babies and children,"Since it weighs a good deal more than a single once you add the extra stroller weight and a second kid, I think the brake will come in handy for runs. The",positive,positive,positive,both_correct,32,False
2005,16,product quality and performance,2016 improvements take an already loved design and make it better! -,positive,positive,positive,both_correct,12,False
2005,16,"design, appearance and looks",2016 improvements take an already loved design and make it better! -,positive,positive,positive,both_correct,12,False
2005,19,safety for babies and children,"I doubt many toddlers are happy being semi-reclined all the time, but thanks to this improvement, it's no longer an issue) -",positive,negative,negative,both_wrong,22,True
2005,19,product quality and performance,"I doubt many toddlers are happy being semi-reclined all the time, but thanks to this improvement, it's no longer an issue) -",positive,negative,negative,both_wrong,22,True
2005,26,product quality and performance,"I haven't had issues yet with my 1.5 year old in our Revolution SE, but as she gets taller this is sure to be helpful. <br",positive,positive,positive,both_correct,26,True
2005,26,safety for babies and children,"I haven't had issues yet with my 1.5 year old in our Revolution SE, but as she gets taller this is sure to be helpful. <br",positive,positive,positive,both_correct,26,True
2005,27,"price, cost and value for money","/>The duallie console does seem pretty cheap, flimsy and small (think cup holders that would hold a 20 oz bottle well and a shallow storage pocket that is just the perfect length to hold an iPhone laying on its side but will not hold it vertically).",negative,negative,negative,both_correct,46,True
2005,28,product quality and performance,"I have the single console that came with the pump for my Revolution SE, and it is much sturdier with cup holders that nicely fit 24oz Tervis cups.",positive,positive,positive,both_correct,28,False
2005,28,"ease of use, assembly and convenience","I have the single console that came with the pump for my Revolution SE, and it is much sturdier with cup holders that nicely fit 24oz Tervis cups.",positive,positive,positive,both_correct,28,False
2005,28,"size, dimensions and fit","I have the single console that came with the pump for my Revolution SE, and it is much sturdier with cup holders that nicely fit 24oz Tervis cups.",positive,positive,positive,both_correct,28,False
2005,29,product quality and performance,"I wish there was a nicer console option, but at least it still works with this Pro model with handbrake.",positive,positive,positive,both_correct,20,True
2005,29,"price, cost and value for money","I wish there was a nicer console option, but at least it still works with this Pro model with handbrake.",positive,positive,positive,both_correct,20,True
2005,30,product quality and performance,Make sure you get the HB1411 model since there are currently two on Amazon and the other won't work with the Pro. The infant adapter works great with my Chicco keyfit!,positive,positive,positive,both_correct,31,True
2005,31,"ease of use, assembly and convenience","The adapter easily snaps into place, and the car seat then snaps very securely in to the adapter.",positive,positive,positive,both_correct,18,False
2005,31,product quality and performance,"The adapter easily snaps into place, and the car seat then snaps very securely in to the adapter.",positive,positive,positive,both_correct,18,False
2005,32,"ease of use, assembly and convenience",No messing with removing pieces or feeling like you need straps to secure the car seat since it clearly locks in to place every time.,positive,positive,positive,both_correct,25,True
2005,32,product quality and performance,No messing with removing pieces or feeling like you need straps to secure the car seat since it clearly locks in to place every time.,positive,positive,positive,both_correct,25,True
2005,33,safety for babies and children,The adapter also has a tray for snacks on my toddler's side of the stroller.,negative,positive,negative,bert_fixes_baseline_error,15,False
2005,33,"ease of use, assembly and convenience",The adapter also has a tray for snacks on my toddler's side of the stroller.,negative,positive,positive,both_wrong,15,False
2005,34,product quality and performance,The tray sits low enough for her to easily see over and reach her snacks. Overall,negative,positive,negative,bert_fixes_baseline_error,16,False
2005,34,"design, appearance and looks",The tray sits low enough for her to easily see over and reach her snacks. Overall,negative,positive,negative,bert_fixes_baseline_error,16,False
2005,37,"durability, washability and longevity",I'm sure it will get much use!,positive,positive,positive,both_correct,7,False
2005,37,product quality and performance,I'm sure it will get much use!,positive,positive,positive,both_correct,7,False
2010,0,product quality and performance,Works great.,positive,positive,positive,both_correct,2,False
2010,0,"ease of use, assembly and convenience",Works great.,positive,positive,positive,both_correct,2,False
2010,1,"ease of use, assembly and convenience",Super easy to use.,positive,positive,positive,both_correct,4,False
2010,1,product quality and performance,Super easy to use.,positive,positive,positive,both_correct,4,False
2011,0,"design, appearance and looks",Love these!!,positive,positive,positive,both_correct,2,False
2011,0,"comfort, softness and texture",Love these!!,positive,positive,positive,both_correct,2,False
2071,0,product quality and performance,These training pants worked well when potty training my youngest.,positive,positive,positive,both_correct,10,False
2071,1,product quality and performance,They didn't leak and were easy for my daughter to take off and put on.,positive,negative,positive,bert_fixes_baseline_error,15,True
2071,1,"ease of use, assembly and convenience",They didn't leak and were easy for my daughter to take off and put on.,positive,negative,positive,bert_fixes_baseline_error,15,True
2071,2,"size, dimensions and fit",I would be aware of the sizing of these.,positive,negative,negative,both_wrong,9,False
2071,2,"price, cost and value for money",I would be aware of the sizing of these.,positive,negative,negative,both_wrong,9,False
2071,3,product quality and performance,They are not comparable to other training pants.,negative,negative,negative,both_correct,8,True
2071,3,"price, cost and value for money",They are not comparable to other training pants.,negative,negative,negative,both_correct,8,True
2100,0,product quality and performance,"We paired this with our jogging stroller which has virtually no storage, but the handles are appropriately spaced.",positive,positive,positive,both_correct,18,True
2100,0,"ease of use, assembly and convenience","We paired this with our jogging stroller which has virtually no storage, but the handles are appropriately spaced.",positive,positive,positive,both_correct,18,True
2100,3,product quality and performance,"This carrier is a nice supplement for our stroller to carry our necessities, though it doesn't have as much storage as our previous stroller.",positive,negative,positive,bert_fixes_baseline_error,24,True
2100,3,"price, cost and value for money","This carrier is a nice supplement for our stroller to carry our necessities, though it doesn't have as much storage as our previous stroller.",positive,negative,positive,bert_fixes_baseline_error,24,True
2100,4,product quality and performance,"Still, for what it does it does great. <br",positive,positive,positive,both_correct,9,False
2100,5,product quality and performance,/>The elastic is strong considering how much we've put in it.,positive,positive,positive,both_correct,11,False
2100,5,"durability, washability and longevity",/>The elastic is strong considering how much we've put in it.,positive,positive,positive,both_correct,11,False
2101,0,product quality and performance,These are FAR easier to use on toddlers than baby diapers.,negative,negative,negative,both_correct,11,False
2101,0,"comfort, softness and texture",These are FAR easier to use on toddlers than baby diapers.,negative,negative,negative,both_correct,11,False
2101,1,product quality and performance,"They're great in that they're easy to slip on and off, but, like regular Huggies, have amazing absorption as well as the straps. Because",positive,positive,positive,both_correct,24,False
2101,1,"ease of use, assembly and convenience","They're great in that they're easy to slip on and off, but, like regular Huggies, have amazing absorption as well as the straps. Because",positive,positive,positive,both_correct,24,False
2101,3,"durability, washability and longevity",We've been using their brand since she was born.,positive,negative,positive,bert_fixes_baseline_error,9,False
2101,3,product quality and performance,We've been using their brand since she was born.,positive,negative,positive,bert_fixes_baseline_error,9,False
2123,0,"design, appearance and looks","Very large, good quality, nice color.",positive,positive,positive,both_correct,6,False
2123,0,product quality and performance,"Very large, good quality, nice color.",positive,positive,positive,both_correct,6,False
2132,1,"size, dimensions and fit",Doesn't fit.,negative,negative,negative,both_correct,2,True
2132,2,"ease of use, assembly and convenience",These can easily be pulled off along with the stove knob.,negative,negative,negative,both_correct,11,False
2133,0,"design, appearance and looks",Wonderful gate.,positive,positive,positive,both_correct,2,False
2133,0,product quality and performance,Wonderful gate.,positive,positive,positive,both_correct,2,False
2133,1,product quality and performance,Works well with a busy fast moving toddler.,positive,positive,positive,both_correct,8,False
2133,1,safety for babies and children,Works well with a busy fast moving toddler.,positive,positive,positive,both_correct,8,False
2133,2,product quality and performance,Doesn't open super easy,negative,negative,negative,both_correct,4,True
2137,0,product quality and performance,This is such a great item!,positive,positive,positive,both_correct,6,False
2137,0,"design, appearance and looks",This is such a great item!,positive,positive,positive,both_correct,6,False
2137,1,"design, appearance and looks","I am attracted first off, to the color and cuteness of it, but it also works great to stay in place on the table, and with just 2 food compartments, its easy to clean!",positive,positive,positive,both_correct,34,True
2137,1,"ease of use, assembly and convenience","I am attracted first off, to the color and cuteness of it, but it also works great to stay in place on the table, and with just 2 food compartments, its easy to clean!",positive,positive,positive,both_correct,34,True
2137,2,"design, appearance and looks",So cute I bought 2 :-),positive,positive,positive,both_correct,6,False
2148,0,product quality and performance,[[VIDEOID:697e4eae157421f80f653c2a1bc80c41]] Got this for a baby shower recently and the quality was a nice surprise.,positive,positive,positive,both_correct,15,False
2148,0,"design, appearance and looks",[[VIDEOID:697e4eae157421f80f653c2a1bc80c41]] Got this for a baby shower recently and the quality was a nice surprise.,positive,positive,positive,both_correct,15,False
2148,1,"design, appearance and looks","Not only was the bamboo thick and easy to clean, the star pattern has bold colors on it which is really cute.<br",positive,positive,positive,both_correct,22,True
2148,1,product quality and performance,"Not only was the bamboo thick and easy to clean, the star pattern has bold colors on it which is really cute.<br",positive,positive,positive,both_correct,22,True
2148,2,product quality and performance,"/>Overall, this set is very giftable!",positive,positive,positive,both_correct,6,False
2148,2,"ease of use, assembly and convenience","/>Overall, this set is very giftable!",positive,positive,positive,both_correct,6,False
2153,0,"comfort, softness and texture","I really liked the individual packages so I can toss some in the diaper bag for emergencies. They fit my son well and during a few accidents they absorbed the urine well, and the material is nice and soft- no rashes so far which is great.",positive,positive,positive,both_correct,46,True
2153,0,product quality and performance,"I really liked the individual packages so I can toss some in the diaper bag for emergencies. They fit my son well and during a few accidents they absorbed the urine well, and the material is nice and soft- no rashes so far which is great.",positive,positive,positive,both_correct,46,True
2156,1,"design, appearance and looks",but I see that no where on the packaging.. that was disappointing.,negative,negative,negative,both_correct,12,True
2165,0,"ease of use, assembly and convenience",Definitely happy I went with this one it was so easy to set up and my littles are responding really well to it,positive,positive,positive,both_correct,23,False
2165,0,product quality and performance,Definitely happy I went with this one it was so easy to set up and my littles are responding really well to it,positive,positive,positive,both_correct,23,False
2181,0,product quality and performance,great quality,positive,positive,positive,both_correct,2,False
2181,0,"durability, washability and longevity",great quality,positive,positive,positive,both_correct,2,False
2198,0,"comfort, softness and texture",we love these blankets!!,positive,positive,positive,both_correct,4,False
2198,0,product quality and performance,we love these blankets!!,positive,positive,positive,both_correct,4,False
2206,0,product quality and performance,this works great for our crib,positive,positive,positive,both_correct,6,False
2206,0,"ease of use, assembly and convenience",this works great for our crib,positive,positive,positive,both_correct,6,False
2220,0,product quality and performance,we love this formula!!,positive,positive,positive,both_correct,4,False
2220,0,"ease of use, assembly and convenience",we love this formula!!,positive,positive,positive,both_correct,4,False
2243,0,"comfort, softness and texture",The fabric is soft and has some give.,positive,positive,positive,both_correct,8,False
2243,0,product quality and performance,The fabric is soft and has some give.,positive,positive,positive,both_correct,8,False
2243,1,"design, appearance and looks","very sweet little graphics, sure to go with any little one's decor.",positive,positive,positive,both_correct,12,False
2243,1,"comfort, softness and texture","very sweet little graphics, sure to go with any little one's decor.",positive,positive,positive,both_correct,12,False
2252,0,product quality and performance,I use these encasements on every mattress!,positive,negative,positive,bert_fixes_baseline_error,7,False
2252,0,"comfort, softness and texture",I use these encasements on every mattress!,positive,negative,negative,both_wrong,7,False
2252,1,safety for babies and children,"Before the first use of your bed, zip it into this protector.",negative,negative,negative,both_correct,12,False
2252,1,"ease of use, assembly and convenience","Before the first use of your bed, zip it into this protector.",negative,negative,negative,both_correct,12,False
2252,2,"durability, washability and longevity","Last week, my husband spilled a full cocktail in bed; no worries - washed linens and wiped my mattress protector.",negative,negative,negative,both_correct,20,True
2252,2,customer service and seller support,"Last week, my husband spilled a full cocktail in bed; no worries - washed linens and wiped my mattress protector.",negative,negative,negative,both_correct,20,True
2252,3,product quality and performance,Use a good mattress pad and you'll never know the protector is even there!,negative,positive,negative,bert_fixes_baseline_error,14,True
2252,3,"comfort, softness and texture",Use a good mattress pad and you'll never know the protector is even there!,negative,positive,negative,bert_fixes_baseline_error,14,True
2255,0,"design, appearance and looks",Higher than normal step stool.,positive,positive,positive,both_correct,5,False
2255,0,product quality and performance,Higher than normal step stool.,positive,positive,positive,both_correct,5,False
2255,1,safety for babies and children,"Perfect for toddler in the bathroom to wash hands, brush teeth, etc.",positive,positive,positive,both_correct,12,False
2255,1,"ease of use, assembly and convenience","Perfect for toddler in the bathroom to wash hands, brush teeth, etc.",positive,positive,positive,both_correct,12,False
2255,2,"ease of use, assembly and convenience",we have one in each bathroom.,negative,negative,negative,both_correct,6,False
2255,3,product quality and performance,Would purchase again.,positive,positive,positive,both_correct,3,False
2255,3,"price, cost and value for money",Would purchase again.,positive,positive,positive,both_correct,3,False
2255,4,"design, appearance and looks",Nice quality.,positive,positive,positive,both_correct,2,False
2255,4,"comfort, softness and texture",Nice quality.,positive,positive,positive,both_correct,2,False
2270,0,product quality and performance,These transition nipples have been a lifesaver!,positive,positive,positive,both_correct,7,False
2270,0,safety for babies and children,These transition nipples have been a lifesaver!,positive,positive,positive,both_correct,7,False
2270,1,product quality and performance,Originally my son refused to drink with these; now this is all he will drink with!,negative,positive,positive,both_wrong,16,False
2270,1,safety for babies and children,Originally my son refused to drink with these; now this is all he will drink with!,negative,positive,positive,both_wrong,16,False
2274,0,product quality and performance,Very well made.,positive,positive,positive,both_correct,3,False
2274,0,"design, appearance and looks",Very well made.,positive,positive,positive,both_correct,3,False
2274,1,"design, appearance and looks",Beautiful.,positive,positive,positive,both_correct,1,False
2274,1,product quality and performance,Beautiful.,positive,positive,positive,both_correct,1,False
2274,2,product quality and performance,I am using small magnets to hold it to my metal door and it hold up fine.,positive,positive,positive,both_correct,17,False
2274,2,"ease of use, assembly and convenience",I am using small magnets to hold it to my metal door and it hold up fine.,positive,positive,positive,both_correct,17,False
2284,0,"comfort, softness and texture",Perfect for cold weather and my newborn.,positive,positive,positive,both_correct,7,False
2284,0,"ease of use, assembly and convenience",Perfect for cold weather and my newborn.,positive,positive,positive,both_correct,7,False
2313,0,product quality and performance,Best thing I bought for our twins.,positive,positive,positive,both_correct,7,False
2313,0,safety for babies and children,Best thing I bought for our twins.,positive,positive,positive,both_correct,7,False
2313,1,"ease of use, assembly and convenience",It folds up small and is light.,positive,positive,positive,both_correct,7,False
2313,1,"comfort, softness and texture",It folds up small and is light.,positive,positive,positive,both_correct,7,False
2313,1,"size, dimensions and fit",It folds up small and is light.,positive,positive,positive,both_correct,7,False
2313,2,product quality and performance,The kids love it compared to our tandem one.,positive,positive,positive,both_correct,9,False
2313,2,"comfort, softness and texture",The kids love it compared to our tandem one.,positive,positive,positive,both_correct,9,False
2313,3,"ease of use, assembly and convenience",Easy to steer and push.,positive,positive,positive,both_correct,5,False
2313,3,product quality and performance,Easy to steer and push.,positive,positive,positive,both_correct,5,False
2313,4,product quality and performance,The middle wheel did make it hard to go at a fast pace though we would kick it.,negative,negative,negative,both_correct,18,False
2313,5,product quality and performance,Going at a normal walking pace was no problem.,positive,negative,positive,bert_fixes_baseline_error,9,True
2313,5,"ease of use, assembly and convenience",Going at a normal walking pace was no problem.,positive,negative,positive,bert_fixes_baseline_error,9,True
2313,6,product quality and performance,I love this stroller!!,positive,positive,positive,both_correct,4,False
2313,6,"design, appearance and looks",I love this stroller!!,positive,positive,positive,both_correct,4,False
2329,0,product quality and performance,Durable and does not leak.,positive,positive,positive,both_correct,5,True
2329,0,"durability, washability and longevity",Durable and does not leak.,positive,positive,positive,both_correct,5,True
2342,0,product quality and performance,This is the BEST Pet Gate i have ever bought.,positive,positive,positive,both_correct,10,False
2342,0,"design, appearance and looks",This is the BEST Pet Gate i have ever bought.,positive,positive,positive,both_correct,10,False
2342,1,product quality and performance,"i love how Sturdy it is, how Easily it works,<br",positive,positive,positive,both_correct,10,False
2342,1,"durability, washability and longevity","i love how Sturdy it is, how Easily it works,<br",positive,positive,positive,both_correct,10,False
2342,2,product quality and performance,i am Just in Awe of how Great it is.,positive,positive,positive,both_correct,10,False
2342,2,"design, appearance and looks",i am Just in Awe of how Great it is.,positive,positive,positive,both_correct,10,False
2342,4,product quality and performance,and i have to unscrew and re-position the Bottom Of the Latch Side Twice.,negative,negative,negative,both_correct,14,False
2342,5,product quality and performance,"But once i had it in the Proper postion, it only Took a Couple minor adjustments to make i work smoothly.",negative,negative,negative,both_correct,21,True
2342,5,"ease of use, assembly and convenience","But once i had it in the Proper postion, it only Took a Couple minor adjustments to make i work smoothly.",negative,negative,negative,both_correct,21,True
2342,7,product quality and performance,But i Would Buy it again and Recommend it for any one with pets.,positive,positive,positive,both_correct,14,True
2342,9,product quality and performance,But for sure Pets.,positive,positive,positive,both_correct,4,True
2348,0,"price, cost and value for money",Really great deal!!,positive,positive,positive,both_correct,3,False
2348,1,product quality and performance,"Bought this for charity, arrived on time.",positive,positive,positive,both_correct,7,False
2348,1,customer service and seller support,"Bought this for charity, arrived on time.",positive,positive,positive,both_correct,7,False
2348,1,"packaging, shipping and delivery","Bought this for charity, arrived on time.",positive,positive,positive,both_correct,7,False
2348,2,product quality and performance,Very happy with it.,positive,positive,positive,both_correct,4,False
2348,2,"design, appearance and looks",Very happy with it.,positive,positive,positive,both_correct,4,False
2354,0,product quality and performance,This was a hit at a recent baby shower.,positive,negative,negative,both_wrong,9,False
2354,0,"design, appearance and looks",This was a hit at a recent baby shower.,positive,negative,negative,both_wrong,9,False
2354,2,product quality and performance,"This will be my ""go to"" for any upcoming baby showers.",positive,positive,positive,both_correct,11,False
2354,2,"ease of use, assembly and convenience","This will be my ""go to"" for any upcoming baby showers.",positive,positive,positive,both_correct,11,False
2354,3,"design, appearance and looks",It was well packaged and just a great gift.,positive,positive,positive,both_correct,9,False
2354,3,product quality and performance,It was well packaged and just a great gift.,positive,positive,positive,both_correct,9,False
2354,4,product quality and performance,"I prefer giving personal gifts rather than diapers and this was perfect,",positive,positive,positive,both_correct,12,False
2354,4,"comfort, softness and texture","I prefer giving personal gifts rather than diapers and this was perfect,",positive,positive,positive,both_correct,12,False
2381,0,"design, appearance and looks",like that they stick to windows,negative,negative,negative,both_correct,6,False
2381,0,"durability, washability and longevity",like that they stick to windows,negative,negative,negative,both_correct,6,False
2384,0,"comfort, softness and texture",wonderful and soft!!,positive,positive,positive,both_correct,3,False
2384,0,product quality and performance,wonderful and soft!!,positive,positive,positive,both_correct,3,False
2424,0,product quality and performance,Awesome product.,positive,positive,positive,both_correct,2,False
2424,0,"design, appearance and looks",Awesome product.,positive,positive,positive,both_correct,2,False
2424,1,product quality and performance,Just as described.,positive,positive,positive,both_correct,3,False
2424,1,"ease of use, assembly and convenience",Just as described.,positive,positive,positive,both_correct,3,False
2443,1,product quality and performance,This one is by far the best,positive,positive,positive,both_correct,7,False
2444,0,"comfort, softness and texture",Grandbaby loves these,positive,positive,positive,both_correct,3,False
2444,0,"design, appearance and looks",Grandbaby loves these,positive,positive,positive,both_correct,3,False
2453,0,product quality and performance,We love that these gates have the capability to be out of the way when not in use!,positive,positive,positive,both_correct,18,True
2453,0,"design, appearance and looks",We love that these gates have the capability to be out of the way when not in use!,positive,positive,positive,both_correct,18,True
2453,1,"comfort, softness and texture",So convenient,positive,positive,positive,both_correct,2,False
2453,1,"ease of use, assembly and convenience",So convenient,positive,positive,positive,both_correct,2,False
2453,2,product quality and performance,and they seem to do the job well.,positive,positive,positive,both_correct,8,False
2453,3,product quality and performance,"We've only had them installed for a couple weeks, but they seem sturdy and reliable.",positive,positive,positive,both_correct,15,True
2453,3,"durability, washability and longevity","We've only had them installed for a couple weeks, but they seem sturdy and reliable.",positive,positive,positive,both_correct,15,True
2453,5,"price, cost and value for money","When we went back to get the 3rd, the price had spiked up by $30!",negative,negative,negative,both_correct,15,False
2453,7,product quality and performance,"The only regret we have is not purchasing the other 2 as ""like new.""",negative,negative,negative,both_correct,14,True
2453,7,"price, cost and value for money","The only regret we have is not purchasing the other 2 as ""like new.""",negative,negative,negative,both_correct,14,True
2453,9,product quality and performance,/>We would definitely recommend this gate!!,positive,positive,positive,both_correct,6,False
2453,9,"design, appearance and looks",/>We would definitely recommend this gate!!,positive,positive,positive,both_correct,6,False
2455,1,"price, cost and value for money",and we get it right here on Amazon for better price than the store.,negative,positive,negative,bert_fixes_baseline_error,14,False
2455,1,"ease of use, assembly and convenience",and we get it right here on Amazon for better price than the store.,negative,positive,negative,bert_fixes_baseline_error,14,False
2455,2,product quality and performance,He uses it when he is sweating and working hard to replace important nutrients.,negative,negative,negative,both_correct,14,False
2455,3,product quality and performance,He tends to get cramps and this helps a lot.,positive,negative,positive,bert_fixes_baseline_error,10,False
2459,0,product quality and performance,I use this for our new adopted dog so he can't go down into or basement,negative,negative,negative,both_correct,16,True
2459,0,"ease of use, assembly and convenience",I use this for our new adopted dog so he can't go down into or basement,negative,negative,negative,both_correct,16,True
2461,0,safety for babies and children,"Our 2 year old is tall, always 90th percentile for his age, and could reach a door handle easily at two.",positive,positive,positive,both_correct,21,False
2461,2,product quality and performance,"We purchased the pinch and twist one first, and the smart little man figured out how to manipulate that one, so sometimes he could still get the door open.",positive,negative,positive,bert_fixes_baseline_error,29,False
2461,2,safety for babies and children,"We purchased the pinch and twist one first, and the smart little man figured out how to manipulate that one, so sometimes he could still get the door open.",positive,negative,positive,bert_fixes_baseline_error,29,False
2462,0,"comfort, softness and texture","It's safe, soft and warm fleece",positive,positive,positive,both_correct,6,False
2462,0,product quality and performance,"It's safe, soft and warm fleece",positive,positive,positive,both_correct,6,False
2462,0,safety for babies and children,"It's safe, soft and warm fleece",positive,positive,positive,both_correct,6,False
2471,1,"comfort, softness and texture",It's Johnson's Baby Shampoo.,positive,positive,positive,both_correct,4,False
2471,1,product quality and performance,It's Johnson's Baby Shampoo.,positive,negative,positive,bert_fixes_baseline_error,4,False
2471,2,product quality and performance,My daughter uses it for body wash and shampoo..,negative,positive,negative,bert_fixes_baseline_error,9,False
2471,2,"durability, washability and longevity",My daughter uses it for body wash and shampoo..,negative,negative,negative,both_correct,9,False
2471,3,product quality and performance,she loves it.,positive,positive,positive,both_correct,3,False
2471,3,"comfort, softness and texture",she loves it.,positive,positive,positive,both_correct,3,False
2476,0,"design, appearance and looks",I like it!,positive,positive,positive,both_correct,3,False
2476,0,product quality and performance,I like it!,positive,positive,positive,both_correct,3,False
2478,0,"comfort, softness and texture",Works for dog paws too,negative,positive,negative,bert_fixes_baseline_error,5,False
2478,0,"durability, washability and longevity",Works for dog paws too,negative,positive,negative,bert_fixes_baseline_error,5,False
2479,0,"design, appearance and looks",Bought these for my sister's baby shower.,negative,positive,positive,both_wrong,7,False
2479,0,product quality and performance,Bought these for my sister's baby shower.,negative,positive,negative,bert_fixes_baseline_error,7,False
2479,1,"design, appearance and looks",Filled the bottles with M & M's and used the flowers for decorating diaper cakes.,negative,negative,negative,both_correct,15,False
2479,2,product quality and performance,They were perfect for what we needed!,positive,positive,positive,both_correct,7,False
2479,2,"ease of use, assembly and convenience",They were perfect for what we needed!,positive,positive,positive,both_correct,7,False
2484,0,product quality and performance,Overall I like them,positive,positive,positive,both_correct,4,False
2484,0,"design, appearance and looks",Overall I like them,positive,positive,positive,both_correct,4,False
2484,1,"size, dimensions and fit",But.. They don't fit any size cup.,negative,negative,negative,both_correct,7,True
2484,2,"size, dimensions and fit",They work best on small cups and I doubt they could be forced stretched to fit others without spilling it all.,positive,negative,positive,bert_fixes_baseline_error,21,False
2484,2,product quality and performance,They work best on small cups and I doubt they could be forced stretched to fit others without spilling it all.,positive,negative,positive,bert_fixes_baseline_error,21,False
2484,3,"size, dimensions and fit",Use small cups. <br,negative,negative,negative,both_correct,4,False
2484,3,safety for babies and children,Use small cups. <br,negative,negative,negative,both_correct,4,False
2484,7,product quality and performance,they are nice and easy to clean.,positive,positive,positive,both_correct,7,False
2484,7,"design, appearance and looks",they are nice and easy to clean.,positive,positive,positive,both_correct,7,False
2484,7,"ease of use, assembly and convenience",they are nice and easy to clean.,positive,positive,positive,both_correct,7,False
2484,8,"ease of use, assembly and convenience",Plus I don't have to find matching cups and lids !,negative,positive,positive,both_wrong,11,True
2484,8,"design, appearance and looks",Plus I don't have to find matching cups and lids !,negative,positive,positive,both_wrong,11,True
2493,1,safety for babies and children,We plan on using this with a newborn when we travel soon.,positive,negative,negative,both_wrong,12,False
2493,1,product quality and performance,We plan on using this with a newborn when we travel soon.,positive,negative,positive,bert_fixes_baseline_error,12,False
2493,2,product quality and performance,"Although, it seems of good quality.",positive,positive,positive,both_correct,6,True
2493,2,"design, appearance and looks","Although, it seems of good quality.",positive,positive,positive,both_correct,6,True
2493,3,"design, appearance and looks",Owl mattress pad is cute.,positive,positive,positive,both_correct,5,False
2493,3,"comfort, softness and texture",Owl mattress pad is cute.,positive,positive,positive,both_correct,5,False
2493,4,"ease of use, assembly and convenience",Opens and snaps in place.,positive,positive,positive,both_correct,5,False
2493,4,product quality and performance,Opens and snaps in place.,positive,positive,positive,both_correct,5,False
2493,5,"ease of use, assembly and convenience",Push 4 buttons to fold and go.,negative,positive,positive,both_wrong,7,False
2493,5,product quality and performance,Push 4 buttons to fold and go.,negative,positive,positive,both_wrong,7,False
2493,6,"ease of use, assembly and convenience",Buttons/folding is simple and quick.,positive,positive,positive,both_correct,5,False
2493,6,product quality and performance,Buttons/folding is simple and quick.,positive,positive,positive,both_correct,5,False
2513,0,product quality and performance,Nice size and quality is great,positive,positive,positive,both_correct,6,False
2513,0,"design, appearance and looks",Nice size and quality is great,positive,positive,positive,both_correct,6,False
2517,0,product quality and performance,Surprised in the quality --top notch.,positive,positive,positive,both_correct,6,True
2526,0,product quality and performance,The diaper bag is true to color and very sturdy/well made.,positive,positive,positive,both_correct,11,False
2526,0,"design, appearance and looks",The diaper bag is true to color and very sturdy/well made.,positive,positive,positive,both_correct,11,False
2526,2,product quality and performance,I bought this bag for my son and he loves it!,positive,positive,positive,both_correct,11,False
2526,2,safety for babies and children,I bought this bag for my son and he loves it!,positive,positive,positive,both_correct,11,False
2526,3,safety for babies and children,My Granddaughters are 1 month and 10 month old,positive,positive,positive,both_correct,9,False
2526,4,safety for babies and children,"so they have different diaper sizes, bottles, clothes, and formula.",negative,negative,negative,both_correct,10,False
2526,5,safety for babies and children,"I was able to fit backup clothes for both girls as well as 20 diapers, 2 containers of formula, toys, and snacks inside the bag and still had room left over!",negative,negative,negative,both_correct,31,False
2526,5,"ease of use, assembly and convenience","I was able to fit backup clothes for both girls as well as 20 diapers, 2 containers of formula, toys, and snacks inside the bag and still had room left over!",negative,negative,negative,both_correct,31,False
2526,5,"size, dimensions and fit","I was able to fit backup clothes for both girls as well as 20 diapers, 2 containers of formula, toys, and snacks inside the bag and still had room left over!",negative,negative,negative,both_correct,31,False
2526,6,product quality and performance,This diaper bag is worth every penny and much better than the previous two bags I purchased from JCP.,positive,positive,positive,both_correct,19,False
2526,6,"price, cost and value for money",This diaper bag is worth every penny and much better than the previous two bags I purchased from JCP.,positive,positive,positive,both_correct,19,False
2529,0,"size, dimensions and fit","Nice, big piggy bank.",positive,positive,positive,both_correct,4,False
2529,0,"design, appearance and looks","Nice, big piggy bank.",positive,positive,positive,both_correct,4,False
2529,1,product quality and performance,Holds lots of change.,positive,positive,positive,both_correct,4,False
2529,1,"price, cost and value for money",Holds lots of change.,positive,positive,positive,both_correct,4,False
2529,2,product quality and performance,Great for boy or girl and for older ages too.,positive,positive,positive,both_correct,10,False
2529,2,"comfort, softness and texture",Great for boy or girl and for older ages too.,positive,positive,positive,both_correct,10,False
2542,0,"comfort, softness and texture",These are my favorite baby spoons.,positive,positive,positive,both_correct,6,False
2542,0,product quality and performance,These are my favorite baby spoons.,positive,positive,positive,both_correct,6,False
2542,1,"comfort, softness and texture",They are long handled which makes feeding easier.,positive,negative,positive,bert_fixes_baseline_error,8,False
2542,1,"ease of use, assembly and convenience",They are long handled which makes feeding easier.,positive,negative,positive,bert_fixes_baseline_error,8,False
2542,2,"comfort, softness and texture","They are plastic but the edges are smooth, unlike some baby spoons",positive,positive,positive,both_correct,12,True
2542,2,"design, appearance and looks","They are plastic but the edges are smooth, unlike some baby spoons",positive,positive,positive,both_correct,12,True
2554,1,product quality and performance,"Everyone who has seen it, absolutely loves it.",positive,positive,positive,both_correct,8,False
2554,1,"design, appearance and looks","Everyone who has seen it, absolutely loves it.",positive,positive,positive,both_correct,8,False
2570,0,"durability, washability and longevity",Not moist at all they are dry,negative,negative,negative,both_correct,7,True
2570,0,product quality and performance,Not moist at all they are dry,negative,negative,negative,both_correct,7,True
2571,0,"ease of use, assembly and convenience",Just what I needed,positive,positive,positive,both_correct,4,False
2571,0,"comfort, softness and texture",Just what I needed,positive,positive,positive,both_correct,4,False
2585,0,safety for babies and children,I get an obvious reaction from my 6 week old grandson when interacting with this toy.,positive,negative,positive,bert_fixes_baseline_error,16,False
2585,0,product quality and performance,I get an obvious reaction from my 6 week old grandson when interacting with this toy.,positive,negative,positive,bert_fixes_baseline_error,16,False
2585,1,"design, appearance and looks",He has a repeatable favorite square he will coo and smile at.,positive,positive,positive,both_correct,12,False
2585,1,"comfort, softness and texture",He has a repeatable favorite square he will coo and smile at.,positive,positive,positive,both_correct,12,False
2593,0,product quality and performance,Couldn't ask for a better product.,negative,negative,positive,bert_introduces_new_error,6,True
2593,1,product quality and performance,I use many Aquafor products and am very happy,positive,positive,positive,both_correct,9,False
2593,1,"comfort, softness and texture",I use many Aquafor products and am very happy,positive,positive,positive,both_correct,9,False
2621,0,product quality and performance,"This stuff is a lifesaver, literally.",positive,positive,positive,both_correct,6,False
2621,0,safety for babies and children,"This stuff is a lifesaver, literally.",positive,positive,positive,both_correct,6,False
2625,0,"design, appearance and looks",[[VIDEOID:5901cfbd5ad0b4d352b79b5b502c0522]] This gate is amazing!,positive,positive,positive,both_correct,5,False
2625,0,product quality and performance,[[VIDEOID:5901cfbd5ad0b4d352b79b5b502c0522]] This gate is amazing!,positive,positive,positive,both_correct,5,False
2625,1,safety for babies and children,I just got a new puppy and in need of a puppy gate.,negative,negative,negative,both_correct,13,False
2625,1,"design, appearance and looks",I just got a new puppy and in need of a puppy gate.,negative,negative,negative,both_correct,13,False
2625,2,"ease of use, assembly and convenience",This is super easy to install and it block my dog very well!,negative,positive,positive,both_wrong,13,False
2625,2,product quality and performance,This is super easy to install and it block my dog very well!,negative,positive,positive,both_wrong,13,False
2625,3,product quality and performance,The quality is very sturdy!,positive,positive,positive,both_correct,5,False
2625,3,"durability, washability and longevity",The quality is very sturdy!,positive,positive,positive,both_correct,5,False
2625,4,product quality and performance,Im pleased!,positive,positive,positive,both_correct,2,False
2625,4,"design, appearance and looks",Im pleased!,positive,positive,positive,both_correct,2,False
2630,0,"comfort, softness and texture",This feels just like Johnson's.,positive,positive,positive,both_correct,5,False
2630,0,product quality and performance,This feels just like Johnson's.,positive,positive,positive,both_correct,5,False
2630,1,"price, cost and value for money","But the expiring date is in nine months, which is very soon, for a bottle like this.",negative,negative,negative,both_correct,17,True
2630,2,customer service and seller support,Not happy with sending me this almost expired item.,negative,negative,negative,both_correct,9,True
2648,0,"comfort, softness and texture",Wish they could interlock with each other,negative,negative,negative,both_correct,7,False
2652,0,product quality and performance,"Perfect picture quality, zoom and song features.",positive,positive,positive,both_correct,7,False
2654,0,"ease of use, assembly and convenience","Love the multi compartment, making it easy for hubby to find his products.",positive,positive,positive,both_correct,13,False
2654,0,"design, appearance and looks","Love the multi compartment, making it easy for hubby to find his products.",positive,positive,positive,both_correct,13,False
2654,1,product quality and performance,"Dries quickly, holds a good bit of weight as well.",positive,positive,positive,both_correct,10,False
2654,1,"durability, washability and longevity","Dries quickly, holds a good bit of weight as well.",positive,positive,positive,both_correct,10,False
2701,0,"price, cost and value for money",We purchased a very expensive crib not knowing that the conversion kit was not in the box.,negative,negative,negative,both_correct,17,True
2701,0,safety for babies and children,We purchased a very expensive crib not knowing that the conversion kit was not in the box.,negative,negative,negative,both_correct,17,True
2701,1,"price, cost and value for money",As time went on we had become pregnant with our second child and it honestly slipped our minds to check into the cost of this kit.,negative,positive,negative,bert_fixes_baseline_error,26,False
2701,1,safety for babies and children,As time went on we had become pregnant with our second child and it honestly slipped our minds to check into the cost of this kit.,negative,positive,negative,bert_fixes_baseline_error,26,False
2701,2,"price, cost and value for money",Once we did the research we realize we would be spending hundreds of dollars to transfer to a toddler bed and then again to a full size.,negative,negative,negative,both_correct,27,False
2701,2,safety for babies and children,Once we did the research we realize we would be spending hundreds of dollars to transfer to a toddler bed and then again to a full size.,negative,negative,negative,both_correct,27,False
2701,2,"size, dimensions and fit",Once we did the research we realize we would be spending hundreds of dollars to transfer to a toddler bed and then again to a full size.,negative,negative,negative,both_correct,27,False
2701,3,product quality and performance,This is not something you're interested in doing. We are very happy with this mesh security rail.,positive,positive,negative,bert_introduces_new_error,17,True
2701,4,product quality and performance,It was a great alternative to the expensive conversion kit and works well with her crib.,positive,positive,positive,both_correct,16,False
2701,4,"price, cost and value for money",It was a great alternative to the expensive conversion kit and works well with her crib.,positive,positive,positive,both_correct,16,False
2701,5,product quality and performance,Our daughter is able to easily get in and out of the bed.,positive,positive,positive,both_correct,13,False
2701,5,"ease of use, assembly and convenience",Our daughter is able to easily get in and out of the bed.,positive,positive,positive,both_correct,13,False
2701,6,product quality and performance,We highly recommend this as an alternative to anyone looking to transition to a toddler bed.,positive,positive,positive,both_correct,16,False
2701,6,"comfort, softness and texture",We highly recommend this as an alternative to anyone looking to transition to a toddler bed.,positive,positive,positive,both_correct,16,False
2701,7,product quality and performance,It is worked well for us and gives parents peace of mind as their little ones sleep.,positive,positive,positive,both_correct,17,False
2701,7,safety for babies and children,It is worked well for us and gives parents peace of mind as their little ones sleep.,positive,positive,positive,both_correct,17,False
2703,0,product quality and performance,This product has issues with the mat (base) not seating properly.,negative,positive,negative,bert_fixes_baseline_error,11,True
2703,1,"design, appearance and looks",It creates lumps and sagging in spots.,negative,negative,negative,both_correct,7,False
2703,2,safety for babies and children,We had to reposition our son multiple times throughout a day when we was playing in it.,negative,negative,negative,both_correct,17,False
2703,2,product quality and performance,We had to reposition our son multiple times throughout a day when we was playing in it.,negative,negative,negative,both_correct,17,False
2703,4,safety for babies and children,I would not recommend using for sleeping.,negative,negative,negative,both_correct,7,True
2724,1,"size, dimensions and fit","He's at the weight where he has about 10 more pounds and he will outgrow these (he's 102 pounds at 5'3"" height).",negative,negative,negative,both_correct,22,False
2724,4,"size, dimensions and fit",The adult XS are just huge on him and cause more leakage issues with the large leg openings and massive stretch allowance in the waist of the adult briefs than we accidentally have with these sometimes.,negative,positive,negative,bert_fixes_baseline_error,36,False
2724,4,product quality and performance,The adult XS are just huge on him and cause more leakage issues with the large leg openings and massive stretch allowance in the waist of the adult briefs than we accidentally have with these sometimes.,negative,positive,negative,bert_fixes_baseline_error,36,False
2724,5,product quality and performance,We did find in our particular situation that putting boys boxer briefs on top of the GoodNites has all but eliminated shifting and 'escape' of his privates.,negative,positive,negative,bert_fixes_baseline_error,27,True
2724,5,"ease of use, assembly and convenience",We did find in our particular situation that putting boys boxer briefs on top of the GoodNites has all but eliminated shifting and 'escape' of his privates.,negative,positive,negative,bert_fixes_baseline_error,27,True
2739,0,product quality and performance,I like that it is talc free,positive,negative,positive,bert_fixes_baseline_error,7,False
2739,0,"comfort, softness and texture",I like that it is talc free,positive,negative,positive,bert_fixes_baseline_error,7,False
2745,1,"ease of use, assembly and convenience","I use it as a silverware, plate, seasonings caddy for camping!!",negative,negative,negative,both_correct,11,False
2745,1,"durability, washability and longevity","I use it as a silverware, plate, seasonings caddy for camping!!",negative,negative,negative,both_correct,11,False
2755,0,"ease of use, assembly and convenience",Great size for baby wipes,positive,positive,positive,both_correct,5,False
2755,0,product quality and performance,Great size for baby wipes,positive,positive,positive,both_correct,5,False
2755,0,"size, dimensions and fit",Great size for baby wipes,positive,positive,positive,both_correct,5,False
2765,0,product quality and performance,"We've tried every diaper cream on the market and this is, hands down, the best!",positive,positive,positive,both_correct,15,False
2765,1,"price, cost and value for money",It costs a little more than the competitors but it is worth every penny!,positive,positive,positive,both_correct,14,True
2765,1,product quality and performance,It costs a little more than the competitors but it is worth every penny!,positive,positive,positive,both_correct,14,True
2765,2,"durability, washability and longevity",We always make sure we have a spare jar on hand in case we run out.,positive,negative,negative,both_wrong,16,False
2765,3,product quality and performance,We never want to be without it.,positive,positive,positive,both_correct,7,True
2765,5,safety for babies and children,This brand also has a diaper cream called Triple Paste AF (anti-fungal) that works great on little girls' yeast infections.,positive,positive,positive,both_correct,20,False
2765,6,"price, cost and value for money",We get it on amazon or at our local pharmacy OTC.,negative,negative,negative,both_correct,11,False
2765,6,"ease of use, assembly and convenience",We get it on amazon or at our local pharmacy OTC.,negative,negative,negative,both_correct,11,False
2767,0,"design, appearance and looks",Everyone with little kids knows that youngsters love anything that lights up and makes sounds.,positive,positive,positive,both_correct,15,False
2767,1,"design, appearance and looks",These types of toys are so beloved because they stimulate the senses and a relevant example is this sheep from Wow!,positive,positive,positive,both_correct,21,False
2767,3,product quality and performance,"You place the sheep on a specific color, and it lights up to the same color.",positive,positive,positive,both_correct,16,False
2767,3,"ease of use, assembly and convenience","You place the sheep on a specific color, and it lights up to the same color.",positive,positive,positive,both_correct,16,False
2767,3,"design, appearance and looks","You place the sheep on a specific color, and it lights up to the same color.",positive,positive,positive,both_correct,16,False
2767,5,product quality and performance,This is above and beyond other lighting and sound- producing toys and it is a cool concept for certain. <br,positive,positive,positive,both_correct,20,False
2767,5,"design, appearance and looks",This is above and beyond other lighting and sound- producing toys and it is a cool concept for certain. <br,positive,positive,positive,both_correct,20,False
2767,6,product quality and performance,"/>As much as the qualities of this toy sound impressive, it does have a flaw or two.",negative,negative,negative,both_correct,17,False
2767,8,product quality and performance,"The problem is obvious: it's only a matter of time until the paper rips, gets lost, gets crumpled, etc.",negative,negative,negative,both_correct,19,False
2767,9,"price, cost and value for money","It would have made more sense to have laminated this, but I guess the manufacturer wanted to save a little money. The success rate for the sheep is generally good.",positive,positive,positive,both_correct,30,True
2767,9,product quality and performance,"It would have made more sense to have laminated this, but I guess the manufacturer wanted to save a little money. The success rate for the sheep is generally good.",positive,positive,positive,both_correct,30,True
2767,10,product quality and performance,"Sometimes, it is slow to register when it's placed on a different color and it may or may not change color as a result.",negative,negative,negative,both_correct,24,True
2767,11,"design, appearance and looks","You may need to lift it up, then place it back down again, to get it to register the exact color you want. <br",negative,negative,negative,both_correct,24,False
2767,11,product quality and performance,"You may need to lift it up, then place it back down again, to get it to register the exact color you want. <br",negative,negative,negative,both_correct,24,False
2767,12,"design, appearance and looks",/>It's cool that this CoComelon toy lights up with different colored lights and states the name of the color because it can help young children learn.,positive,negative,positive,bert_fixes_baseline_error,26,False
2767,13,product quality and performance,But the cheap inclusion of a paper strip and the spotty reliability of the color- changing mechanism convince me to rate this toy average overall.,negative,negative,negative,both_correct,25,True
2767,13,"price, cost and value for money",But the cheap inclusion of a paper strip and the spotty reliability of the color- changing mechanism convince me to rate this toy average overall.,negative,negative,negative,both_correct,25,True
2767,14,product quality and performance,"It's a great idea, but needs some updates to improve its rating.",negative,negative,negative,both_correct,12,True
2783,0,product quality and performance,It's ok.,positive,positive,positive,both_correct,2,False
2791,0,"price, cost and value for money",I bought the package and it was well priced.,positive,positive,positive,both_correct,9,False
2791,0,product quality and performance,I bought the package and it was well priced.,positive,positive,positive,both_correct,9,False
2791,0,"packaging, shipping and delivery",I bought the package and it was well priced.,positive,positive,positive,both_correct,9,False
2791,2,product quality and performance,but when I compared to the one I previous bought (with shea butter),negative,positive,negative,bert_fixes_baseline_error,13,True
2791,2,"price, cost and value for money",but when I compared to the one I previous bought (with shea butter),negative,positive,negative,bert_fixes_baseline_error,13,True
2791,3,"design, appearance and looks",I thought they were not as thick.,negative,negative,negative,both_correct,7,True
2791,3,product quality and performance,I thought they were not as thick.,negative,negative,negative,both_correct,7,True
2793,0,safety for babies and children,We bought this stroller for our 9 months baby.,positive,negative,positive,bert_fixes_baseline_error,9,False
2793,0,product quality and performance,We bought this stroller for our 9 months baby.,positive,positive,positive,both_correct,9,False
2793,1,product quality and performance,It is very light and sturdy.,positive,positive,positive,both_correct,6,False
2793,1,"durability, washability and longevity",It is very light and sturdy.,positive,positive,positive,both_correct,6,False
2793,2,product quality and performance,The quality of the components is excellent and so far the red color is still vivid.,positive,positive,positive,both_correct,16,False
2793,4,"price, cost and value for money",It was a little expensive and I hope it holds for a few years.,positive,positive,negative,bert_introduces_new_error,14,False
2793,4,product quality and performance,It was a little expensive and I hope it holds for a few years.,positive,positive,negative,bert_introduces_new_error,14,False
2809,0,"comfort, softness and texture",The material used to cover this item isns't as soft as I would like.,negative,negative,negative,both_correct,14,False
2809,0,product quality and performance,The material used to cover this item isns't as soft as I would like.,negative,negative,negative,both_correct,14,False
2809,2,"ease of use, assembly and convenience",Easy to put on and adjust.,positive,positive,positive,both_correct,6,False
2809,2,"comfort, softness and texture",Easy to put on and adjust.,positive,positive,positive,both_correct,6,False
2815,0,"design, appearance and looks",Love them.,positive,positive,positive,both_correct,2,False
2815,0,product quality and performance,Love them.,positive,positive,positive,both_correct,2,False
2815,1,product quality and performance,Great product!,positive,positive,positive,both_correct,2,False
2815,1,"design, appearance and looks",Great product!,positive,positive,positive,both_correct,2,False
2822,0,safety for babies and children,"Great at first and easy to clean, but once my child cut teeth she could have choked on the straw pieces she chewed off.",negative,negative,negative,both_correct,24,True
2822,0,product quality and performance,"Great at first and easy to clean, but once my child cut teeth she could have choked on the straw pieces she chewed off.",negative,negative,negative,both_correct,24,True
2829,0,"design, appearance and looks","This was a lot smaller than pictured,I was disappointed.",negative,negative,negative,both_correct,9,False
2829,0,"size, dimensions and fit","This was a lot smaller than pictured,I was disappointed.",negative,negative,negative,both_correct,9,False
2829,1,"design, appearance and looks",The color was nice though and the material was nice snd,positive,positive,positive,both_correct,11,False
2829,1,"comfort, softness and texture",The color was nice though and the material was nice snd,positive,positive,positive,both_correct,11,False
2829,2,safety for babies and children,"you could check on the baby ok,but did not cover like I thought it would.",negative,negative,negative,both_correct,15,True
2847,0,product quality and performance,I use this for my puppy's toys.,negative,negative,negative,both_correct,7,False
2847,0,"comfort, softness and texture",I use this for my puppy's toys.,negative,negative,negative,both_correct,7,False
2847,2,safety for babies and children,She chews the bag and plays and plays with no harm to this bag really.,positive,positive,positive,both_correct,15,True
2847,2,product quality and performance,She chews the bag and plays and plays with no harm to this bag really.,positive,positive,positive,both_correct,15,True
2847,3,product quality and performance,It is pretty sturdy.,positive,positive,positive,both_correct,4,False
2847,3,"durability, washability and longevity",It is pretty sturdy.,positive,positive,positive,both_correct,4,False
2847,4,"size, dimensions and fit","I would say that if you are using it for laundry, it won't fit much more than a child's clothing.",negative,negative,negative,both_correct,20,True
2847,5,"price, cost and value for money",An adult would maybe get a two day change in it..,negative,negative,negative,both_correct,11,False
2847,7,product quality and performance,I'm very happy with it though.,positive,positive,positive,both_correct,6,False
2847,7,"design, appearance and looks",I'm very happy with it though.,positive,positive,positive,both_correct,6,False
2850,0,product quality and performance,Great training pants for a boy.,positive,positive,positive,both_correct,6,False
2850,0,"design, appearance and looks",Great training pants for a boy.,positive,positive,positive,both_correct,6,False
2850,1,"size, dimensions and fit",Ordered a size down from normal clothes size.,negative,negative,negative,both_correct,8,False
2851,0,safety for babies and children,I bought this for my 8yo.,positive,negative,positive,bert_fixes_baseline_error,6,False
2851,0,"price, cost and value for money",I bought this for my 8yo.,positive,negative,positive,bert_fixes_baseline_error,6,False
2851,1,safety for babies and children,We use to have an EZPZ when she was younger and loved ours.,positive,negative,positive,bert_fixes_baseline_error,13,False
2851,1,"comfort, softness and texture",We use to have an EZPZ when she was younger and loved ours.,positive,positive,positive,both_correct,13,False
2851,2,"design, appearance and looks",I bought her this because she's a HUGE peppa pig fan and saw this and wanted it so bad.,negative,positive,negative,bert_fixes_baseline_error,19,False
2851,3,"design, appearance and looks",She loves it.,positive,positive,positive,both_correct,3,False
2851,3,"comfort, softness and texture",She loves it.,positive,positive,positive,both_correct,3,False
2851,4,product quality and performance,"Just like our old EZPZ, the suction holds up great.",positive,positive,positive,both_correct,10,False
2851,4,"durability, washability and longevity","Just like our old EZPZ, the suction holds up great.",positive,positive,positive,both_correct,10,False
2851,5,"durability, washability and longevity",We use on our marble counters.,negative,negative,negative,both_correct,6,False
2851,5,"comfort, softness and texture",We use on our marble counters.,negative,negative,negative,both_correct,6,False
2851,6,"comfort, softness and texture",She uses mostly for breakfast like cereal.,negative,negative,negative,both_correct,7,False
2851,7,product quality and performance,Washes great in the dishwasher.,positive,positive,positive,both_correct,5,False
2851,7,"durability, washability and longevity",Washes great in the dishwasher.,positive,positive,positive,both_correct,5,False
2860,0,"design, appearance and looks",I bought this cup in green and blue.,positive,negative,positive,bert_fixes_baseline_error,8,False
2860,0,product quality and performance,I bought this cup in green and blue.,positive,negative,positive,bert_fixes_baseline_error,8,False
2860,1,product quality and performance,Usually my husband gives me grief on buying stuff like this but he was super happy I bought these and has said so on several occassions.,positive,positive,positive,both_correct,26,True
2860,1,"design, appearance and looks",Usually my husband gives me grief on buying stuff like this but he was super happy I bought these and has said so on several occassions.,positive,positive,positive,both_correct,26,True
2860,2,safety for babies and children,"My toddler is super messy and when transitioning my son to a normal cup, we stuggled with numerous spills.",negative,negative,negative,both_correct,19,False
2860,3,product quality and performance,This is an EXCELLENT trainer is helping kids go from Sippy Cup to regular cup.,positive,positive,positive,both_correct,15,False
2860,3,safety for babies and children,This is an EXCELLENT trainer is helping kids go from Sippy Cup to regular cup.,positive,positive,positive,both_correct,15,False
2860,4,safety for babies and children,I even bought the gripped OXO Cup which I love for the easy grip and lip ease for small kids.,positive,positive,positive,both_correct,20,False
2860,4,product quality and performance,I even bought the gripped OXO Cup which I love for the easy grip and lip ease for small kids.,positive,positive,positive,both_correct,20,False
2860,4,"ease of use, assembly and convenience",I even bought the gripped OXO Cup which I love for the easy grip and lip ease for small kids.,positive,positive,positive,both_correct,20,False
2860,5,safety for babies and children,"However, this training cup has a clear plastic lid at the top with slitted slots around the top of the cup to make it easy for kids to learn how to drink out of the cup without making a huge spill.",negative,negative,negative,both_correct,41,True
2860,5,"design, appearance and looks","However, this training cup has a clear plastic lid at the top with slitted slots around the top of the cup to make it easy for kids to learn how to drink out of the cup without making a huge spill.",negative,negative,negative,both_correct,41,True
2860,5,"ease of use, assembly and convenience","However, this training cup has a clear plastic lid at the top with slitted slots around the top of the cup to make it easy for kids to learn how to drink out of the cup without making a huge spill.",negative,negative,negative,both_correct,41,True
2860,6,safety for babies and children,"This isn't spill proof like a sippy cup but it's just that a ""transition"" from sippy to cup.",negative,negative,negative,both_correct,18,True
2860,7,safety for babies and children,"Also, the grip on the sides make it easier for the small toddler hands to use and grip onto.",negative,positive,negative,bert_fixes_baseline_error,19,False
2860,7,"ease of use, assembly and convenience","Also, the grip on the sides make it easier for the small toddler hands to use and grip onto.",negative,positive,positive,both_wrong,19,False
2860,8,"design, appearance and looks","Additionally, I love that the lid piece at the top for the transition can be removed and used as a functional cup.",negative,positive,positive,both_wrong,22,False
2860,8,"ease of use, assembly and convenience","Additionally, I love that the lid piece at the top for the transition can be removed and used as a functional cup.",negative,positive,positive,both_wrong,22,False
2860,10,product quality and performance,I love OXO products and own several of their things.,positive,positive,positive,both_correct,10,False
2860,10,"design, appearance and looks",I love OXO products and own several of their things.,positive,positive,positive,both_correct,10,False
2860,11,product quality and performance,I was super happy this purchase.,positive,positive,positive,both_correct,6,False
2860,11,"ease of use, assembly and convenience",I was super happy this purchase.,positive,positive,positive,both_correct,6,False
2870,0,"comfort, softness and texture",I love these overnight diapers.,positive,positive,positive,both_correct,5,False
2870,0,product quality and performance,I love these overnight diapers.,positive,positive,positive,both_correct,5,False
2870,1,product quality and performance,We have only had a leak out once in the almost 2 years we've been using these for my son.,negative,negative,negative,both_correct,20,False
2870,1,"durability, washability and longevity",We have only had a leak out once in the almost 2 years we've been using these for my son.,negative,negative,negative,both_correct,20,False
2870,2,product quality and performance,"I use Honest Diapers since my son has a sensitivity to regular Huggies and Pampers however, since we only use these at night, we haven't had any issues.",positive,negative,positive,bert_fixes_baseline_error,28,True
2870,2,safety for babies and children,"I use Honest Diapers since my son has a sensitivity to regular Huggies and Pampers however, since we only use these at night, we haven't had any issues.",positive,negative,positive,bert_fixes_baseline_error,28,True
2870,3,product quality and performance,I would highly recommend these.,positive,positive,positive,both_correct,5,False
2870,3,"comfort, softness and texture",I would highly recommend these.,positive,positive,positive,both_correct,5,False
2870,4,safety for babies and children,My second baby is on its way and I will defintely be purchasing these for her as well.,positive,positive,positive,both_correct,18,False
2870,4,"price, cost and value for money",My second baby is on its way and I will defintely be purchasing these for her as well.,positive,positive,positive,both_correct,18,False
2877,0,"durability, washability and longevity",I replace these like every other month or so depending if we forget to moisten the pillows after a few days.,negative,negative,negative,both_correct,21,False
2877,0,product quality and performance,I replace these like every other month or so depending if we forget to moisten the pillows after a few days.,negative,negative,negative,both_correct,21,False
2877,1,"price, cost and value for money",The price on Amazon is comparable to most box stores and sometimes cheaper but these are delivered conveniently to my home so prefer to buy them with Amazon. We,negative,positive,negative,bert_fixes_baseline_error,29,True
2877,1,"ease of use, assembly and convenience",The price on Amazon is comparable to most box stores and sometimes cheaper but these are delivered conveniently to my home so prefer to buy them with Amazon. We,negative,positive,negative,bert_fixes_baseline_error,29,True
2877,1,"packaging, shipping and delivery",The price on Amazon is comparable to most box stores and sometimes cheaper but these are delivered conveniently to my home so prefer to buy them with Amazon. We,negative,positive,negative,bert_fixes_baseline_error,29,True
2877,2,product quality and performance,love the wipe warmer and these pillows keep my wonderful warmer working great with warm lovely wipes for my son's changes as well as for wiping his face.,positive,positive,positive,both_correct,28,False
2877,2,"comfort, softness and texture",love the wipe warmer and these pillows keep my wonderful warmer working great with warm lovely wipes for my son's changes as well as for wiping his face.,positive,positive,positive,both_correct,28,False
2877,3,product quality and performance,I can definitely tell that my wipes stay more moistened in his warmer versus in a regular wipe container.,negative,negative,negative,both_correct,19,False
2877,3,"durability, washability and longevity",I can definitely tell that my wipes stay more moistened in his warmer versus in a regular wipe container.,negative,negative,negative,both_correct,19,False
2877,4,"durability, washability and longevity",I recommend refreshing your pillows often to keep the longevity of your warmer working better.,positive,positive,positive,both_correct,15,False
2877,4,product quality and performance,I recommend refreshing your pillows often to keep the longevity of your warmer working better.,positive,positive,positive,both_correct,15,False
2879,0,"size, dimensions and fit",Maybe our crib is smaller than other cribs..not sure.,negative,negative,negative,both_correct,9,True
2879,0,safety for babies and children,Maybe our crib is smaller than other cribs..not sure.,negative,negative,negative,both_correct,9,True
2879,1,"price, cost and value for money",All I know is that this thing was a waste of my money.,negative,negative,negative,both_correct,13,False
2879,2,safety for babies and children,I had a nice Pottery Barn bumper on there until my son started rolling around in his crib and started rolling near the sides.,negative,negative,negative,both_correct,24,False
2879,2,"design, appearance and looks",I had a nice Pottery Barn bumper on there until my son started rolling around in his crib and started rolling near the sides.,negative,negative,negative,both_correct,24,False
2879,3,safety for babies and children,I bought him breathable bumper since i am scared of SIDS.,positive,positive,negative,bert_introduces_new_error,11,False
2879,3,"comfort, softness and texture",I bought him breathable bumper since i am scared of SIDS.,positive,positive,negative,bert_introduces_new_error,11,False
2879,4,safety for babies and children,"I have a SNUZA monitor and video monitor as I am a total SPAZ about it however, I was very bummed that this bumper didn't hold up to my baby.",negative,negative,negative,both_correct,30,True
2879,4,product quality and performance,"I have a SNUZA monitor and video monitor as I am a total SPAZ about it however, I was very bummed that this bumper didn't hold up to my baby.",negative,negative,negative,both_correct,30,True
2879,5,product quality and performance,My husband and I tightened this bumper on several occasions but my son was able to push his feet down on this bumper and manage to get his feet and leg stuck in the crib.,negative,negative,negative,both_correct,35,True
2879,5,safety for babies and children,My husband and I tightened this bumper on several occasions but my son was able to push his feet down on this bumper and manage to get his feet and leg stuck in the crib.,negative,negative,negative,both_correct,35,True
2879,6,safety for babies and children,"After many nights of my son crying because his leg was stuck in crib, I reluctantly put the old bumper back on.",negative,negative,negative,both_correct,22,False
2879,6,product quality and performance,"After many nights of my son crying because his leg was stuck in crib, I reluctantly put the old bumper back on.",negative,negative,negative,both_correct,22,False
2879,7,product quality and performance,"Since putting it back on, baby and I have slept better.",negative,negative,negative,both_correct,11,False
2879,7,safety for babies and children,"Since putting it back on, baby and I have slept better.",negative,negative,negative,both_correct,11,False
2879,8,product quality and performance,I think in theory these bumpers are good but ours did not hold up to our baby who likes to put his feet on everything.,negative,negative,negative,both_correct,25,True
2879,8,safety for babies and children,I think in theory these bumpers are good but ours did not hold up to our baby who likes to put his feet on everything.,negative,negative,negative,both_correct,25,True
2882,0,safety for babies and children,My son is 7 months old.,positive,negative,positive,bert_fixes_baseline_error,6,False
2882,1,product quality and performance,We use these everyday.,positive,negative,positive,bert_fixes_baseline_error,4,False
2882,1,"durability, washability and longevity",We use these everyday.,positive,negative,positive,bert_fixes_baseline_error,4,False
2882,2,"durability, washability and longevity",We haven't moved to solids so I haven't used these for the practical purposes of catching food but these clean very easily which is a huge plus and the velcro has worked after numerous washing.,positive,positive,positive,both_correct,35,True
2882,2,product quality and performance,We haven't moved to solids so I haven't used these for the practical purposes of catching food but these clean very easily which is a huge plus and the velcro has worked after numerous washing.,positive,positive,positive,both_correct,35,True
2882,4,"design, appearance and looks",They are super cute and we always get compliments on these bibs.,positive,positive,positive,both_correct,12,False
2882,4,product quality and performance,They are super cute and we always get compliments on these bibs.,positive,positive,positive,both_correct,12,False
2882,5,product quality and performance,I've boughten other Bumkin bibs and I am a huge fan now.,positive,positive,positive,both_correct,12,False
2882,5,"comfort, softness and texture",I've boughten other Bumkin bibs and I am a huge fan now.,positive,positive,positive,both_correct,12,False
2882,6,"durability, washability and longevity","Also, they don't fade like some of the other feeding bibs I've used.",positive,negative,positive,bert_fixes_baseline_error,13,True
2882,6,product quality and performance,"Also, they don't fade like some of the other feeding bibs I've used.",positive,positive,positive,both_correct,13,True
2883,0,"design, appearance and looks",I got these originally as a baby gift at my shower.,negative,negative,negative,both_correct,11,False
2883,1,product quality and performance,These now have become my go to item every month.,positive,positive,positive,both_correct,10,False
2883,1,"ease of use, assembly and convenience",These now have become my go to item every month.,positive,positive,positive,both_correct,10,False
2883,2,safety for babies and children,"I have some in the car, my purse, the diaper bag, the daycare at home, etc, etc.",negative,negative,negative,both_correct,17,False
2883,4,safety for babies and children,They are great as they help sanitize those gently hands because as infants you can't dapple a bunch of sanitizer on their hands from all the dirty germs so these were great for that purpose.,positive,positive,positive,both_correct,35,True
2883,5,"comfort, softness and texture","Additonally, they are gentle on the skin and leave your baby smelling just like a baby.",positive,positive,positive,both_correct,16,False
2883,5,product quality and performance,"Additonally, they are gentle on the skin and leave your baby smelling just like a baby.",positive,positive,positive,both_correct,16,False
2883,7,product quality and performance,"I have some of the Boogie Wipes but my son has sensitive skin and it seemed like everytime I used those, his skin would break out.",negative,positive,positive,both_wrong,26,True
2883,7,safety for babies and children,"I have some of the Boogie Wipes but my son has sensitive skin and it seemed like everytime I used those, his skin would break out.",negative,positive,positive,both_wrong,26,True
2883,8,"comfort, softness and texture","Also, these wipes are super soft.",positive,positive,positive,both_correct,6,False
2883,8,product quality and performance,"Also, these wipes are super soft.",positive,positive,positive,both_correct,6,False
2883,9,"price, cost and value for money","Finally, Amazon has the best price on these compared to all the other stores.",positive,positive,negative,bert_introduces_new_error,14,False
2883,10,"price, cost and value for money","Believe me, I've boughten them everywhere (both of the major baby stores and three of the main boxed stores) and the Amazon deal on the 2 pack is the best deal.",positive,positive,positive,both_correct,31,False
2891,0,product quality and performance,I have bought this item 3 times now.,positive,negative,positive,bert_fixes_baseline_error,8,False
2891,1,product quality and performance,I bought 2 for baby shower gifts (was a hit at both showers).,negative,positive,positive,both_wrong,13,False
2891,2,safety for babies and children,I just bought one for myself as I am expecting my first little one.,positive,positive,negative,bert_introduces_new_error,14,False
2891,2,"price, cost and value for money",I just bought one for myself as I am expecting my first little one.,positive,positive,negative,bert_introduces_new_error,14,False
2891,3,"ease of use, assembly and convenience",The item is handy for clean and dirty clothes so I don't have to carry around plastic zip lock bags for his dirty clothes.,positive,positive,positive,both_correct,24,True
2891,3,product quality and performance,The item is handy for clean and dirty clothes so I don't have to carry around plastic zip lock bags for his dirty clothes.,positive,positive,positive,both_correct,24,True
2891,4,"ease of use, assembly and convenience",I would recommend this to any new mom's are mom's that want keep their diaper bag organized.,positive,positive,negative,bert_introduces_new_error,17,False
2891,4,"design, appearance and looks",I would recommend this to any new mom's are mom's that want keep their diaper bag organized.,positive,positive,positive,both_correct,17,False
2891,5,"durability, washability and longevity",These bags are a life saver.,positive,positive,positive,both_correct,6,False
2891,5,product quality and performance,These bags are a life saver.,positive,positive,positive,both_correct,6,False
2905,0,"size, dimensions and fit",Hard to fit as it is limited by the amount it can move at any one time.,negative,negative,negative,both_correct,17,False
2905,1,"price, cost and value for money",Pay more and get a better one,negative,negative,negative,both_correct,7,False
2905,1,product quality and performance,Pay more and get a better one,negative,negative,negative,both_correct,7,False
2909,0,"size, dimensions and fit",Nice but to small for my use.,positive,negative,positive,bert_fixes_baseline_error,7,True
2909,0,product quality and performance,Nice but to small for my use.,positive,positive,positive,both_correct,7,True
2909,1,customer service and seller support,They were returned.,positive,negative,positive,bert_fixes_baseline_error,3,False
2909,1,"packaging, shipping and delivery",They were returned.,positive,negative,positive,bert_fixes_baseline_error,3,False
2910,1,product quality and performance,Very sturdy and strong.,positive,positive,positive,both_correct,4,False
2910,1,"durability, washability and longevity",Very sturdy and strong.,positive,positive,positive,both_correct,4,False
2910,2,"design, appearance and looks",Nice expensive looking bronze color.,positive,positive,positive,both_correct,5,False
2910,2,"price, cost and value for money",Nice expensive looking bronze color.,positive,positive,positive,both_correct,5,False
2910,3,"design, appearance and looks",I only wish they would also make a silver or gray color.,negative,negative,negative,both_correct,12,False
2918,0,"ease of use, assembly and convenience",Use it to mix with a crushed pill for one of our dogs.,negative,negative,negative,both_correct,13,False
2918,1,"comfort, softness and texture",Her favorite vehicle for her medication is Gerber's beef and gravy!,negative,positive,negative,bert_fixes_baseline_error,11,False
2931,1,safety for babies and children,My small for his age great-grandson would outgrow is very quickly.,negative,positive,negative,bert_fixes_baseline_error,11,False
2932,0,product quality and performance,"It was a little thick putting on, however, after it is on it smooths out great!",positive,positive,positive,both_correct,16,True
2932,0,"comfort, softness and texture","It was a little thick putting on, however, after it is on it smooths out great!",positive,positive,positive,both_correct,16,True
2935,1,safety for babies and children,I had come to dread washing my child's hair.,negative,negative,negative,both_correct,9,False
2935,1,"design, appearance and looks",I had come to dread washing my child's hair.,negative,negative,negative,both_correct,9,False
2935,3,"design, appearance and looks","She hated hair time in the bath, the shower, and even normally at the sink.",negative,negative,negative,both_correct,15,False
2935,4,safety for babies and children,I had sort of resigned myself to the struggle when another mom posted about this in a group.,negative,negative,negative,both_correct,18,True
2935,5,product quality and performance,"I immediately ordered it and today we had our first tear free, zero drama wash day.",negative,negative,negative,both_correct,16,False
2935,5,"durability, washability and longevity","I immediately ordered it and today we had our first tear free, zero drama wash day.",negative,negative,negative,both_correct,16,False
2935,6,"size, dimensions and fit",Mine is still small,negative,negative,negative,both_correct,4,False
2935,7,safety for babies and children,so I laid her on the counter with her over the sink and went about our wash.,negative,negative,negative,both_correct,17,False
2935,7,"ease of use, assembly and convenience",so I laid her on the counter with her over the sink and went about our wash.,negative,negative,negative,both_correct,17,False
2935,7,"durability, washability and longevity",so I laid her on the counter with her over the sink and went about our wash.,negative,negative,negative,both_correct,17,False
2935,8,"comfort, softness and texture",It was easy breezy.,positive,negative,positive,bert_fixes_baseline_error,4,False
2935,8,"ease of use, assembly and convenience",It was easy breezy.,positive,negative,positive,bert_fixes_baseline_error,4,False
2935,9,safety for babies and children,"No water in her face, no soaking mommy, no screaming, and kicking, no intense mommy guilt after.",negative,negative,negative,both_correct,17,True
2935,10,"price, cost and value for money",Buy this.,positive,positive,positive,both_correct,2,False
2935,10,product quality and performance,Buy this.,positive,positive,positive,both_correct,2,False
2935,12,product quality and performance,"The auction even worked on my old laminate counters, no problem.",negative,positive,negative,bert_fixes_baseline_error,11,True
2935,12,"ease of use, assembly and convenience","The auction even worked on my old laminate counters, no problem.",negative,positive,positive,both_wrong,11,True
2948,0,"comfort, softness and texture",My daughter became obsessed with puffs around 9 months of age.,negative,positive,negative,bert_fixes_baseline_error,11,False
2948,1,"comfort, softness and texture","When she wouldn't eat anything else, she always wanted puffs.",negative,negative,negative,both_correct,10,True
2948,3,"price, cost and value for money",I found these puffs and purchased the package. She,positive,positive,positive,both_correct,9,False
2948,3,"packaging, shipping and delivery",I found these puffs and purchased the package. She,positive,positive,positive,both_correct,9,False
2948,4,"comfort, softness and texture",*likes* these puffs.,positive,positive,positive,both_correct,3,False
2948,4,product quality and performance,*likes* these puffs.,positive,positive,positive,both_correct,3,False
2948,5,"comfort, softness and texture",She *LOVES* Gerber puffs.,positive,positive,positive,both_correct,4,False
2948,5,"design, appearance and looks",She *LOVES* Gerber puffs.,positive,positive,positive,both_correct,4,False
2948,6,product quality and performance,"I think the main difference is these puffs are harder and don't dissolve quite as easily as the Gerber puffs, so they require a bit more ""chewing"" or manipulation.",negative,negative,negative,both_correct,29,True
2948,7,"design, appearance and looks",Also the Gerber ones look like little stars - who am I to argue with the stars. The nutritional difference wasn't enough for me to keep buying these as they were sort of hit and miss with her.,negative,positive,negative,bert_fixes_baseline_error,38,True
2948,7,product quality and performance,Also the Gerber ones look like little stars - who am I to argue with the stars. The nutritional difference wasn't enough for me to keep buying these as they were sort of hit and miss with her.,negative,positive,negative,bert_fixes_baseline_error,38,True
2964,0,product quality and performance,I use these as burp clothes and their great.,positive,positive,positive,both_correct,9,False
2964,0,"comfort, softness and texture",I use these as burp clothes and their great.,positive,positive,positive,both_correct,9,False
2964,2,product quality and performance,I also bring a fresh one with me to work for when I'm pumping.,positive,positive,positive,both_correct,14,False
2964,2,"durability, washability and longevity",I also bring a fresh one with me to work for when I'm pumping.,positive,positive,positive,both_correct,14,False
2968,0,"size, dimensions and fit",The pump came with 24mm..I'm not sure how anyone could use those.,negative,negative,negative,both_correct,12,True
2968,0,"price, cost and value for money",The pump came with 24mm..I'm not sure how anyone could use those.,negative,negative,negative,both_correct,12,True
2968,1,product quality and performance,These worked great and got more milk out.,positive,positive,positive,both_correct,8,False
2968,1,"ease of use, assembly and convenience",These worked great and got more milk out.,positive,positive,positive,both_correct,8,False
2968,2,product quality and performance,"If your nipple is smooshed agaist the plastic at all, you should move up a size, so all milk can be extracted.",negative,negative,negative,both_correct,22,False
2968,2,safety for babies and children,"If your nipple is smooshed agaist the plastic at all, you should move up a size, so all milk can be extracted.",negative,negative,negative,both_correct,22,False
2968,3,product quality and performance,These were great and fit right on to my medela pump in style parts.,positive,positive,positive,both_correct,14,False
2968,3,"ease of use, assembly and convenience",These were great and fit right on to my medela pump in style parts.,positive,positive,positive,both_correct,14,False
2968,3,"size, dimensions and fit",These were great and fit right on to my medela pump in style parts.,positive,positive,positive,both_correct,14,False
2970,0,"comfort, softness and texture",These pads are really nice and soft.,positive,positive,positive,both_correct,7,False
2970,0,product quality and performance,These pads are really nice and soft.,positive,positive,positive,both_correct,7,False
2970,1,"design, appearance and looks","They fold open rounded, so that it doesn't look like a flat pad on your round breast and doesn't look odd under your shirt.",positive,negative,positive,bert_fixes_baseline_error,24,True
2970,1,product quality and performance,"They fold open rounded, so that it doesn't look like a flat pad on your round breast and doesn't look odd under your shirt.",positive,negative,positive,bert_fixes_baseline_error,24,True
2970,2,"durability, washability and longevity",Extremely absorbant.,positive,positive,positive,both_correct,2,False
2970,2,"comfort, softness and texture",Extremely absorbant.,positive,positive,positive,both_correct,2,False
2970,3,"ease of use, assembly and convenience",They are individual packed so you don't have to open 2 at once (if needed).,positive,positive,positive,both_correct,15,True
2970,3,"packaging, shipping and delivery",They are individual packed so you don't have to open 2 at once (if needed).,positive,positive,positive,both_correct,15,True
2970,4,"ease of use, assembly and convenience",And they are folded in half so they can fit in a small compartment in your purse or whatever.,negative,negative,negative,both_correct,19,False
2970,4,"size, dimensions and fit",And they are folded in half so they can fit in a small compartment in your purse or whatever.,negative,negative,negative,both_correct,19,False
2970,5,"ease of use, assembly and convenience",They also have a couple stick partches on the back so they stick to your bra and don't move out of place.,negative,negative,negative,both_correct,22,True
2970,5,"design, appearance and looks",They also have a couple stick partches on the back so they stick to your bra and don't move out of place.,negative,negative,negative,both_correct,22,True
2982,0,safety for babies and children,"very thick and pasty, hard to spread on baby",negative,negative,negative,both_correct,9,False
2983,1,safety for babies and children,My grandson doesn't like to be put somewhere where he can't move around.,negative,negative,negative,both_correct,13,True
2983,2,product quality and performance,This playpen is huge and he plays in it all of the time..no complaints from him lol.,positive,positive,positive,both_correct,17,True
2983,2,"size, dimensions and fit",This playpen is huge and he plays in it all of the time..no complaints from him lol.,positive,positive,positive,both_correct,17,True
2983,3,"price, cost and value for money",And a great price!,positive,positive,positive,both_correct,4,False
2983,3,product quality and performance,And a great price!,positive,positive,positive,both_correct,4,False
2988,0,product quality and performance,"I just started using them and so far, these are really great containers.",positive,positive,positive,both_correct,13,False
2988,0,"packaging, shipping and delivery","I just started using them and so far, these are really great containers.",positive,positive,positive,both_correct,13,False
2988,1,product quality and performance,Great size for the baby food purees that I make for my 6 month old grandson.,positive,positive,positive,both_correct,16,False
2988,1,"comfort, softness and texture",Great size for the baby food purees that I make for my 6 month old grandson.,positive,positive,positive,both_correct,16,False
2988,1,"size, dimensions and fit",Great size for the baby food purees that I make for my 6 month old grandson.,positive,positive,positive,both_correct,16,False
2990,0,product quality and performance,"My grandson loves this and it's very well made, but I'm a little disappointed in the makers of Baby Einstein as the little stars and big star with mirror doesn't move.",negative,positive,negative,bert_fixes_baseline_error,31,True
2990,0,"design, appearance and looks","My grandson loves this and it's very well made, but I'm a little disappointed in the makers of Baby Einstein as the little stars and big star with mirror doesn't move.",negative,positive,negative,bert_fixes_baseline_error,31,True
2992,0,product quality and performance,I use these gates to limit my dogs where they can go through the house.,negative,negative,negative,both_correct,15,False
2992,0,"price, cost and value for money",I use these gates to limit my dogs where they can go through the house.,negative,negative,negative,both_correct,15,False
2992,1,safety for babies and children,I have a puppy and need to keep an eye on her for now.,negative,negative,positive,bert_introduces_new_error,14,False
2992,2,safety for babies and children,They are also good for my grandson to limit him for travel through the house.,positive,positive,positive,both_correct,15,False
2992,2,"design, appearance and looks",They are also good for my grandson to limit him for travel through the house.,positive,positive,positive,both_correct,15,False
2992,3,"price, cost and value for money",Well worth the funds.,positive,positive,positive,both_correct,4,False
2992,3,product quality and performance,Well worth the funds.,positive,positive,positive,both_correct,4,False
2992,4,product quality and performance,I would buy again if I would need to. :),negative,negative,negative,both_correct,10,False
2992,4,"price, cost and value for money",I would buy again if I would need to. :),negative,negative,negative,both_correct,10,False
2995,0,"design, appearance and looks",My kids love these.,positive,positive,positive,both_correct,4,False
2995,0,product quality and performance,My kids love these.,positive,positive,positive,both_correct,4,False
2995,1,"durability, washability and longevity",They don't stain the bath either.,positive,positive,positive,both_correct,6,True
2995,1,product quality and performance,They don't stain the bath either.,positive,positive,positive,both_correct,6,True
2995,2,"ease of use, assembly and convenience",And we have put lots of them in at once.,negative,positive,negative,bert_fixes_baseline_error,10,False
2995,4,safety for babies and children,That was an accident but it still did not stain the tub or the kids!,negative,negative,positive,bert_introduces_new_error,15,True
2995,4,"durability, washability and longevity",That was an accident but it still did not stain the tub or the kids!,negative,negative,positive,bert_introduces_new_error,15,True
2995,6,"durability, washability and longevity",They last us a pretty long time also.,positive,negative,negative,both_wrong,8,False
2995,6,product quality and performance,They last us a pretty long time also.,positive,negative,negative,both_wrong,8,False
2996,0,safety for babies and children,We got this carseat a couple weeks ago transitioning from the infant seat.,negative,positive,negative,bert_fixes_baseline_error,13,False
2996,0,product quality and performance,We got this carseat a couple weeks ago transitioning from the infant seat.,negative,positive,negative,bert_fixes_baseline_error,13,False
2996,2,"size, dimensions and fit",The part between the legs that buckles is a bit too short.,negative,negative,negative,both_correct,12,False
2996,2,product quality and performance,The part between the legs that buckles is a bit too short.,negative,negative,negative,both_correct,12,False
2996,4,product quality and performance,but I can barely get it buckled sometimes.,negative,negative,negative,both_correct,8,True
2996,6,"size, dimensions and fit",I cannot get them adjusted right for some reason.,negative,negative,negative,both_correct,9,True
2996,7,"design, appearance and looks",They seem like they are too far down beneath her shoulders.,negative,negative,negative,both_correct,11,False
2996,7,"size, dimensions and fit",They seem like they are too far down beneath her shoulders.,negative,negative,negative,both_correct,11,False
2996,8,"size, dimensions and fit",And if there is a way to adjust them besides just raising the back up and down I have yet to figure it out.,negative,negative,negative,both_correct,24,False
2996,10,"design, appearance and looks",The color is better then I thought.,positive,positive,positive,both_correct,7,False
2996,10,product quality and performance,The color is better then I thought.,positive,positive,positive,both_correct,7,False
2996,11,"design, appearance and looks",I usually only buy the mostly black car seats due to hiding stains and spills.,negative,negative,negative,both_correct,15,False
2996,11,safety for babies and children,I usually only buy the mostly black car seats due to hiding stains and spills.,negative,negative,negative,both_correct,15,False
2996,14,product quality and performance,It also fits really well in our 2012 Ford F-150 truck.,positive,positive,positive,both_correct,11,False
2996,14,"size, dimensions and fit",It also fits really well in our 2012 Ford F-150 truck.,positive,positive,positive,both_correct,11,False
2996,15,"size, dimensions and fit",It's a four door and we have plenty of room which is a plus being tall.,positive,positive,positive,both_correct,16,False
2996,15,product quality and performance,It's a four door and we have plenty of room which is a plus being tall.,positive,positive,positive,both_correct,16,False
2996,16,safety for babies and children,My husband and I can still have our seats leaned pretty far back and have plenty of room for the car seat.,negative,negative,negative,both_correct,22,False
2996,16,product quality and performance,My husband and I can still have our seats leaned pretty far back and have plenty of room for the car seat.,negative,negative,negative,both_correct,22,False
2996,17,safety for babies and children,That was a concern of ours as our daughter is 15 months old and is still rear facing.,positive,positive,positive,both_correct,18,False
2996,18,product quality and performance,I do like the seat overall and most importantly she seems to like it as well.,positive,positive,positive,both_correct,16,False
2996,18,"design, appearance and looks",I do like the seat overall and most importantly she seems to like it as well.,positive,positive,positive,both_correct,16,False
2996,19,"comfort, softness and texture",It seems really snug fitting and hugs her body which is what we wanted.,positive,positive,positive,both_correct,14,False
2996,19,"design, appearance and looks",It seems really snug fitting and hugs her body which is what we wanted.,positive,positive,positive,both_correct,14,False
2996,19,"size, dimensions and fit",It seems really snug fitting and hugs her body which is what we wanted.,positive,positive,positive,both_correct,14,False
2996,21,"price, cost and value for money",Hope this helps out anyone trying to decide.,positive,positive,positive,both_correct,8,False
2996,22,"price, cost and value for money",I researched for a few weeks before deciding on this one.,negative,negative,negative,both_correct,11,False
2996,22,product quality and performance,I researched for a few weeks before deciding on this one.,negative,negative,negative,both_correct,11,False
2996,23,"price, cost and value for money",It seems like the best bang for your buck.,positive,positive,positive,both_correct,9,False
2996,23,product quality and performance,It seems like the best bang for your buck.,positive,positive,positive,both_correct,9,False
2996,24,product quality and performance,We had a chicco infant seat and we absolutely loved it!,positive,positive,positive,both_correct,11,False
2996,24,"design, appearance and looks",We had a chicco infant seat and we absolutely loved it!,positive,positive,positive,both_correct,11,False
2996,25,"size, dimensions and fit",Too bad she outgrew it!,negative,negative,negative,both_correct,5,False
2996,27,"price, cost and value for money",So if you can splurge a little I would suggest that one for the little babes!,negative,negative,negative,both_correct,16,False
2996,28,product quality and performance,It was awesome!,positive,positive,positive,both_correct,3,False
2996,28,"design, appearance and looks",It was awesome!,positive,positive,positive,both_correct,3,False
3028,0,product quality and performance,As a combination shampoo and body wash this doesn't do either great.,negative,positive,negative,bert_fixes_baseline_error,12,True
3028,1,"design, appearance and looks",Hair was a little limp & lifeless.,negative,negative,negative,both_correct,7,False
3028,1,product quality and performance,Hair was a little limp & lifeless.,negative,negative,negative,both_correct,7,False
3028,3,"durability, washability and longevity",but it wasn't left dry and flaky.,positive,negative,positive,bert_fixes_baseline_error,7,True
3028,3,product quality and performance,but it wasn't left dry and flaky.,positive,negative,positive,bert_fixes_baseline_error,7,True
3028,4,"price, cost and value for money",This is a middle of the road very expensive product.,negative,positive,negative,bert_fixes_baseline_error,10,False
3028,4,product quality and performance,This is a middle of the road very expensive product.,negative,positive,positive,both_wrong,10,False
3029,0,"price, cost and value for money",No more free tub in the box?,negative,negative,negative,both_correct,7,True
3029,1,"price, cost and value for money",Cheapskates.,negative,negative,negative,both_correct,1,False
3029,2,"price, cost and value for money",After going through an entire case of wipes the tub you used to get was ready to be replaced now there's no tub.,negative,negative,negative,both_correct,23,True
3029,3,"price, cost and value for money","Guess I'll duct tape the one I have until I can find one cheap, maybe at one of the dollar stores.",negative,negative,negative,both_correct,21,False
3029,3,"ease of use, assembly and convenience","Guess I'll duct tape the one I have until I can find one cheap, maybe at one of the dollar stores.",negative,negative,negative,both_correct,21,False
3029,4,product quality and performance,"As for the wipes, at least they haven't changed.",negative,negative,negative,both_correct,9,True
3029,6,"comfort, softness and texture","but I use these because they're very soft, moist",positive,positive,positive,both_correct,9,True
3029,6,product quality and performance,"but I use these because they're very soft, moist",positive,positive,positive,both_correct,9,True
3029,7,"comfort, softness and texture",and they smell nice.,positive,positive,positive,both_correct,4,False
3029,7,"design, appearance and looks",and they smell nice.,positive,positive,positive,both_correct,4,False
3029,8,product quality and performance,"Not only are they good for cleaning yourself up they're also great on keyboards, phones, Kindle screens (dry with a towel or low lint paper towel), anything plastic that gets dusty or grimy.",positive,negative,positive,bert_fixes_baseline_error,33,True
3029,8,"durability, washability and longevity","Not only are they good for cleaning yourself up they're also great on keyboards, phones, Kindle screens (dry with a towel or low lint paper towel), anything plastic that gets dusty or grimy.",positive,negative,positive,bert_fixes_baseline_error,33,True
3038,1,"design, appearance and looks",She can't lift her butt when she squats like she use to be able.,negative,negative,negative,both_correct,14,True
3038,1,product quality and performance,She can't lift her butt when she squats like she use to be able.,negative,negative,negative,both_correct,14,True
3038,2,product quality and performance,I have been using these to keep her fur clean and free from urine smell.,positive,negative,negative,both_wrong,15,False
3038,2,"durability, washability and longevity",I have been using these to keep her fur clean and free from urine smell.,positive,negative,negative,both_wrong,15,False
3038,3,product quality and performance,They do the job,positive,positive,positive,both_correct,4,False
3045,1,"price, cost and value for money",Difficult to find in my area.,negative,negative,negative,both_correct,6,False
3052,0,product quality and performance,Great stroller!,positive,positive,positive,both_correct,2,False
3052,0,"design, appearance and looks",Great stroller!,positive,positive,positive,both_correct,2,False
3052,1,"price, cost and value for money",Esp for the price I paid!,negative,positive,positive,both_wrong,6,False
3052,1,product quality and performance,Esp for the price I paid!,negative,positive,negative,bert_fixes_baseline_error,6,False
3052,2,"price, cost and value for money","(one of those ""useded"" deals that just meant the box was slightly damaged but stroller is new).",negative,negative,negative,both_correct,17,True
3052,3,product quality and performance,On my 5th kid and have been through 3 other jogging strollers (literally worn them right out due to constant use) this one is my (last) and favorite :),negative,negative,negative,both_correct,29,False
3052,3,"durability, washability and longevity",On my 5th kid and have been through 3 other jogging strollers (literally worn them right out due to constant use) this one is my (last) and favorite :),negative,negative,positive,bert_introduces_new_error,29,False
3062,0,"price, cost and value for money",Great product and was very affordable due to box damage but diapers were amazing Thanks amazon,positive,positive,positive,both_correct,16,True
3062,0,product quality and performance,Great product and was very affordable due to box damage but diapers were amazing Thanks amazon,positive,positive,positive,both_correct,16,True
3065,0,"design, appearance and looks",Beautiful for baby room.,positive,positive,positive,both_correct,4,False
3065,0,"comfort, softness and texture",Beautiful for baby room.,positive,positive,positive,both_correct,4,False
3065,1,product quality and performance,Classic and modern. Washes great,positive,positive,positive,both_correct,5,False
3065,1,"design, appearance and looks",Classic and modern. Washes great,positive,positive,positive,both_correct,5,False
3083,0,product quality and performance,Solid product.,positive,positive,positive,both_correct,2,False
3083,0,"durability, washability and longevity",Solid product.,positive,positive,positive,both_correct,2,False
3083,1,"design, appearance and looks",Actually I'm probably gonna gift these to my friends who are Expecting.,positive,positive,positive,both_correct,12,False
3083,1,safety for babies and children,Actually I'm probably gonna gift these to my friends who are Expecting.,positive,positive,positive,both_correct,12,False
3096,0,"design, appearance and looks",Love this hung it over a corner table with antique santos on it,positive,positive,positive,both_correct,13,False
3096,0,"comfort, softness and texture",Love this hung it over a corner table with antique santos on it,positive,positive,positive,both_correct,13,False
3104,0,product quality and performance,Worked great for 6mo old grandson.,positive,positive,positive,both_correct,6,False
3104,0,safety for babies and children,Worked great for 6mo old grandson.,positive,positive,positive,both_correct,6,False
3105,0,product quality and performance,Works great!!,positive,positive,positive,both_correct,2,False
3105,0,"ease of use, assembly and convenience",Works great!!,positive,positive,positive,both_correct,2,False
3106,0,"design, appearance and looks",Grandson loves these,positive,positive,positive,both_correct,3,False
3106,0,"comfort, softness and texture",Grandson loves these,positive,positive,positive,both_correct,3,False
3111,0,"comfort, softness and texture","I am very pleased with this product based on its minimal scent, product's softness and durability. I use these for myself, an adult, so I can't determine a recommendation for a baby. I recommend this product for adult personal care. I would reorder this item.",positive,positive,positive,both_correct,45,True
3111,0,product quality and performance,"I am very pleased with this product based on its minimal scent, product's softness and durability. I use these for myself, an adult, so I can't determine a recommendation for a baby. I recommend this product for adult personal care. I would reorder this item.",positive,positive,positive,both_correct,45,True
3121,0,"design, appearance and looks",Love them she will be on the size 5 soon tho,positive,positive,positive,both_correct,11,False
3121,0,"size, dimensions and fit",Love them she will be on the size 5 soon tho,positive,positive,positive,both_correct,11,False
3123,0,"design, appearance and looks",The product itself looks great and my wife was excited when I opened the box.,positive,positive,positive,both_correct,15,False
3123,0,product quality and performance,The product itself looks great and my wife was excited when I opened the box.,positive,positive,positive,both_correct,15,False
3123,1,product quality and performance,The downside is the directions don't really line up with the product (3 adhesive's in box versus 4 mentioned which led to some issues for getting this properly stuck to the wall).,negative,negative,negative,both_correct,32,True
3123,2,product quality and performance,The not so downside is these adhesive stickers really work,positive,negative,positive,bert_fixes_baseline_error,10,True
3123,2,"durability, washability and longevity",The not so downside is these adhesive stickers really work,positive,negative,positive,bert_fixes_baseline_error,10,True
3123,3,product quality and performance,"but if you don't have a mark on the wall of where to stick the chart, the adhesive sticker kind of makes it stick regardless.",negative,negative,negative,both_correct,25,True
3123,3,"design, appearance and looks","but if you don't have a mark on the wall of where to stick the chart, the adhesive sticker kind of makes it stick regardless.",negative,negative,negative,both_correct,25,True
3123,4,product quality and performance,I wanted to make sure it was level,positive,negative,positive,bert_fixes_baseline_error,8,False
3123,5,"size, dimensions and fit","but the backside was pretty much already stuck to the wall and there was no moving it without damaging the wall. My kids did enjoy measuring and marking their heights and it will end up being great, BUT getting this off the wall without ruining the drywall is going to be impossible.",negative,negative,negative,both_correct,52,True
3123,5,product quality and performance,"but the backside was pretty much already stuck to the wall and there was no moving it without damaging the wall. My kids did enjoy measuring and marking their heights and it will end up being great, BUT getting this off the wall without ruining the drywall is going to be impossible.",negative,negative,negative,both_correct,52,True
3133,1,product quality and performance,My high rating is based on sturdiness and price.,negative,positive,negative,bert_fixes_baseline_error,9,False
3133,1,"price, cost and value for money",My high rating is based on sturdiness and price.,negative,negative,negative,both_correct,9,False
3133,2,safety for babies and children,"These are not only good for youngsters who are apt to prop their feet on the back of seats, but dogs that can also wreak havoc with the back of them. Since",negative,negative,negative,both_correct,32,True
3133,4,"size, dimensions and fit","These protectors were a good fit to the back or the driver and front passenger seats in my 2016 Mitsubishi Outlander SUV, as well as a decent fit to the second row of seats in the vehicle.",positive,positive,positive,both_correct,37,False
3133,4,product quality and performance,"These protectors were a good fit to the back or the driver and front passenger seats in my 2016 Mitsubishi Outlander SUV, as well as a decent fit to the second row of seats in the vehicle.",positive,positive,positive,both_correct,37,False
3133,5,"size, dimensions and fit",I have a third row and they are a bit unwieldy for those.,negative,positive,negative,bert_fixes_baseline_error,13,False
3133,6,product quality and performance,"However, these are designed as protectors for the backs of front seats and in my vehicle they did the job. <br",negative,negative,positive,bert_introduces_new_error,21,True
3133,6,"price, cost and value for money","However, these are designed as protectors for the backs of front seats and in my vehicle they did the job. <br",negative,negative,positive,bert_introduces_new_error,21,True
3133,7,"durability, washability and longevity","/>Overall construction is a nice combination of tough fabric for the top third, and an easy to wipe-and-clean vinyl for the bottom two thirds.",positive,positive,positive,both_correct,24,False
3133,7,product quality and performance,"/>Overall construction is a nice combination of tough fabric for the top third, and an easy to wipe-and-clean vinyl for the bottom two thirds.",positive,positive,positive,both_correct,24,False
3133,8,product quality and performance,"The mesh pockets are heavy enough to resist paws of small-to-medium dogs and just about any human youngster, and the piping and stitching are excellent reinforcements. <br",positive,negative,positive,bert_fixes_baseline_error,27,False
3133,8,safety for babies and children,"The mesh pockets are heavy enough to resist paws of small-to-medium dogs and just about any human youngster, and the piping and stitching are excellent reinforcements. <br",positive,negative,positive,bert_fixes_baseline_error,27,False
3133,9,"ease of use, assembly and convenience","/>They are easily adjustable, especially the top part that straps to headrest posts.",positive,positive,positive,both_correct,13,False
3133,9,product quality and performance,"/>They are easily adjustable, especially the top part that straps to headrest posts.",positive,positive,positive,both_correct,13,False
3133,10,product quality and performance,"The bottom straps were able to accommodate my vehicle's front seats, but not 100% neatly.",negative,negative,negative,both_correct,15,True
3133,10,"size, dimensions and fit","The bottom straps were able to accommodate my vehicle's front seats, but not 100% neatly.",negative,negative,negative,both_correct,15,True
3133,11,product quality and performance,Since these are designed as generic protectors I overlooked the less than optimum bottom straps because they did do the job and would probably work effectively in most vehicles.,negative,negative,negative,both_correct,29,False
3139,0,safety for babies and children,I found that I was frustrated that I was no longer able to see my son after we turned his car seat around since the size of the rear view mirror only allowed full focus on the back window.,negative,negative,negative,both_correct,39,True
3139,0,product quality and performance,I found that I was frustrated that I was no longer able to see my son after we turned his car seat around since the size of the rear view mirror only allowed full focus on the back window.,negative,negative,negative,both_correct,39,True
3139,2,product quality and performance,This addresses both issues beautifully!,positive,positive,positive,both_correct,5,False
3139,2,customer service and seller support,This addresses both issues beautifully!,positive,positive,positive,both_correct,5,False
3139,3,product quality and performance,The field of view is increased significantly and is much more clear and bright than our current rear view mirror.,positive,positive,positive,both_correct,20,False
3139,3,"design, appearance and looks",The field of view is increased significantly and is much more clear and bright than our current rear view mirror.,positive,positive,positive,both_correct,20,False
3139,4,product quality and performance,"We can see our entire back seat, blind spot to the right, and more of our rear view window.",negative,negative,negative,both_correct,19,False
3153,0,"size, dimensions and fit","I'm not tall, but my umbrella stroller's handles aren't long enough and it's uncomfortable to use.",negative,negative,negative,both_correct,16,True
3153,0,safety for babies and children,"I'm not tall, but my umbrella stroller's handles aren't long enough and it's uncomfortable to use.",negative,negative,negative,both_correct,16,True
3153,1,"ease of use, assembly and convenience",This attached in seconds and I LOVE IT.,positive,positive,positive,both_correct,8,False
3153,1,"design, appearance and looks",This attached in seconds and I LOVE IT.,positive,positive,positive,both_correct,8,False
3153,2,"ease of use, assembly and convenience","Makes pushing the stroller so much easier, more comfortable, and now I can do it one-handed!",positive,positive,positive,both_correct,16,False
3153,2,product quality and performance,"Makes pushing the stroller so much easier, more comfortable, and now I can do it one-handed!",positive,positive,positive,both_correct,16,False
3153,2,"comfort, softness and texture","Makes pushing the stroller so much easier, more comfortable, and now I can do it one-handed!",positive,positive,positive,both_correct,16,False
3153,3,product quality and performance,A+ product.,positive,positive,positive,both_correct,2,False
3153,3,"ease of use, assembly and convenience",A+ product.,positive,positive,positive,both_correct,2,False
3156,0,safety for babies and children,My 2 year old daughter loves this seat.,positive,positive,positive,both_correct,8,False
3156,0,"comfort, softness and texture",My 2 year old daughter loves this seat.,positive,positive,positive,both_correct,8,False
3156,1,product quality and performance,"We have this and the identical Baby Bjorn seat, and she prefers this one.",positive,positive,positive,both_correct,14,False
3156,1,"design, appearance and looks","We have this and the identical Baby Bjorn seat, and she prefers this one.",positive,positive,positive,both_correct,14,False
3156,2,"comfort, softness and texture",It seems slightly more comfortable to sit on.,positive,positive,positive,both_correct,8,False
3156,2,product quality and performance,It seems slightly more comfortable to sit on.,positive,positive,positive,both_correct,8,False
3156,3,product quality and performance,We love the easy to dump and clean basin.,positive,positive,positive,both_correct,9,False
3156,3,"ease of use, assembly and convenience",We love the easy to dump and clean basin.,positive,positive,positive,both_correct,9,False
3156,4,safety for babies and children,And we put toilet baby underneath. I highly recommend it.,positive,positive,positive,both_correct,10,False
3156,4,"comfort, softness and texture",And we put toilet baby underneath. I highly recommend it.,positive,positive,positive,both_correct,10,False
3156,5,"ease of use, assembly and convenience",We have four of them around the house.,positive,positive,positive,both_correct,8,False
3156,5,safety for babies and children,We have four of them around the house.,positive,positive,positive,both_correct,8,False
3161,0,product quality and performance,We did our research and chose these diapers before our baby was born.,negative,negative,negative,both_correct,13,False
3161,0,"price, cost and value for money",We did our research and chose these diapers before our baby was born.,negative,negative,negative,both_correct,13,False
3161,1,"durability, washability and longevity",We've used them exclusively from NB to size 3 now (14 months),negative,negative,negative,both_correct,12,False
3161,1,product quality and performance,We've used them exclusively from NB to size 3 now (14 months),negative,negative,negative,both_correct,12,False
3161,2,"design, appearance and looks","so I can't compare to other brands and styles, but we love them.",positive,positive,positive,both_correct,13,True
3161,2,product quality and performance,"so I can't compare to other brands and styles, but we love them.",positive,positive,positive,both_correct,13,True
3161,3,"design, appearance and looks",The wetness indicator stripe is AWESOME. <br,positive,positive,positive,both_correct,7,False
3161,3,product quality and performance,The wetness indicator stripe is AWESOME. <br,positive,positive,positive,both_correct,7,False
3161,5,product quality and performance,That's a VERY good failure rate.,negative,positive,positive,both_wrong,6,False
3161,6,product quality and performance,"I've read horror stories online with every brand, but we've had one incident in 14 months and it took all of 2 minutes to clean it up.",negative,negative,negative,both_correct,27,True
3161,6,"durability, washability and longevity","I've read horror stories online with every brand, but we've had one incident in 14 months and it took all of 2 minutes to clean it up.",negative,negative,negative,both_correct,27,True
3162,0,"design, appearance and looks",We have a few of these.,positive,positive,positive,both_correct,6,False
3162,0,"ease of use, assembly and convenience",We have a few of these.,positive,positive,positive,both_correct,6,False
3162,1,"design, appearance and looks","One we had setup as a corral, a big circle basically.",negative,negative,negative,both_correct,11,False
3162,1,safety for babies and children,"One we had setup as a corral, a big circle basically.",negative,negative,negative,both_correct,11,False
3162,2,product quality and performance,That works great.,positive,positive,positive,both_correct,3,False
3162,2,"ease of use, assembly and convenience",That works great.,positive,positive,positive,both_correct,3,False
3162,4,safety for babies and children,"We use those to block the baby from getting to the TV stuff, the window, behind the couch, etc.",negative,negative,negative,both_correct,19,False
3162,6,safety for babies and children,"Never leave a baby or kid alone, even if you have baby gates, babyproofing, and baby play yards like this.",negative,negative,positive,bert_introduces_new_error,20,True
3163,0,"ease of use, assembly and convenience",We've got the best bolt-on high chair around (Chicco 360) but wanted this one too so we would have a travel booster seat with attached tray.,negative,negative,negative,both_correct,26,True
3163,0,safety for babies and children,We've got the best bolt-on high chair around (Chicco 360) but wanted this one too so we would have a travel booster seat with attached tray.,negative,negative,negative,both_correct,26,True
3163,1,product quality and performance,"Well, this one stinks.",negative,positive,negative,bert_fixes_baseline_error,4,False
3163,2,product quality and performance,The arm broke on the first use so that one went back to the store.,negative,negative,negative,both_correct,15,False
3163,2,customer service and seller support,The arm broke on the first use so that one went back to the store.,negative,negative,negative,both_correct,15,False
3163,3,product quality and performance,"But even without that issue, it is still not good.",negative,negative,negative,both_correct,10,True
3163,4,"size, dimensions and fit","It doesn't fit many tables, and never feels anywhere near as secure as the Chicco.",negative,negative,negative,both_correct,15,True
3163,4,product quality and performance,"It doesn't fit many tables, and never feels anywhere near as secure as the Chicco.",negative,negative,negative,both_correct,15,True
3163,5,product quality and performance,The tray doesn't clip in conveniently.,negative,negative,positive,bert_introduces_new_error,6,True
3163,5,"ease of use, assembly and convenience",The tray doesn't clip in conveniently.,negative,negative,positive,bert_introduces_new_error,6,True
3163,9,"design, appearance and looks",It's got a bunch of easily-fixable design flaws.,negative,negative,negative,both_correct,8,False
3168,0,"comfort, softness and texture","Yes, I use baby shampoo because my doctor recommended it to wash my dry eyes and I progressed to using it as my shampoo, which leaves eyes, hair, and skin feeling nice.",positive,positive,positive,both_correct,32,False
3168,0,product quality and performance,"Yes, I use baby shampoo because my doctor recommended it to wash my dry eyes and I progressed to using it as my shampoo, which leaves eyes, hair, and skin feeling nice.",positive,positive,positive,both_correct,32,False
3168,2,safety for babies and children,"In truth, the label should say Moisturizer instead of Baby Wash because it's extremely greasy.",negative,negative,negative,both_correct,15,False
3168,3,product quality and performance,"Luckily, I used it as a hand wash before getting in the shower with it.",negative,negative,negative,both_correct,15,False
3168,3,"durability, washability and longevity","Luckily, I used it as a hand wash before getting in the shower with it.",negative,negative,negative,both_correct,15,False
3191,0,product quality and performance,"Bought for a baby shower, love it!",positive,positive,positive,both_correct,7,False
3191,0,"design, appearance and looks","Bought for a baby shower, love it!",positive,positive,positive,both_correct,7,False
3191,1,"comfort, softness and texture","It's soft, color is true to picture.",positive,positive,positive,both_correct,7,False
3191,1,product quality and performance,"It's soft, color is true to picture.",positive,positive,positive,both_correct,7,False
3191,1,"design, appearance and looks","It's soft, color is true to picture.",positive,positive,positive,both_correct,7,False
3191,2,"comfort, softness and texture",And what a cute way to wrap a baby after a bath 🥰,positive,positive,positive,both_correct,13,False
3191,2,"design, appearance and looks",And what a cute way to wrap a baby after a bath 🥰,positive,positive,positive,both_correct,13,False
3193,2,"design, appearance and looks",They showed up thinner than a strand of hair!,negative,negative,negative,both_correct,9,False
3193,2,product quality and performance,They showed up thinner than a strand of hair!,negative,negative,negative,both_correct,9,False
3193,3,"design, appearance and looks","I threw them in the washer, thinking I could just double up on flats..NOPE!!",negative,negative,negative,both_correct,14,False
3193,3,product quality and performance,"I threw them in the washer, thinking I could just double up on flats..NOPE!!",negative,negative,negative,both_correct,14,False
3193,4,product quality and performance,Washer completely tore them to shred!!,negative,negative,negative,both_correct,6,False
3193,5,"price, cost and value for money",Do not buy this!!,negative,negative,negative,both_correct,4,True
3195,0,product quality and performance,My boys used these as a project!,positive,negative,positive,bert_fixes_baseline_error,7,False
3195,1,"design, appearance and looks","They used these mini stars, glued them to black construction paper (not included), and made glow in the dark constellations!",negative,negative,positive,bert_introduces_new_error,20,True
3195,2,"ease of use, assembly and convenience",We hung them in their room!,positive,positive,negative,bert_introduces_new_error,6,False
3195,2,"design, appearance and looks",We hung them in their room!,positive,positive,negative,bert_introduces_new_error,6,False
3228,0,product quality and performance,"I generally like these wipes, but the most recent box was missing a pack of wipes - there were only 11 inside the box.",negative,negative,negative,both_correct,24,True
3229,0,product quality and performance,Does the job!,positive,positive,positive,both_correct,3,False
3229,0,"durability, washability and longevity",Does the job!,positive,positive,positive,both_correct,3,False
3238,0,product quality and performance,Very sturdy and plenty of room in the compartments to fit several sizes of toys.,positive,positive,positive,both_correct,15,False
3238,0,"size, dimensions and fit",Very sturdy and plenty of room in the compartments to fit several sizes of toys.,positive,positive,positive,both_correct,15,False
3238,1,"durability, washability and longevity",It keeps things together.,positive,positive,positive,both_correct,4,False
3238,1,"ease of use, assembly and convenience",It keeps things together.,positive,positive,positive,both_correct,4,False
3239,0,safety for babies and children,"My toddler grandson hated it, so it was hard to use on him.",negative,negative,negative,both_correct,13,False
3239,0,product quality and performance,"My toddler grandson hated it, so it was hard to use on him.",negative,negative,negative,both_correct,13,False
3239,1,"ease of use, assembly and convenience",Will give it to another friend who can start to use it earlier.,negative,positive,negative,bert_fixes_baseline_error,13,True
3239,1,product quality and performance,Will give it to another friend who can start to use it earlier.,negative,positive,negative,bert_fixes_baseline_error,13,True
3240,1,"design, appearance and looks",Put it in the middle of my sliding door.,negative,negative,negative,both_correct,9,False
3240,1,"ease of use, assembly and convenience",Put it in the middle of my sliding door.,negative,negative,negative,both_correct,9,False
3241,1,product quality and performance,I have had no trouble with it at all.,positive,negative,positive,bert_fixes_baseline_error,9,True
3241,1,"ease of use, assembly and convenience",I have had no trouble with it at all.,positive,negative,positive,bert_fixes_baseline_error,9,True
3249,0,"ease of use, assembly and convenience",I was surprised at how simple it was to install this gate.,positive,negative,positive,bert_fixes_baseline_error,12,False
3249,0,product quality and performance,I was surprised at how simple it was to install this gate.,positive,negative,positive,bert_fixes_baseline_error,12,False
3249,1,"price, cost and value for money",We bought it to keep our dog out of the kitchen.,negative,negative,negative,both_correct,11,False
3249,4,"ease of use, assembly and convenience",We leave it open when he is not in the house.,negative,negative,positive,bert_introduces_new_error,11,True
3249,5,"design, appearance and looks",I highly recommend this product because it is durable and not unattractive.,positive,positive,positive,both_correct,12,True
3249,5,product quality and performance,I highly recommend this product because it is durable and not unattractive.,positive,positive,positive,both_correct,12,True
3249,5,"durability, washability and longevity",I highly recommend this product because it is durable and not unattractive.,positive,positive,positive,both_correct,12,True
3249,6,"ease of use, assembly and convenience",It came to us quickly because we are Prime members.,positive,negative,positive,bert_fixes_baseline_error,10,False
3249,6,customer service and seller support,It came to us quickly because we are Prime members.,positive,negative,positive,bert_fixes_baseline_error,10,False
3253,0,product quality and performance,Perfect diaper bag!!,positive,positive,positive,both_correct,3,False
3253,0,"ease of use, assembly and convenience",Perfect diaper bag!!,positive,positive,positive,both_correct,3,False
3253,1,safety for babies and children,I bought like ten diaper bags looking for the right one.,negative,positive,negative,bert_fixes_baseline_error,11,False
3253,1,"price, cost and value for money",I bought like ten diaper bags looking for the right one.,negative,positive,negative,bert_fixes_baseline_error,11,False
3253,2,product quality and performance,& this one is it!!,positive,positive,positive,both_correct,5,False
3253,3,"design, appearance and looks","So many different ways to wear it, so many pockets, & super cute!",positive,positive,positive,both_correct,13,False
3253,4,"price, cost and value for money",Has a foul pocket to keep a bottle warm too⭐️⭐️⭐️⭐️⭐️,negative,negative,negative,both_correct,10,False
3253,4,product quality and performance,Has a foul pocket to keep a bottle warm too⭐️⭐️⭐️⭐️⭐️,negative,positive,negative,bert_fixes_baseline_error,10,False
3255,0,"design, appearance and looks",We love this height chart❤️,positive,positive,positive,both_correct,5,False
3255,1,"design, appearance and looks",It's adorable and exactly what I was looking for,positive,positive,positive,both_correct,9,False
3255,1,"comfort, softness and texture",It's adorable and exactly what I was looking for,positive,positive,positive,both_correct,9,False
3264,0,product quality and performance,Very few products work as well as Cetaphil when you have sensitive or allergy prone skin.,negative,positive,negative,bert_fixes_baseline_error,16,False
3264,3,product quality and performance,I've used it on my elbows for a few days and it definitely helped.,positive,positive,positive,both_correct,14,False
3264,3,"comfort, softness and texture",I've used it on my elbows for a few days and it definitely helped.,positive,positive,positive,both_correct,14,False
3264,4,"comfort, softness and texture","No more dry, rough elbows.",negative,negative,negative,both_correct,5,True
3264,4,"durability, washability and longevity","No more dry, rough elbows.",negative,negative,negative,both_correct,5,True
3264,5,product quality and performance,My hands are in better shape as well.,positive,positive,positive,both_correct,8,False
3264,5,"durability, washability and longevity",My hands are in better shape as well.,positive,positive,positive,both_correct,8,False
3264,6,product quality and performance,There's no added perfume scent and the cream absorbs very quickly without leaving a sticky residue.,positive,positive,positive,both_correct,16,True
3264,6,"comfort, softness and texture",There's no added perfume scent and the cream absorbs very quickly without leaving a sticky residue.,positive,positive,positive,both_correct,16,True
3264,7,product quality and performance,I really like it,positive,positive,positive,both_correct,4,False
3264,7,"design, appearance and looks",I really like it,positive,positive,positive,both_correct,4,False
3264,8,product quality and performance,"and it has not caused itching, hives or redness.",negative,negative,positive,bert_introduces_new_error,9,True
3302,0,product quality and performance,I tried these on a whim with a coupon plus the subscribe & save discount last month and it turns out that we really like them.,positive,positive,positive,both_correct,26,False
3302,0,"price, cost and value for money",I tried these on a whim with a coupon plus the subscribe & save discount last month and it turns out that we really like them.,positive,positive,positive,both_correct,26,False
3302,1,"comfort, softness and texture",Each wipe is generously sized and lightly quilted so they feel soft and sturdy.,positive,positive,positive,both_correct,14,False
3302,1,product quality and performance,Each wipe is generously sized and lightly quilted so they feel soft and sturdy.,positive,positive,positive,both_correct,14,False
3302,2,product quality and performance,We've used three packages so far and none have been too wet or too dry for our purposes.,negative,negative,negative,both_correct,18,False
3302,2,"durability, washability and longevity",We've used three packages so far and none have been too wet or too dry for our purposes.,negative,negative,negative,both_correct,18,False
3302,4,product quality and performance,I'll buy these again.,negative,positive,positive,both_wrong,4,False
3302,4,"design, appearance and looks",I'll buy these again.,negative,positive,positive,both_wrong,4,False
3320,0,"price, cost and value for money",Excellent price per cloth.,positive,positive,positive,both_correct,4,False
3320,0,product quality and performance,Excellent price per cloth.,positive,positive,positive,both_correct,4,False
3320,1,product quality and performance,"Quality equals or exceeds that of other ""budget brands"".",positive,negative,positive,bert_fixes_baseline_error,9,False
3320,1,"durability, washability and longevity","Quality equals or exceeds that of other ""budget brands"".",positive,negative,positive,bert_fixes_baseline_error,9,False
3320,2,"durability, washability and longevity",Not just for baby bottoms!,positive,positive,negative,bert_introduces_new_error,5,True
3320,2,"design, appearance and looks",Not just for baby bottoms!,positive,negative,positive,bert_fixes_baseline_error,5,True
3326,0,"design, appearance and looks","Love this basket, it is made nice.",positive,positive,positive,both_correct,7,False
3326,0,"comfort, softness and texture","Love this basket, it is made nice.",positive,positive,positive,both_correct,7,False
3326,1,"design, appearance and looks","The color's are nice, you can fit a nice amount of baby stuff in it.",positive,positive,positive,both_correct,15,False
3326,1,product quality and performance,"The color's are nice, you can fit a nice amount of baby stuff in it.",positive,positive,positive,both_correct,15,False
3326,1,"size, dimensions and fit","The color's are nice, you can fit a nice amount of baby stuff in it.",positive,positive,positive,both_correct,15,False
3326,2,product quality and performance,Beauiful it cane packed perfect.,positive,positive,positive,both_correct,5,False
3326,2,"design, appearance and looks",Beauiful it cane packed perfect.,positive,positive,positive,both_correct,5,False
3326,3,"design, appearance and looks","Im going to buy the bigger one, that matches this one.",positive,positive,positive,both_correct,11,False
3326,3,"size, dimensions and fit","Im going to buy the bigger one, that matches this one.",positive,positive,positive,both_correct,11,False
3326,4,product quality and performance,Delivery was on time.,positive,negative,positive,bert_fixes_baseline_error,4,False
3326,4,"packaging, shipping and delivery",Delivery was on time.,positive,negative,positive,bert_fixes_baseline_error,4,False
3326,5,product quality and performance,I recommended,positive,positive,positive,both_correct,2,False
3326,5,"design, appearance and looks",I recommended,positive,positive,positive,both_correct,2,False
3350,2,product quality and performance,"Neither of them stay inflated, which is not safe.",negative,negative,negative,both_correct,9,True
3350,3,product quality and performance,We had to stop using them.,negative,negative,negative,both_correct,6,False
3350,3,safety for babies and children,We had to stop using them.,negative,negative,negative,both_correct,6,False
3350,4,product quality and performance,Very disappointed with this product.,negative,negative,negative,both_correct,5,False
3382,0,product quality and performance,This camera exceeds my expectations and I cant be more satisfied,positive,negative,positive,bert_fixes_baseline_error,11,False
3395,0,"ease of use, assembly and convenience",No directions needed!,negative,negative,negative,both_correct,3,True
3395,1,"ease of use, assembly and convenience",Literally just take off sheet and they'll stick to the ceiling.,negative,negative,negative,both_correct,11,False
3395,1,product quality and performance,Literally just take off sheet and they'll stick to the ceiling.,negative,negative,negative,both_correct,11,False
3398,0,product quality and performance,This was a very well received baby shower gift.,positive,positive,positive,both_correct,9,False
3398,0,"design, appearance and looks",This was a very well received baby shower gift.,positive,positive,positive,both_correct,9,False
3398,1,"comfort, softness and texture","Soft, fits the Pack n Play like a glove, and it is very easy to wash and dry.",positive,negative,positive,bert_fixes_baseline_error,18,False
3398,1,"ease of use, assembly and convenience","Soft, fits the Pack n Play like a glove, and it is very easy to wash and dry.",positive,negative,positive,bert_fixes_baseline_error,18,False
3398,1,"durability, washability and longevity","Soft, fits the Pack n Play like a glove, and it is very easy to wash and dry.",positive,negative,positive,bert_fixes_baseline_error,18,False
3398,1,"size, dimensions and fit","Soft, fits the Pack n Play like a glove, and it is very easy to wash and dry.",positive,negative,positive,bert_fixes_baseline_error,18,False
3405,0,"size, dimensions and fit",Pretty standard changing pad.,positive,positive,positive,both_correct,4,False
3405,0,"ease of use, assembly and convenience",Pretty standard changing pad.,positive,positive,positive,both_correct,4,False
3405,1,product quality and performance,Easy to clean and works great.,positive,positive,positive,both_correct,6,False
3405,1,"durability, washability and longevity",Easy to clean and works great.,positive,positive,positive,both_correct,6,False
3405,1,"ease of use, assembly and convenience",Easy to clean and works great.,positive,positive,positive,both_correct,6,False
3409,0,product quality and performance,It's decently made.,positive,positive,positive,both_correct,3,False
3409,0,"design, appearance and looks",It's decently made.,positive,positive,positive,both_correct,3,False
3409,1,product quality and performance,The latch could be better.,negative,negative,negative,both_correct,5,False
3409,1,"design, appearance and looks",The latch could be better.,negative,negative,negative,both_correct,5,False
3428,0,product quality and performance,Fits perfectly in the better homes and gardens cubes.,positive,positive,positive,both_correct,9,False
3428,0,"size, dimensions and fit",Fits perfectly in the better homes and gardens cubes.,positive,positive,positive,both_correct,9,False
3428,1,product quality and performance,We use daily and have had no issues.,positive,positive,positive,both_correct,8,True
3428,1,"durability, washability and longevity",We use daily and have had no issues.,positive,positive,positive,both_correct,8,True
3428,2,"ease of use, assembly and convenience",Open them them up place the insert in and recycle all the plastic they come in.,negative,positive,negative,bert_fixes_baseline_error,16,False
3431,0,safety for babies and children,I bought this for a friend expecting 2nd baby.,positive,positive,positive,both_correct,9,False
3431,0,"price, cost and value for money",I bought this for a friend expecting 2nd baby.,positive,positive,positive,both_correct,9,False
3431,1,"design, appearance and looks","Since first babies historically get all the attention, my focus on shopping was to find something unique that possibly the first baby didn't have.",positive,negative,negative,both_wrong,24,True
3431,2,"ease of use, assembly and convenience",Your gift is ideal.,positive,positive,positive,both_correct,4,False
3431,2,"design, appearance and looks",Your gift is ideal.,positive,positive,positive,both_correct,4,False
3431,3,customer service and seller support,I gave her all the instructions to help in the process.,positive,negative,negative,both_wrong,11,False
3431,3,"ease of use, assembly and convenience",I gave her all the instructions to help in the process.,positive,negative,negative,both_wrong,11,False
3431,4,"ease of use, assembly and convenience",and your instructions with pictures make it very understandable to follow.,positive,negative,positive,bert_fixes_baseline_error,11,False
3431,8,"durability, washability and longevity",Keep it going.,positive,positive,positive,both_correct,3,False
3431,8,product quality and performance,Keep it going.,positive,positive,positive,both_correct,3,False
3439,0,"comfort, softness and texture",Pretty fun watching these pillows go from vacuum packed to fluffy.,positive,positive,positive,both_correct,11,False
3439,0,product quality and performance,Pretty fun watching these pillows go from vacuum packed to fluffy.,positive,positive,positive,both_correct,11,False
3439,0,"design, appearance and looks",Pretty fun watching these pillows go from vacuum packed to fluffy.,positive,positive,positive,both_correct,11,False
3439,1,customer service and seller support,"It's not quick, you have to be patient.",negative,positive,negative,bert_fixes_baseline_error,8,True
3439,1,product quality and performance,"It's not quick, you have to be patient.",negative,positive,negative,bert_fixes_baseline_error,8,True
3439,2,product quality and performance,"After opening, I set them aside & after a day I was still thinking Return, but the next day they had really puffed.",negative,negative,positive,bert_introduces_new_error,23,True
3439,3,"comfort, softness and texture","After a few more days, they completely fill their pillowcases, are soft & comfy & do not compact with uses.",negative,negative,negative,both_correct,20,True
3439,3,product quality and performance,"After a few more days, they completely fill their pillowcases, are soft & comfy & do not compact with uses.",negative,negative,negative,both_correct,20,True
3444,0,"price, cost and value for money",I bought this out of desperation.,negative,negative,negative,both_correct,6,False
3444,1,safety for babies and children,"My little guy was doing great with Happy Baby sensitive formula, but that completely disappeared from shelves in stores and online about 6 weeks ago.",negative,positive,negative,bert_fixes_baseline_error,25,True
3444,1,"price, cost and value for money","My little guy was doing great with Happy Baby sensitive formula, but that completely disappeared from shelves in stores and online about 6 weeks ago.",negative,positive,negative,bert_fixes_baseline_error,25,True
3444,2,"price, cost and value for money",I bought another brand (I believe Earths Best) at Walmart because that was the only organic sensitive option available.,negative,negative,negative,both_correct,19,True
3444,3,product quality and performance,"He did okay with it, but after looking at the ingredients and seeing corn syrup solids as the first one listed, I knew I needed to do better. <br",negative,negative,negative,both_correct,29,True
3444,4,product quality and performance,"/>After lots of reading, I thought Burts Bees was the best for him.",positive,positive,positive,both_correct,13,False
3444,5,product quality and performance,It's was very close to what I knew worked (happy baby).,positive,positive,positive,both_correct,11,False
3444,5,"comfort, softness and texture",It's was very close to what I knew worked (happy baby).,positive,positive,positive,both_correct,11,False
3444,7,product quality and performance,He took this formula fine,positive,positive,positive,both_correct,5,False
3444,7,"price, cost and value for money",He took this formula fine,positive,positive,positive,both_correct,5,False
3444,9,safety for babies and children,A week or so later I noticed he wasn't sleeping well at all (getting up every hour all night.,negative,negative,negative,both_correct,19,True
3444,13,product quality and performance,"/>After switching to Baby's Only Sensitive, his belly troubles were gone within a day.",negative,negative,negative,both_correct,14,False
3444,13,safety for babies and children,"/>After switching to Baby's Only Sensitive, his belly troubles were gone within a day.",negative,negative,negative,both_correct,14,False
3444,14,customer service and seller support,"It's labeled as a toddler formula, but after reading reviews and contacting the company I was assured that label was only there because they encourage breast feeding for the first year.",negative,negative,negative,both_correct,31,True
3444,15,product quality and performance,"My son went from waking up every hour in pain and being fussy all day, to sleeping 4-5 hour stretches and being his happy self through the day.",positive,positive,positive,both_correct,28,False
3444,16,product quality and performance,"I have no idea what ingredient(s) caused the issue, I just know this formula doesn't work for us.",negative,negative,negative,both_correct,18,True
3453,1,"design, appearance and looks","Item arrived used, dirty, torn, like it's been through hell back and forth.",negative,negative,negative,both_correct,13,False
3453,1,"packaging, shipping and delivery","Item arrived used, dirty, torn, like it's been through hell back and forth.",negative,negative,negative,both_correct,13,False
3453,2,"design, appearance and looks","Looks nothing like the picture, too cheap looking and not very fit to be given as a gift.",negative,negative,negative,both_correct,18,True
3453,2,"price, cost and value for money","Looks nothing like the picture, too cheap looking and not very fit to be given as a gift.",negative,negative,negative,both_correct,18,True
3453,3,"price, cost and value for money",Terrible waste of money.,negative,negative,negative,both_correct,4,False
3459,0,"price, cost and value for money",This was a donation to a local charity so we really appreciate the very good value.,positive,positive,positive,both_correct,16,False
3459,0,customer service and seller support,This was a donation to a local charity so we really appreciate the very good value.,positive,positive,positive,both_correct,16,False
3460,1,product quality and performance,Appreciate the reliable quality and decent value.,positive,positive,positive,both_correct,7,False
3460,1,"durability, washability and longevity",Appreciate the reliable quality and decent value.,positive,positive,positive,both_correct,7,False
3460,1,"price, cost and value for money",Appreciate the reliable quality and decent value.,positive,positive,positive,both_correct,7,False
3464,0,product quality and performance,Using it to try to keep my dog from going upstairs.,negative,negative,negative,both_correct,11,False
3464,2,product quality and performance,"For a normal dog, this would be fine, but it doesnt retract very quickly or easily.",negative,negative,negative,both_correct,16,True
3464,3,product quality and performance,You have to jiggle it to get it to retract all the way.,negative,negative,negative,both_correct,13,False
3464,3,"design, appearance and looks",You have to jiggle it to get it to retract all the way.,negative,negative,negative,both_correct,13,False
3474,0,product quality and performance,"Love this stuff, nothing else like it!",positive,positive,positive,both_correct,7,True
3474,0,"comfort, softness and texture","Love this stuff, nothing else like it!",positive,positive,positive,both_correct,7,True
3485,0,"price, cost and value for money",Got as a gift for a gift basket,positive,positive,negative,bert_introduces_new_error,8,False
3486,0,product quality and performance,Love it does what it says.,positive,positive,positive,both_correct,6,False
3486,0,"comfort, softness and texture",Love it does what it says.,positive,positive,positive,both_correct,6,False
3487,0,product quality and performance,I use these for the kids and I love them.,positive,positive,positive,both_correct,10,False
3487,0,safety for babies and children,I use these for the kids and I love them.,positive,positive,positive,both_correct,10,False
3487,2,product quality and performance,and just right when it comes to wetness.,positive,positive,positive,both_correct,8,False
3487,2,"durability, washability and longevity",and just right when it comes to wetness.,positive,positive,positive,both_correct,8,False
3492,0,"durability, washability and longevity",Great value lasts forever,positive,positive,positive,both_correct,4,False
3492,0,product quality and performance,Great value lasts forever,positive,positive,positive,both_correct,4,False
3492,0,"price, cost and value for money",Great value lasts forever,positive,positive,positive,both_correct,4,False
3500,0,"ease of use, assembly and convenience",Packaged for convenience as I see that they also offer larger tubs at half the price per ounce.,negative,positive,negative,bert_fixes_baseline_error,18,False
3500,0,"price, cost and value for money",Packaged for convenience as I see that they also offer larger tubs at half the price per ounce.,negative,positive,negative,bert_fixes_baseline_error,18,False
3500,0,"packaging, shipping and delivery",Packaged for convenience as I see that they also offer larger tubs at half the price per ounce.,negative,positive,negative,bert_fixes_baseline_error,18,False
3500,1,"ease of use, assembly and convenience","But this is good for on the go (when packing up diaper/baby bag), or simply for its single serve easiness.",positive,positive,positive,both_correct,20,True
3500,1,product quality and performance,"But this is good for on the go (when packing up diaper/baby bag), or simply for its single serve easiness.",positive,positive,positive,both_correct,20,True
3500,2,"ease of use, assembly and convenience",Takes the guesswork out of how much to use and when.,negative,negative,negative,both_correct,11,False
3500,5,"ease of use, assembly and convenience","like that they have the various options, including a complete set pack.",positive,negative,positive,bert_fixes_baseline_error,12,False
3500,5,product quality and performance,"like that they have the various options, including a complete set pack.",positive,negative,positive,bert_fixes_baseline_error,12,False
3500,7,"ease of use, assembly and convenience",Just mix into whatever.,negative,negative,negative,both_correct,4,False
3500,9,safety for babies and children,"I imagine not all of it needs to be used at once to start, otherwise the addition of dry powder and the flavor may be startling to your little one. <br",positive,negative,positive,bert_fixes_baseline_error,31,True
3500,12,product quality and performance,"Mixed bag here, but the product itself is fine.",positive,positive,positive,both_correct,9,True
3500,13,product quality and performance,"If it doesnt work out, then just use them yourself in a smoothie, oats, muffin recipe etc.",negative,negative,negative,both_correct,17,False
3500,15,safety for babies and children,Just writing that in case you are worried that your baby may refuse this and think you are wasting money.,negative,positive,negative,bert_fixes_baseline_error,20,False
3500,15,"price, cost and value for money",Just writing that in case you are worried that your baby may refuse this and think you are wasting money.,negative,positive,negative,bert_fixes_baseline_error,20,False
3501,1,"design, appearance and looks",I kid because I never see anything like this in stores.,negative,negative,negative,both_correct,11,True
3501,4,"design, appearance and looks",I love this.,positive,positive,positive,both_correct,3,False
3501,4,"comfort, softness and texture",I love this.,positive,positive,positive,both_correct,3,False
3501,7,product quality and performance,/>So it comes down to preference because the quality seems great.,positive,positive,positive,both_correct,11,False
3501,8,product quality and performance,"I tried a couple of varieties, and I am impressed with how robust the flavors are, and how I can pick out each flavor; ie I can taste the curry, I can pick up on the mango, celery, etc.",positive,positive,positive,both_correct,39,False
3501,9,safety for babies and children,"If your kiddo (6+ months) doesnt like it, then eat it yourself.",negative,negative,negative,both_correct,12,False
3501,10,"comfort, softness and texture","Add to a smoothie, or squeeze into some broth or over rice, or in a burrito, etc.",negative,negative,negative,both_correct,17,False
3501,10,"ease of use, assembly and convenience","Add to a smoothie, or squeeze into some broth or over rice, or in a burrito, etc.",negative,negative,negative,both_correct,17,False
3501,11,"ease of use, assembly and convenience","Or eat direct from package, use it as a quick snack on drive home.",negative,positive,negative,bert_fixes_baseline_error,14,False
3501,12,"design, appearance and looks",Stuff like that.,positive,positive,positive,both_correct,3,False
3501,13,"durability, washability and longevity",None going to waste here!,positive,negative,positive,bert_fixes_baseline_error,5,False
3501,14,"price, cost and value for money",Acquired 06/2022 with best by date of 12/2022.,positive,negative,positive,bert_fixes_baseline_error,8,False
3501,14,"durability, washability and longevity",Acquired 06/2022 with best by date of 12/2022.,positive,negative,positive,bert_fixes_baseline_error,8,False
3517,0,product quality and performance,This is a nice quality baby blanket/ receiving blanket.,positive,positive,positive,both_correct,9,False
3517,0,"comfort, softness and texture",This is a nice quality baby blanket/ receiving blanket.,positive,positive,positive,both_correct,9,False
3517,1,product quality and performance,"It is thicker than most, and so it has a more comfortable feel to it.",positive,positive,positive,both_correct,15,False
3517,1,"comfort, softness and texture","It is thicker than most, and so it has a more comfortable feel to it.",positive,positive,positive,both_correct,15,False
3517,2,"comfort, softness and texture",More soothing feeling.,positive,positive,positive,both_correct,3,False
3517,3,"design, appearance and looks",Nice neutral design and colors- cute but not too cutesy.,positive,positive,positive,both_correct,10,True
3517,3,"comfort, softness and texture",Nice neutral design and colors- cute but not too cutesy.,positive,positive,positive,both_correct,10,True
3517,4,"ease of use, assembly and convenience",Packaged nicely.,positive,positive,positive,both_correct,2,False
3517,4,"design, appearance and looks",Packaged nicely.,positive,positive,positive,both_correct,2,False
3517,4,"packaging, shipping and delivery",Packaged nicely.,positive,positive,positive,both_correct,2,False
3517,5,"size, dimensions and fit","Buy for your baby, as a gift, or even for those who have small dogs who like to burrow under blankets. Works as small lap blanket too! This is a good size and weight.",positive,positive,positive,both_correct,34,False
3517,5,"comfort, softness and texture","Buy for your baby, as a gift, or even for those who have small dogs who like to burrow under blankets. Works as small lap blanket too! This is a good size and weight.",positive,positive,positive,both_correct,34,False
3517,6,product quality and performance,I'm impressed.,positive,positive,positive,both_correct,2,False
3517,6,"design, appearance and looks",I'm impressed.,positive,positive,positive,both_correct,2,False
3542,1,"comfort, softness and texture","The sheet is soft, attractive, and it wraps underneath the mattress snugly, so no concern of it popping off (especially for those with babies). I love that the material is soft and warm.",positive,positive,positive,both_correct,33,True
3542,1,"design, appearance and looks","The sheet is soft, attractive, and it wraps underneath the mattress snugly, so no concern of it popping off (especially for those with babies). I love that the material is soft and warm.",positive,positive,positive,both_correct,33,True
3542,2,"comfort, softness and texture","The brown chenille is a lovely addition to my living room, where I have the mattress places on the floor next to the couch.",positive,positive,positive,both_correct,24,False
3542,2,"design, appearance and looks","The brown chenille is a lovely addition to my living room, where I have the mattress places on the floor next to the couch.",positive,positive,positive,both_correct,24,False
3542,3,"design, appearance and looks","My dogs still prefer the couch, but this provides a cozy alternative, and looks really nice too.",positive,positive,positive,both_correct,17,True
3542,3,"comfort, softness and texture","My dogs still prefer the couch, but this provides a cozy alternative, and looks really nice too.",positive,positive,positive,both_correct,17,True
3546,0,"design, appearance and looks",Very cute little dress!,positive,positive,positive,both_correct,4,False
3546,0,"comfort, softness and texture",Very cute little dress!,positive,positive,positive,both_correct,4,False
3556,0,product quality and performance,Suction power is poor for the over the side of tub making it very uncomfortable and dangerous for your back when it slips unexpectedly,negative,negative,negative,both_correct,24,False
3605,0,product quality and performance,It's very cute but not very sturdy.,negative,negative,negative,both_correct,7,True
3605,0,"design, appearance and looks",It's very cute but not very sturdy.,negative,negative,negative,both_correct,7,True
3619,1,"comfort, softness and texture",Remember to rub head down in case they pull their hat off to protect scalp.,negative,negative,negative,both_correct,15,False
3619,1,safety for babies and children,Remember to rub head down in case they pull their hat off to protect scalp.,negative,negative,negative,both_correct,15,False
3619,2,customer service and seller support,I offered mine up to help another.,positive,positive,positive,both_correct,7,True
3632,1,"design, appearance and looks",Nice color.,positive,positive,positive,both_correct,2,False
3632,2,product quality and performance,Fits toddlers food perfectly and the sauce does not stain the plate.,positive,positive,positive,both_correct,12,True
3632,2,"comfort, softness and texture",Fits toddlers food perfectly and the sauce does not stain the plate.,positive,positive,positive,both_correct,12,True
3632,2,"size, dimensions and fit",Fits toddlers food perfectly and the sauce does not stain the plate.,positive,positive,positive,both_correct,12,True
3636,0,"comfort, softness and texture",This cover is very soft.,positive,positive,positive,both_correct,5,False
3636,0,"design, appearance and looks",This cover is very soft.,positive,positive,positive,both_correct,5,False
3636,1,"design, appearance and looks",I do wish it was a bit thicker and bigger.,negative,negative,negative,both_correct,10,False
3636,1,"size, dimensions and fit",I do wish it was a bit thicker and bigger.,negative,negative,negative,both_correct,10,False
3636,2,"size, dimensions and fit",This is the size of a typical crib blanket which I did not want.,negative,negative,negative,both_correct,14,True
3636,2,"price, cost and value for money",This is the size of a typical crib blanket which I did not want.,negative,negative,negative,both_correct,14,True
3651,0,"design, appearance and looks",Loved these stickers.,positive,positive,positive,both_correct,3,False
3651,0,"comfort, softness and texture",Loved these stickers.,positive,positive,positive,both_correct,3,False
3651,1,"ease of use, assembly and convenience",Easy to place and also to remove.,positive,positive,positive,both_correct,7,False
3651,1,"durability, washability and longevity",Easy to place and also to remove.,positive,positive,positive,both_correct,7,False
3671,0,product quality and performance,This is great for an on the go toddler.,positive,positive,positive,both_correct,9,False
3671,0,"ease of use, assembly and convenience",This is great for an on the go toddler.,positive,positive,positive,both_correct,9,False
3678,0,"design, appearance and looks","I like that it has tapered in, but I wish it was spirally.",negative,negative,negative,both_correct,13,True
3678,0,product quality and performance,"I like that it has tapered in, but I wish it was spirally.",negative,negative,negative,both_correct,13,True
3678,1,product quality and performance,"It only goes in so far, I guess that's a good thing, but my ear is still full of wax at sometimes it rings.",positive,negative,negative,both_wrong,24,True
3695,0,product quality and performance,Real wood that doesn't splitter during assembly. Sturdy design. Non toxic paint is layered on nice with no fading. Each level is strong to stack up all baby supplies and diapers .<br,positive,positive,positive,both_correct,32,True
3695,0,"design, appearance and looks",Real wood that doesn't splitter during assembly. Sturdy design. Non toxic paint is layered on nice with no fading. Each level is strong to stack up all baby supplies and diapers .<br,positive,positive,positive,both_correct,32,True
3695,0,"ease of use, assembly and convenience",Real wood that doesn't splitter during assembly. Sturdy design. Non toxic paint is layered on nice with no fading. Each level is strong to stack up all baby supplies and diapers .<br,positive,positive,positive,both_correct,32,True
3695,1,"design, appearance and looks",/>The paint colors match in the brand which is super nice for a complete room.,positive,positive,positive,both_correct,15,False
3706,0,product quality and performance,Solid Pine wood. Non-toxic paint. Hardware included for converting. Nice and sturdy. I would not use a drill to assemble as drill can spilt any wood. Hand tighten only!! This bed went together flawlessly for me and my wife working at it together. Highly Recommend!! <br,positive,positive,positive,both_correct,46,True
3706,0,"ease of use, assembly and convenience",Solid Pine wood. Non-toxic paint. Hardware included for converting. Nice and sturdy. I would not use a drill to assemble as drill can spilt any wood. Hand tighten only!! This bed went together flawlessly for me and my wife working at it together. Highly Recommend!! <br,positive,positive,positive,both_correct,46,True
3711,2,"comfort, softness and texture",This is plush from head to toes. <br,negative,negative,negative,both_correct,8,False
3711,2,product quality and performance,This is plush from head to toes. <br,negative,negative,negative,both_correct,8,False
3711,3,product quality and performance,"/>The other feature I like is that this proved hours of rest, play, and mostly sleep for our little one.",negative,positive,negative,bert_fixes_baseline_error,20,False
3711,4,"comfort, softness and texture",It like a bed and a rocker.,negative,positive,negative,bert_fixes_baseline_error,7,False
3711,4,"design, appearance and looks",It like a bed and a rocker.,negative,positive,negative,bert_fixes_baseline_error,7,False
3711,5,product quality and performance,It saves me hours so I can still get things done around the house. <br,negative,positive,negative,bert_fixes_baseline_error,15,False
3711,5,"ease of use, assembly and convenience",It saves me hours so I can still get things done around the house. <br,negative,positive,negative,bert_fixes_baseline_error,15,False
3713,0,"ease of use, assembly and convenience",Easy to set up and collapse.,negative,positive,negative,bert_fixes_baseline_error,6,False
3713,0,"comfort, softness and texture",Easy to set up and collapse.,negative,positive,negative,bert_fixes_baseline_error,6,False
3713,1,"ease of use, assembly and convenience",Very sturdy and lightweight too. The netting is soft and I like the easy to install top changer.,positive,positive,positive,both_correct,18,False
3713,1,product quality and performance,Very sturdy and lightweight too. The netting is soft and I like the easy to install top changer.,positive,positive,positive,both_correct,18,False
3713,1,"comfort, softness and texture",Very sturdy and lightweight too. The netting is soft and I like the easy to install top changer.,positive,positive,positive,both_correct,18,False
3728,0,"ease of use, assembly and convenience","Easy to clean, everything wipes down. The tray is easy to remove. This height chair is easy to adjust the height. Plus, I love how it recline back.",positive,positive,positive,both_correct,28,False
3728,0,product quality and performance,"Easy to clean, everything wipes down. The tray is easy to remove. This height chair is easy to adjust the height. Plus, I love how it recline back.",positive,positive,positive,both_correct,28,False
3728,1,product quality and performance,"So, baby sleeps while we eat!! This heigh chair is made with a thick sturdy frame that I trust.",positive,positive,positive,both_correct,19,False
3728,1,safety for babies and children,"So, baby sleeps while we eat!! This heigh chair is made with a thick sturdy frame that I trust.",positive,positive,positive,both_correct,19,False
3728,2,product quality and performance,A dog or child will not knock this over under normal circumstances.,positive,negative,negative,both_wrong,12,True
3728,2,"durability, washability and longevity",A dog or child will not knock this over under normal circumstances.,positive,negative,positive,bert_fixes_baseline_error,12,True
3728,3,product quality and performance,"It is nice and comfortable, but also so easy to clean.",positive,positive,positive,both_correct,11,True
3728,3,"durability, washability and longevity","It is nice and comfortable, but also so easy to clean.",positive,positive,positive,both_correct,11,True
3728,3,"comfort, softness and texture","It is nice and comfortable, but also so easy to clean.",positive,positive,positive,both_correct,11,True
3728,3,"ease of use, assembly and convenience","It is nice and comfortable, but also so easy to clean.",positive,positive,positive,both_correct,11,True
3778,0,"ease of use, assembly and convenience",[[VIDEOID:39fc9b338845f4ed7ff7c740028da0f7]] This is a take anywhere light stroller.,positive,positive,negative,bert_introduces_new_error,8,False
3778,0,safety for babies and children,[[VIDEOID:39fc9b338845f4ed7ff7c740028da0f7]] This is a take anywhere light stroller.,positive,negative,negative,both_wrong,8,False
3778,1,product quality and performance,I like that the back rest is fully adjustable to any level of incline from almost flat to sitting up.,positive,positive,positive,both_correct,20,False
3778,1,"comfort, softness and texture",I like that the back rest is fully adjustable to any level of incline from almost flat to sitting up.,positive,positive,positive,both_correct,20,False
3778,2,"ease of use, assembly and convenience",It is very easy to push with the all double wheels.,positive,positive,positive,both_correct,11,False
3778,2,product quality and performance,It is very easy to push with the all double wheels.,positive,positive,positive,both_correct,11,False
3778,3,product quality and performance,And every wheel can lock independently.,positive,negative,positive,bert_fixes_baseline_error,6,False
3778,3,"ease of use, assembly and convenience",And every wheel can lock independently.,positive,negative,positive,bert_fixes_baseline_error,6,False
3778,4,product quality and performance,This is very safe on hills.,positive,positive,positive,both_correct,6,False
3778,4,"comfort, softness and texture",This is very safe on hills.,positive,positive,positive,both_correct,6,False
3778,5,product quality and performance,Just make sure you lock every wheel.,positive,positive,positive,both_correct,7,False
3778,5,"durability, washability and longevity",Just make sure you lock every wheel.,positive,positive,positive,both_correct,7,False
3778,6,"design, appearance and looks",I love the all light gray color too.,positive,positive,positive,both_correct,8,False
3778,6,"comfort, softness and texture",I love the all light gray color too.,positive,positive,positive,both_correct,8,False
3778,7,"ease of use, assembly and convenience",It folds up in a snap too. <br,positive,negative,negative,both_wrong,8,False
3778,7,product quality and performance,It folds up in a snap too. <br,positive,negative,negative,both_wrong,8,False
3778,9,"ease of use, assembly and convenience",It still is very easy to push though. <br,positive,positive,positive,both_correct,9,False
3780,1,"ease of use, assembly and convenience",but it's not like there's to many parts to be confused about.,positive,negative,negative,both_wrong,12,True
3780,2,"design, appearance and looks","It's a really cute high chair, but it's suuper wobbly.",negative,negative,negative,both_correct,10,True
3780,2,product quality and performance,"It's a really cute high chair, but it's suuper wobbly.",negative,negative,negative,both_correct,10,True
3780,3,product quality and performance,"Whenever we put our baby in it, it rocks.",positive,negative,positive,bert_fixes_baseline_error,9,True
3780,3,"comfort, softness and texture","Whenever we put our baby in it, it rocks.",positive,negative,positive,bert_fixes_baseline_error,9,True
3780,4,product quality and performance,And trying to put the tray on makes it seem like it's going to break apart. Eh-,negative,negative,negative,both_correct,17,False
3780,4,"design, appearance and looks",And trying to put the tray on makes it seem like it's going to break apart. Eh-,negative,negative,negative,both_correct,17,False
3780,5,"price, cost and value for money",don't waste your money.,positive,negative,positive,bert_fixes_baseline_error,4,True
3781,0,"design, appearance and looks","The otter scared me a little at first, turned it on and it looks like it's breathing.",positive,positive,positive,both_correct,17,False
3781,1,"comfort, softness and texture",It's super soft and the fabric comes off to wash if needed.,negative,positive,negative,bert_fixes_baseline_error,12,False
3781,1,product quality and performance,It's super soft and the fabric comes off to wash if needed.,negative,negative,negative,both_correct,12,False
3781,1,"durability, washability and longevity",It's super soft and the fabric comes off to wash if needed.,negative,negative,negative,both_correct,12,False
3781,2,"comfort, softness and texture","It plays calming music and the heart lights up, great night light.",positive,positive,positive,both_correct,12,False
3781,2,product quality and performance,"It plays calming music and the heart lights up, great night light.",positive,positive,positive,both_correct,12,False
3781,3,"design, appearance and looks",The set would be a prefect shower gift.,positive,positive,positive,both_correct,8,False
3781,3,"durability, washability and longevity",The set would be a prefect shower gift.,positive,positive,positive,both_correct,8,False
3792,0,"comfort, softness and texture","I admit it, we spent several moments just rubbing the fabric of this swaddle blanket after it arrived.",negative,negative,negative,both_correct,18,False
3792,0,"design, appearance and looks","I admit it, we spent several moments just rubbing the fabric of this swaddle blanket after it arrived.",negative,negative,negative,both_correct,18,False
3792,1,"comfort, softness and texture",The material is so soft and warm I was almost jealous of an infant.,positive,positive,positive,both_correct,14,False
3792,1,product quality and performance,The material is so soft and warm I was almost jealous of an infant.,positive,positive,positive,both_correct,14,False
3792,2,"comfort, softness and texture","Seriously though, it's adorable and little guy sleeps, well, just like a baby in it.",positive,positive,positive,both_correct,15,False
3792,2,"design, appearance and looks","Seriously though, it's adorable and little guy sleeps, well, just like a baby in it.",positive,positive,positive,both_correct,15,False
3792,3,"comfort, softness and texture",It's one of our favorite baby,positive,positive,positive,both_correct,6,False
3792,3,"design, appearance and looks",It's one of our favorite baby,positive,positive,positive,both_correct,6,False
3792,4,"comfort, softness and texture",nap time items.,negative,positive,positive,both_wrong,3,False
3793,0,safety for babies and children,"This is pretty cool, I love knowing what the baby is eating, store bought food, who knows what is actually in there.",positive,positive,positive,both_correct,22,False
3793,1,"ease of use, assembly and convenience",This little machine does it all but put in the jars for you.,negative,negative,negative,both_correct,13,True
3793,1,product quality and performance,This little machine does it all but put in the jars for you.,negative,negative,negative,both_correct,13,True
3793,2,product quality and performance,"It's super easy to use, smaller size",positive,positive,positive,both_correct,7,False
3793,2,"ease of use, assembly and convenience","It's super easy to use, smaller size",positive,positive,positive,both_correct,7,False
3793,3,"ease of use, assembly and convenience",so it doesn't take up a lot of counter space.,negative,negative,negative,both_correct,10,True
3793,3,"design, appearance and looks",so it doesn't take up a lot of counter space.,negative,negative,negative,both_correct,10,True
3793,4,product quality and performance,"Turns off when out of water, so no burning up and the best part, you can just throw in the dishwasher to clean.",negative,negative,negative,both_correct,23,True
3793,4,"durability, washability and longevity","Turns off when out of water, so no burning up and the best part, you can just throw in the dishwasher to clean.",negative,negative,negative,both_correct,23,True
3795,0,"comfort, softness and texture","I picked this up for someone who is having a girl, we opened it up and it's so cute, it will be great to lay baby on, which it is very soft, for pictures as baby grows.",positive,positive,positive,both_correct,37,False
3795,0,"design, appearance and looks","I picked this up for someone who is having a girl, we opened it up and it's so cute, it will be great to lay baby on, which it is very soft, for pictures as baby grows.",positive,positive,positive,both_correct,37,False
3795,1,"design, appearance and looks",It comes with a red cut out heart that you put over the month they are.,positive,negative,negative,both_wrong,16,False
3795,2,"design, appearance and looks",This is a wonderful baby shower gift.,positive,positive,positive,both_correct,7,False
3801,0,product quality and performance,"This is a very nice seat, seems to have a good amount of padding, I hear no complaint from the little one.",positive,positive,positive,both_correct,22,True
3801,0,"comfort, softness and texture","This is a very nice seat, seems to have a good amount of padding, I hear no complaint from the little one.",positive,positive,positive,both_correct,22,True
3801,1,"ease of use, assembly and convenience","It's super easy to put in and take out of vehicle, which is really nice since it's not cheap",positive,positive,positive,both_correct,19,True
3801,1,product quality and performance,"It's super easy to put in and take out of vehicle, which is really nice since it's not cheap",positive,positive,positive,both_correct,19,True
3801,1,"price, cost and value for money","It's super easy to put in and take out of vehicle, which is really nice since it's not cheap",positive,positive,positive,both_correct,19,True
3801,2,"price, cost and value for money",so it's not like you would want to buy a seat for each of your cars.,negative,negative,negative,both_correct,16,True
3801,2,"ease of use, assembly and convenience",so it's not like you would want to buy a seat for each of your cars.,negative,negative,negative,both_correct,16,True
3801,3,product quality and performance,"It's super safe, which of course it the most important thing, well worth it.",positive,positive,positive,both_correct,14,False
3801,3,"price, cost and value for money","It's super safe, which of course it the most important thing, well worth it.",positive,positive,positive,both_correct,14,False
3801,3,safety for babies and children,"It's super safe, which of course it the most important thing, well worth it.",positive,positive,positive,both_correct,14,False
3804,0,"comfort, softness and texture","Very soft and great for boy or girl, comes with a hat.",positive,positive,positive,both_correct,12,False
3804,0,product quality and performance,"Very soft and great for boy or girl, comes with a hat.",positive,positive,positive,both_correct,12,False
3820,0,product quality and performance,"Taste good, at least baby thinks so, I haven't tried it myself.",positive,positive,positive,both_correct,12,True
3820,1,safety for babies and children,My baby gets upset tummy easy but has been feeling fine since switching.,positive,positive,positive,both_correct,13,True
3820,1,product quality and performance,My baby gets upset tummy easy but has been feeling fine since switching.,positive,positive,positive,both_correct,13,True
3831,0,"comfort, softness and texture","They are so cute and prefect, not too hard or soft, just right for a medium chewier.",positive,positive,positive,both_correct,17,True
3831,0,"design, appearance and looks","They are so cute and prefect, not too hard or soft, just right for a medium chewier.",positive,positive,positive,both_correct,17,True
3832,0,product quality and performance,"It's really nice, comfortable and great fitting.",positive,positive,positive,both_correct,7,False
3832,0,"comfort, softness and texture","It's really nice, comfortable and great fitting.",positive,positive,positive,both_correct,7,False
3835,0,product quality and performance,"This machine has a great suction power, the cord is long, it comes with bag and cooling bag.",positive,negative,positive,bert_fixes_baseline_error,18,False
3835,1,product quality and performance,I don't like how it takes lots of batteries when using it on the go though.,negative,negative,negative,both_correct,16,True
3835,1,"price, cost and value for money",I don't like how it takes lots of batteries when using it on the go though.,negative,negative,negative,both_correct,16,True
3846,1,"comfort, softness and texture","The thickness is great, I love that when the kid is trying to fork or spoon the bowl and plate aren't moving around.",positive,positive,positive,both_correct,23,True
3846,1,product quality and performance,"The thickness is great, I love that when the kid is trying to fork or spoon the bowl and plate aren't moving around.",positive,positive,positive,both_correct,23,True
3846,2,"durability, washability and longevity",They can go in the dishwasher and microwave.,negative,negative,negative,both_correct,8,False
3846,2,"ease of use, assembly and convenience",They can go in the dishwasher and microwave.,negative,negative,negative,both_correct,8,False
3864,0,"ease of use, assembly and convenience","You have all you need, from born to toddler.",positive,positive,positive,both_correct,9,False
3864,0,safety for babies and children,"You have all you need, from born to toddler.",positive,positive,positive,both_correct,9,False
3864,1,product quality and performance,Very sturdy and smaller than other pack and plays.,positive,positive,positive,both_correct,9,False
3864,1,"size, dimensions and fit",Very sturdy and smaller than other pack and plays.,positive,positive,positive,both_correct,9,False
3864,2,"price, cost and value for money","The only thing is you can't just go anywhere and buy a sheet, but I personally don't think you really need one.",negative,negative,negative,both_correct,22,True
3879,0,"size, dimensions and fit",Nice compact design.,positive,positive,positive,both_correct,3,False
3879,0,"ease of use, assembly and convenience",Nice compact design.,positive,positive,positive,both_correct,3,False
3879,0,"design, appearance and looks",Nice compact design.,positive,positive,positive,both_correct,3,False
3879,1,"durability, washability and longevity",Also has 2 mesh pockets to store things and is long.,negative,negative,negative,both_correct,11,False
3879,1,"design, appearance and looks",Also has 2 mesh pockets to store things and is long.,negative,negative,negative,both_correct,11,False
3879,2,"design, appearance and looks",Nice discrete looking when folded.,positive,positive,positive,both_correct,5,False
3879,2,"ease of use, assembly and convenience",Nice discrete looking when folded.,positive,positive,positive,both_correct,5,False
3888,0,"ease of use, assembly and convenience","The prefect snack set to go places, things don't spill, easy clean and great portion size.",positive,positive,positive,both_correct,16,True
3888,0,product quality and performance,"The prefect snack set to go places, things don't spill, easy clean and great portion size.",positive,positive,positive,both_correct,16,True
3904,0,"ease of use, assembly and convenience","Compre tres termometros uno para mi mama otro para mi papa y otro para mi me parece muy bueno este termometro ya que no entra en contacto con la persona estamos mus datisfechos con la compra, a este termometro le doy⭐⭐",negative,negative,negative,both_correct,41,True
3904,0,"packaging, shipping and delivery","Compre tres termometros uno para mi mama otro para mi papa y otro para mi me parece muy bueno este termometro ya que no entra en contacto con la persona estamos mus datisfechos con la compra, a este termometro le doy⭐⭐",negative,negative,negative,both_correct,41,True
3950,0,"design, appearance and looks",This is an adorable car seat!,positive,positive,positive,both_correct,6,False
3950,0,"comfort, softness and texture",This is an adorable car seat!,positive,positive,positive,both_correct,6,False
3950,1,"ease of use, assembly and convenience",Our daughter is just getting into Disney so the Minnie Mouse print is too cute. This was fairly easy to install and definitely easier than our Britax car seats.,positive,positive,positive,both_correct,29,False
3950,1,product quality and performance,Our daughter is just getting into Disney so the Minnie Mouse print is too cute. This was fairly easy to install and definitely easier than our Britax car seats.,positive,positive,positive,both_correct,29,False
3950,1,"design, appearance and looks",Our daughter is just getting into Disney so the Minnie Mouse print is too cute. This was fairly easy to install and definitely easier than our Britax car seats.,positive,positive,positive,both_correct,29,False
3950,2,product quality and performance,We got this as a spare to use in our in laws car when we visit them and it is built like a tank!,negative,positive,negative,bert_fixes_baseline_error,24,False
3950,2,"size, dimensions and fit",We got this as a spare to use in our in laws car when we visit them and it is built like a tank!,negative,positive,negative,bert_fixes_baseline_error,24,False
3950,3,"comfort, softness and texture",The padding is soft and there is a lot of it.,positive,positive,positive,both_correct,11,False
3950,3,product quality and performance,The padding is soft and there is a lot of it.,positive,positive,positive,both_correct,11,False
3950,4,"design, appearance and looks",Our little one looks comfy and seems happy in it even on long drives (45 minutes+). It is also easy to clean especially after a juice spill,positive,positive,positive,both_correct,27,False
3950,4,"durability, washability and longevity",Our little one looks comfy and seems happy in it even on long drives (45 minutes+). It is also easy to clean especially after a juice spill,positive,positive,positive,both_correct,27,False
3950,4,"ease of use, assembly and convenience",Our little one looks comfy and seems happy in it even on long drives (45 minutes+). It is also easy to clean especially after a juice spill,positive,positive,positive,both_correct,27,False
3950,5,product quality and performance,so that was a pleasant surprise! <br,positive,positive,positive,both_correct,7,False
3950,7,product quality and performance,we are very pleased with the quality of this car seat and that it is convertible.,positive,positive,positive,both_correct,16,False
3950,7,"design, appearance and looks",we are very pleased with the quality of this car seat and that it is convertible.,positive,positive,positive,both_correct,16,False
3950,8,"durability, washability and longevity",We expect this to last quite a long time!,negative,positive,negative,bert_fixes_baseline_error,9,False
3950,8,product quality and performance,We expect this to last quite a long time!,negative,positive,negative,bert_fixes_baseline_error,9,False
3964,0,"design, appearance and looks",Very cute off white color with a sweet little owl sewn onto the front middle pocket.,positive,positive,positive,both_correct,16,False
3964,0,"comfort, softness and texture",Very cute off white color with a sweet little owl sewn onto the front middle pocket.,positive,positive,positive,both_correct,16,False
3964,1,"ease of use, assembly and convenience","There are a surprising amount of pockets in this and I was pleased to be able to fit almost an entire ""row"" of diapers in there straight from the box.",positive,positive,positive,both_correct,30,False
3964,1,"size, dimensions and fit","There are a surprising amount of pockets in this and I was pleased to be able to fit almost an entire ""row"" of diapers in there straight from the box.",positive,positive,positive,both_correct,30,False
3964,2,"ease of use, assembly and convenience","It has room for a bedtime story, small stuffies and wubbies, travel baby lotion, and wipes, which is exactly what I needed/wanted on hand. It attaches via black Velcro loops on the back that go around the top rail of the crib.",negative,negative,positive,bert_introduces_new_error,42,False
3964,3,"design, appearance and looks",The loops didn't match perfectly with the spaces between my which isn't a huge deal.,negative,negative,negative,both_correct,15,True
3964,4,safety for babies and children,It does make a little bunched up part of the Velcro that my 16 month old likes to tug at.,positive,negative,negative,both_wrong,20,False
3964,4,product quality and performance,It does make a little bunched up part of the Velcro that my 16 month old likes to tug at.,positive,negative,negative,both_wrong,20,False
3964,6,"design, appearance and looks","/>One thing to note: When the back pockets are full, the entire thing leans forward a little and makes it harder to get things out of the front or see the owl design.",negative,negative,negative,both_correct,33,True
3971,0,"design, appearance and looks",I love this little robot :),positive,positive,positive,both_correct,6,False
3971,1,product quality and performance,I tested it for a few days now and I am very satisfied.,positive,positive,positive,both_correct,13,False
3971,2,product quality and performance,I have steamed and blended veggies and fruit (haven't try meat yet) and it works pretty well.,positive,positive,positive,both_correct,17,True
3971,2,"comfort, softness and texture",I have steamed and blended veggies and fruit (haven't try meat yet) and it works pretty well.,positive,positive,positive,both_correct,17,True
3971,3,"size, dimensions and fit","At the beginning I thought it was small, but actually it's the right size for a few food jars. I find that cutting the food in small pieces works the best. I will update on a few weeks after trying adding chicken! Sofar",positive,positive,positive,both_correct,43,True
3980,0,"design, appearance and looks",Love this freezer tray.,positive,positive,positive,both_correct,4,False
3980,0,"comfort, softness and texture",Love this freezer tray.,positive,positive,positive,both_correct,4,False
3980,1,safety for babies and children,"great portion size, easy to use, dishwasher safe, and bpa free for baby.",positive,positive,positive,both_correct,13,False
3980,1,product quality and performance,"great portion size, easy to use, dishwasher safe, and bpa free for baby.",positive,positive,positive,both_correct,13,False
3980,1,"ease of use, assembly and convenience","great portion size, easy to use, dishwasher safe, and bpa free for baby.",positive,positive,positive,both_correct,13,False
3989,0,"design, appearance and looks","I wanted something that I could have in my closet that would look nice, that I could see what was in it but kept everything organized.",negative,negative,negative,both_correct,26,True
3989,0,"ease of use, assembly and convenience","I wanted something that I could have in my closet that would look nice, that I could see what was in it but kept everything organized.",negative,negative,negative,both_correct,26,True
3989,1,product quality and performance,These work great for all that and more.,positive,positive,positive,both_correct,8,False
3989,1,"durability, washability and longevity",These work great for all that and more.,positive,positive,positive,both_correct,8,False
3989,2,"ease of use, assembly and convenience",They stack pretty nicely and sit nicely in my closet.,positive,positive,positive,both_correct,10,False
3989,2,product quality and performance,They stack pretty nicely and sit nicely in my closet.,positive,positive,positive,both_correct,10,False
3989,2,"design, appearance and looks",They stack pretty nicely and sit nicely in my closet.,positive,positive,positive,both_correct,10,False
3989,3,product quality and performance,"I can open them, move them around and they don't fall apart or collapse on themselves.",positive,positive,positive,both_correct,16,True
3989,3,"ease of use, assembly and convenience","I can open them, move them around and they don't fall apart or collapse on themselves.",positive,positive,positive,both_correct,16,True
3989,4,product quality and performance,They work just as they said they would and I am loving them.,positive,positive,positive,both_correct,13,False
3989,4,"ease of use, assembly and convenience",They work just as they said they would and I am loving them.,positive,positive,positive,both_correct,13,False
3989,5,"ease of use, assembly and convenience",I am totally getting more of these for my other bedrooms to organize and store stuff in.,negative,negative,negative,both_correct,17,False
3989,5,"design, appearance and looks",I am totally getting more of these for my other bedrooms to organize and store stuff in.,negative,negative,negative,both_correct,17,False
3994,0,product quality and performance,These are just what I expect from these storage bins.,negative,positive,negative,bert_fixes_baseline_error,10,False
3994,0,"design, appearance and looks",These are just what I expect from these storage bins.,negative,positive,negative,bert_fixes_baseline_error,10,False
3994,1,"design, appearance and looks",They not only look great and you can find any design to fit your lifestyle.,positive,negative,positive,bert_fixes_baseline_error,15,True
3994,1,product quality and performance,They not only look great and you can find any design to fit your lifestyle.,positive,negative,positive,bert_fixes_baseline_error,15,True
3994,2,"ease of use, assembly and convenience","They hold up to anything you want to put in them and then fold down, store away until you need them again.",negative,negative,negative,both_correct,22,False
3994,2,"durability, washability and longevity","They hold up to anything you want to put in them and then fold down, store away until you need them again.",negative,negative,negative,both_correct,22,False
3994,3,product quality and performance,They are so well made too.,positive,positive,positive,both_correct,6,False
3994,3,"design, appearance and looks",They are so well made too.,positive,positive,positive,both_correct,6,False
3994,4,product quality and performance,These are totally great and very happy with them.,positive,positive,positive,both_correct,9,False
3994,4,"design, appearance and looks",These are totally great and very happy with them.,positive,positive,positive,both_correct,9,False
4000,0,product quality and performance,Great baby bottles.,positive,positive,positive,both_correct,3,False
4000,0,"comfort, softness and texture",Great baby bottles.,positive,positive,positive,both_correct,3,False
4000,1,safety for babies and children,Lets the air out so that the baby doesn't take in so much air as they feed.,positive,negative,positive,bert_fixes_baseline_error,17,True
4000,2,"durability, washability and longevity",Easy to clean and just work great.,positive,positive,positive,both_correct,7,False
4000,2,product quality and performance,Easy to clean and just work great.,positive,positive,positive,both_correct,7,False
4000,2,"ease of use, assembly and convenience",Easy to clean and just work great.,positive,positive,positive,both_correct,7,False
4010,1,safety for babies and children,My daughter is easily distracted from eating when she is able to free roam.,negative,negative,negative,both_correct,14,False
4010,2,safety for babies and children,This helps alot with keeping her at a comfortable level at the table and prevents her from leaving the table and roaming freely.,positive,positive,positive,both_correct,23,False
4010,2,product quality and performance,This helps alot with keeping her at a comfortable level at the table and prevents her from leaving the table and roaming freely.,positive,positive,positive,both_correct,23,False
4015,0,"design, appearance and looks","Pretty, two of each!",positive,negative,positive,bert_fixes_baseline_error,4,False
4015,0,"comfort, softness and texture","Pretty, two of each!",positive,negative,positive,bert_fixes_baseline_error,4,False
4015,1,"design, appearance and looks",Love these bows,positive,positive,positive,both_correct,3,False
4015,1,"comfort, softness and texture",Love these bows,positive,positive,positive,both_correct,3,False
4018,0,product quality and performance,Works all night for my 2 y/o boy.,positive,positive,positive,both_correct,8,False
4018,0,safety for babies and children,Works all night for my 2 y/o boy.,positive,positive,positive,both_correct,8,False
4018,1,safety for babies and children,Every other brand leaks while he sleeps.,negative,positive,negative,bert_fixes_baseline_error,7,False
4021,0,safety for babies and children,I like the Corner Protectors for Baby Safety.,positive,positive,positive,both_correct,8,False
4021,0,product quality and performance,I like the Corner Protectors for Baby Safety.,positive,positive,positive,both_correct,8,False
4021,1,"design, appearance and looks",These are silicone and are tacky when they and your surfaces are clean.,negative,positive,negative,bert_fixes_baseline_error,13,False
4021,1,product quality and performance,These are silicone and are tacky when they and your surfaces are clean.,negative,positive,negative,bert_fixes_baseline_error,13,False
4021,3,"ease of use, assembly and convenience","This set is ideal for end tables, coffee tables and night stands.",positive,positive,positive,both_correct,12,False
4021,3,"design, appearance and looks","This set is ideal for end tables, coffee tables and night stands.",positive,positive,positive,both_correct,12,False
4021,4,safety for babies and children,Any corner that baby or your shins may easily encounter will benefit from the protection afforded with this set.,positive,negative,positive,bert_fixes_baseline_error,19,False
4021,4,product quality and performance,Any corner that baby or your shins may easily encounter will benefit from the protection afforded with this set.,positive,negative,positive,bert_fixes_baseline_error,19,False
4021,5,"ease of use, assembly and convenience","There are two different shapes to use, so you can protect several vulnerable furniture corners in your home.",negative,positive,negative,bert_fixes_baseline_error,18,False
4021,5,"design, appearance and looks","There are two different shapes to use, so you can protect several vulnerable furniture corners in your home.",negative,positive,negative,bert_fixes_baseline_error,18,False
4021,6,product quality and performance,I find this set to be very affordable and well made.,positive,positive,positive,both_correct,11,False
4021,6,"price, cost and value for money",I find this set to be very affordable and well made.,positive,positive,positive,both_correct,11,False
4021,7,product quality and performance,"I recommend it for the usefulness, value and durability.",positive,positive,positive,both_correct,9,False
4021,7,"durability, washability and longevity","I recommend it for the usefulness, value and durability.",positive,positive,positive,both_correct,9,False
4021,8,"design, appearance and looks",I recommend using these before your child becomes mobile so the novelty will not be particularly attractive.,negative,negative,negative,both_correct,17,True
4021,8,safety for babies and children,I recommend using these before your child becomes mobile so the novelty will not be particularly attractive.,negative,negative,negative,both_correct,17,True
4021,9,product quality and performance,Thanks for reading about my experience.,positive,positive,positive,both_correct,6,False
4025,0,product quality and performance,"A high chair is a high chair, in my opinion.",positive,positive,positive,both_correct,10,False
4025,2,"size, dimensions and fit","Ridiculously wide base, but whatever.",negative,negative,negative,both_correct,5,True
4025,3,"price, cost and value for money",Fine for the price,positive,positive,positive,both_correct,4,False
4025,3,product quality and performance,Fine for the price,positive,positive,positive,both_correct,4,False
4035,0,safety for babies and children,"we planned to go zoo, so we were looking toilet seat covers which covers the whole thing and these are perfect ones to cover the whole toilet, especially for kids who are not used for outdoor toilets.",positive,negative,negative,both_wrong,37,True
4035,0,"design, appearance and looks","we planned to go zoo, so we were looking toilet seat covers which covers the whole thing and these are perfect ones to cover the whole toilet, especially for kids who are not used for outdoor toilets.",positive,negative,positive,bert_fixes_baseline_error,37,True
4035,1,product quality and performance,These are flushable too.,negative,positive,positive,both_wrong,4,False
4035,1,"durability, washability and longevity",These are flushable too.,negative,positive,positive,both_wrong,4,False
4036,0,"comfort, softness and texture",My son's loves this dainosaurs blanket.,positive,positive,positive,both_correct,6,False
4036,0,"design, appearance and looks",My son's loves this dainosaurs blanket.,positive,positive,positive,both_correct,6,False
4036,1,"comfort, softness and texture",It is very comfortable and light weight blanket for toddler to carry .,positive,positive,positive,both_correct,13,False
4036,1,product quality and performance,It is very comfortable and light weight blanket for toddler to carry .,positive,positive,positive,both_correct,13,False
4049,0,"comfort, softness and texture",Good quality and soft,positive,positive,positive,both_correct,4,False
4049,0,"durability, washability and longevity",Good quality and soft,positive,positive,positive,both_correct,4,False
4052,0,product quality and performance,No leak and perfect cups for toddlers.,positive,positive,positive,both_correct,7,True
4052,0,safety for babies and children,No leak and perfect cups for toddlers.,positive,positive,positive,both_correct,7,True
4054,0,"comfort, softness and texture",My son loves this cot mobile.,positive,positive,positive,both_correct,6,False
4054,0,product quality and performance,My son loves this cot mobile.,positive,positive,positive,both_correct,6,False
4054,1,"comfort, softness and texture",He loves looking at it while it plays soothing songs to help him get off to sleep.,positive,positive,positive,both_correct,17,False
4054,1,"design, appearance and looks",He loves looking at it while it plays soothing songs to help him get off to sleep.,positive,positive,positive,both_correct,17,False
4054,2,"ease of use, assembly and convenience",It was easy to attach this mobile to the baby's cot.,negative,positive,negative,bert_fixes_baseline_error,11,False
4054,2,product quality and performance,It was easy to attach this mobile to the baby's cot.,negative,positive,negative,bert_fixes_baseline_error,11,False
4057,0,product quality and performance,I like this daipers and very good quality and no leaking.,positive,positive,positive,both_correct,11,True
4057,0,"durability, washability and longevity",I like this daipers and very good quality and no leaking.,positive,positive,positive,both_correct,11,True
4072,0,"comfort, softness and texture",Fabric good .,positive,positive,positive,both_correct,3,False
4072,0,product quality and performance,Fabric good .,positive,positive,positive,both_correct,3,False
4072,1,"size, dimensions and fit",but small than i expected.,negative,negative,negative,both_correct,5,True
4075,0,"comfort, softness and texture",Great quality blanket and very soft.,positive,positive,positive,both_correct,6,False
4075,0,product quality and performance,Great quality blanket and very soft.,positive,positive,positive,both_correct,6,False
4075,1,"durability, washability and longevity","I've washed the blanket 2 times now and colors did not fade, still looks good.",positive,negative,positive,bert_fixes_baseline_error,15,True
4075,1,"design, appearance and looks","I've washed the blanket 2 times now and colors did not fade, still looks good.",positive,negative,positive,bert_fixes_baseline_error,15,True
4075,2,product quality and performance,Overall we are satisfied.,positive,positive,positive,both_correct,4,False
4081,0,product quality and performance,"these are very good..we had a guest with 3 year kid, keep opening kitchen shelves..these locks really helped in securing them..they did not open even when kid tried forcedly ..1 star less due to difficulty in removal",positive,negative,positive,bert_fixes_baseline_error,37,True
4081,0,safety for babies and children,"these are very good..we had a guest with 3 year kid, keep opening kitchen shelves..these locks really helped in securing them..they did not open even when kid tried forcedly ..1 star less due to difficulty in removal",positive,negative,positive,bert_fixes_baseline_error,37,True
4091,1,"design, appearance and looks",It is a blur of lights at night.,negative,positive,positive,both_wrong,8,False
4112,0,"design, appearance and looks",This bunny basket was very cute.,positive,positive,positive,both_correct,6,False
4112,1,"comfort, softness and texture",It was very sweet The kids liked it.,positive,positive,positive,both_correct,8,False
4112,2,product quality and performance,It held a decent amount.,positive,positive,positive,both_correct,5,False
4112,2,"durability, washability and longevity",It held a decent amount.,positive,positive,positive,both_correct,5,False
4112,3,"design, appearance and looks",They liked the long ears.,positive,positive,positive,both_correct,5,False
4112,3,"comfort, softness and texture",They liked the long ears.,positive,positive,positive,both_correct,5,False
4112,4,product quality and performance,The quality was okay.,positive,positive,positive,both_correct,4,False
4112,5,"design, appearance and looks",They liked the color.,positive,positive,positive,both_correct,4,False
4112,6,"design, appearance and looks",It had a nice thick strap that was easy to hold.,positive,positive,positive,both_correct,11,False
4112,6,"ease of use, assembly and convenience",It had a nice thick strap that was easy to hold.,positive,positive,positive,both_correct,11,False
4112,7,"design, appearance and looks",The ace was cute.,positive,positive,positive,both_correct,4,False
4112,7,product quality and performance,The ace was cute.,positive,positive,positive,both_correct,4,False
4112,8,product quality and performance,We were happy and would recommend it.,positive,positive,positive,both_correct,7,False
4112,8,"comfort, softness and texture",We were happy and would recommend it.,positive,positive,positive,both_correct,7,False
4117,0,product quality and performance,We've had Gerber foods for years and have been very happy.,positive,positive,positive,both_correct,11,False
4117,0,"durability, washability and longevity",We've had Gerber foods for years and have been very happy.,positive,positive,positive,both_correct,11,False
4117,1,safety for babies and children,We really like organic because we feel it is healthier for the baby.,positive,positive,positive,both_correct,13,False
4117,2,"design, appearance and looks",This is a nice set.,positive,positive,positive,both_correct,5,False
4117,2,product quality and performance,This is a nice set.,positive,positive,positive,both_correct,5,False
4117,3,"price, cost and value for money",You get a lot,positive,positive,positive,both_correct,4,False
4117,3,"design, appearance and looks",You get a lot,positive,positive,positive,both_correct,4,False
4117,4,"price, cost and value for money",and I think you save money when you buy in bulk. The flavor was good.,positive,negative,positive,bert_fixes_baseline_error,15,False
4117,5,product quality and performance,My daughter really liked it.,positive,positive,positive,both_correct,5,False
4117,5,"design, appearance and looks",My daughter really liked it.,positive,positive,positive,both_correct,5,False
4117,6,product quality and performance,It is a nice mix and very tasty.,positive,positive,positive,both_correct,8,False
4117,6,"comfort, softness and texture",It is a nice mix and very tasty.,positive,positive,positive,both_correct,8,False
4117,8,"ease of use, assembly and convenience",The pouches are very convenient and easy to feed to them without a mess. <br,positive,positive,positive,both_correct,15,False
4117,8,product quality and performance,The pouches are very convenient and easy to feed to them without a mess. <br,positive,positive,positive,both_correct,15,False
4117,9,product quality and performance,/>I was pleased and would recommend it.,positive,positive,positive,both_correct,7,False
4117,9,"comfort, softness and texture",/>I was pleased and would recommend it.,positive,positive,positive,both_correct,7,False
4120,6,"design, appearance and looks",Cute otherwise.,positive,positive,positive,both_correct,2,False
4120,7,"design, appearance and looks",I tried to put stickers over the letter but it doesn't look good.,negative,negative,negative,both_correct,13,True
4121,0,"design, appearance and looks",This basket is very cute.,positive,positive,positive,both_correct,5,False
4121,0,"comfort, softness and texture",This basket is very cute.,positive,positive,positive,both_correct,5,False
4121,1,"design, appearance and looks",My kids like it.,positive,positive,positive,both_correct,4,False
4121,1,product quality and performance,My kids like it.,positive,positive,positive,both_correct,4,False
4121,2,"comfort, softness and texture",It is sweet.,positive,positive,positive,both_correct,3,False
4121,2,"design, appearance and looks",It is sweet.,positive,positive,positive,both_correct,3,False
4121,3,"ease of use, assembly and convenience",They could use it for Easter or just to have around the house.,negative,negative,negative,both_correct,13,False
4121,3,"design, appearance and looks",They could use it for Easter or just to have around the house.,negative,negative,negative,both_correct,13,False
4121,4,"comfort, softness and texture",It was soft.,positive,positive,positive,both_correct,3,False
4121,4,product quality and performance,It was soft.,positive,positive,positive,both_correct,3,False
4121,5,"design, appearance and looks",It looked nice and held a lot.,positive,positive,positive,both_correct,7,False
4121,5,product quality and performance,It looked nice and held a lot.,positive,positive,positive,both_correct,7,False
4121,6,"comfort, softness and texture",The qaulity seemed good.,positive,positive,positive,both_correct,4,False
4121,6,product quality and performance,The qaulity seemed good.,positive,positive,positive,both_correct,4,False
4121,7,product quality and performance,It would work for a boy or a girl.,negative,negative,negative,both_correct,9,False
4121,7,"ease of use, assembly and convenience",It would work for a boy or a girl.,negative,negative,negative,both_correct,9,False
4121,8,"design, appearance and looks",It seemed well made.,positive,positive,positive,both_correct,4,False
4121,8,product quality and performance,It seemed well made.,positive,positive,positive,both_correct,4,False
4121,9,product quality and performance,We had no problems at all.,positive,positive,positive,both_correct,6,True
4121,9,"ease of use, assembly and convenience",We had no problems at all.,positive,positive,positive,both_correct,6,True
4121,10,product quality and performance,I would recommend it.,positive,positive,positive,both_correct,4,False
4123,0,"design, appearance and looks",This is a very pretty sign.,positive,positive,positive,both_correct,6,False
4123,1,"design, appearance and looks",It looks very nice.,positive,positive,positive,both_correct,4,False
4123,1,product quality and performance,It looks very nice.,positive,positive,positive,both_correct,4,False
4123,2,"comfort, softness and texture",The rainbow is sweet.,positive,positive,positive,both_correct,4,False
4123,2,"design, appearance and looks",The rainbow is sweet.,positive,positive,positive,both_correct,4,False
4123,3,"design, appearance and looks",I love how inspirational it was.,positive,positive,positive,both_correct,6,False
4123,4,"ease of use, assembly and convenience",It was very easy to hang.,negative,negative,positive,bert_introduces_new_error,6,False
4123,4,"comfort, softness and texture",It was very easy to hang.,negative,negative,positive,bert_introduces_new_error,6,False
4123,5,"design, appearance and looks",I think this would look very nice in a bedroom.,positive,positive,positive,both_correct,10,False
4123,5,"comfort, softness and texture",I think this would look very nice in a bedroom.,positive,positive,positive,both_correct,10,False
4130,0,product quality and performance,It is nice that these easy up go up and down. These diapers were very good.,positive,positive,positive,both_correct,16,False
4130,0,"design, appearance and looks",It is nice that these easy up go up and down. These diapers were very good.,positive,positive,positive,both_correct,16,False
4130,0,"ease of use, assembly and convenience",It is nice that these easy up go up and down. These diapers were very good.,positive,positive,positive,both_correct,16,False
4130,2,product quality and performance,They were comfortable to wear.,positive,positive,positive,both_correct,5,False
4130,2,"comfort, softness and texture",They were comfortable to wear.,positive,positive,positive,both_correct,5,False
4130,3,"comfort, softness and texture",They felt more like real underwear. These were pretty discreet.,negative,negative,negative,both_correct,10,False
4130,3,"design, appearance and looks",They felt more like real underwear. These were pretty discreet.,negative,negative,negative,both_correct,10,False
4130,4,"comfort, softness and texture",You could not tell them were on under the clothing.,negative,negative,negative,both_correct,10,True
4130,4,"design, appearance and looks",You could not tell them were on under the clothing.,negative,negative,negative,both_correct,10,True
4130,5,"comfort, softness and texture",The fit was pretty good<,positive,positive,positive,both_correct,5,False
4130,5,product quality and performance,The fit was pretty good<,positive,positive,positive,both_correct,5,False
4130,5,"size, dimensions and fit",The fit was pretty good<,positive,positive,positive,both_correct,5,False
4150,0,product quality and performance,These diapers were very good.,positive,positive,positive,both_correct,5,False
4150,0,"comfort, softness and texture",These diapers were very good.,positive,positive,positive,both_correct,5,False
4162,0,"design, appearance and looks",My kids love playing with their dolls and these accessories make them enjoy it even more.,positive,positive,positive,both_correct,16,False
4162,0,"comfort, softness and texture",My kids love playing with their dolls and these accessories make them enjoy it even more.,positive,positive,positive,both_correct,16,False
4162,1,product quality and performance,These are very nice.,positive,positive,positive,both_correct,4,False
4162,1,"design, appearance and looks",These are very nice.,positive,positive,positive,both_correct,4,False
4162,3,product quality and performance,These are good quality.,positive,positive,positive,both_correct,4,False
4162,3,"durability, washability and longevity",These are good quality.,positive,positive,positive,both_correct,4,False
4162,4,"design, appearance and looks",They like how it looks like the milk is actually going down.,negative,negative,negative,both_correct,12,False
4162,4,product quality and performance,They like how it looks like the milk is actually going down.,negative,negative,negative,both_correct,12,False
4169,0,product quality and performance,My child loved this.,positive,positive,positive,both_correct,4,False
4169,0,"design, appearance and looks",My child loved this.,positive,positive,positive,both_correct,4,False
4169,1,"design, appearance and looks",It was a nice light for his room. This is very attractive.,positive,positive,positive,both_correct,12,False
4169,1,product quality and performance,It was a nice light for his room. This is very attractive.,positive,positive,positive,both_correct,12,False
4169,2,"design, appearance and looks",I thought it was unique.,positive,negative,positive,bert_fixes_baseline_error,5,False
4169,3,"design, appearance and looks",It looked very pretty in the house.,positive,negative,positive,bert_fixes_baseline_error,7,False
4169,3,product quality and performance,It looked very pretty in the house.,positive,negative,positive,bert_fixes_baseline_error,7,False
4169,4,"design, appearance and looks","It would make a very nice gift for someone, as well. <br",positive,positive,positive,both_correct,12,False
4169,5,product quality and performance,quality was very good.,positive,positive,positive,both_correct,4,False
4169,5,"comfort, softness and texture",quality was very good.,positive,positive,positive,both_correct,4,False
4169,6,"design, appearance and looks",It seemed to be very well made.,positive,positive,positive,both_correct,7,False
4169,6,product quality and performance,It seemed to be very well made.,positive,positive,positive,both_correct,7,False
4169,8,"design, appearance and looks",It really is beautiful.,positive,positive,positive,both_correct,4,False
4169,8,product quality and performance,It really is beautiful.,positive,positive,positive,both_correct,4,False
4213,0,product quality and performance,I was happy with the sunscreen.,positive,positive,positive,both_correct,6,False
4213,0,"durability, washability and longevity",I was happy with the sunscreen.,positive,positive,positive,both_correct,6,False
4213,7,product quality and performance,I was pleased with it.,positive,positive,positive,both_correct,5,False
4213,7,"design, appearance and looks",I was pleased with it.,positive,positive,positive,both_correct,5,False
4214,0,"design, appearance and looks",This is a very cute 2-in-1 convertible blanket.,positive,positive,positive,both_correct,8,False
4214,0,"comfort, softness and texture",This is a very cute 2-in-1 convertible blanket.,positive,positive,positive,both_correct,8,False
4214,2,"comfort, softness and texture",The print is sweet.,positive,positive,positive,both_correct,4,False
4214,2,"design, appearance and looks",The print is sweet.,positive,positive,positive,both_correct,4,False
4214,3,"comfort, softness and texture",It is relatively soft.,positive,positive,positive,both_correct,4,False
4214,3,"design, appearance and looks",It is relatively soft.,positive,positive,positive,both_correct,4,False
4214,4,"comfort, softness and texture",The baby likes it.,positive,positive,positive,both_correct,4,False
4214,4,"design, appearance and looks",The baby likes it.,positive,positive,positive,both_correct,4,False
4214,5,"comfort, softness and texture",It is nice to give some light warmth.,positive,positive,positive,both_correct,8,False
4214,5,"design, appearance and looks",It is nice to give some light warmth.,positive,positive,positive,both_correct,8,False
4214,6,product quality and performance,We were pleased with the quality.,positive,positive,positive,both_correct,6,False
4214,6,"comfort, softness and texture",We were pleased with the quality.,positive,positive,positive,both_correct,6,False
4214,7,product quality and performance,It washed without a problem.,positive,positive,positive,both_correct,5,False
4214,7,"durability, washability and longevity",It washed without a problem.,positive,positive,positive,both_correct,5,False
4223,0,product quality and performance,These wipes were okay.,positive,positive,positive,both_correct,4,False
4223,0,"comfort, softness and texture",These wipes were okay.,positive,positive,positive,both_correct,4,False
4223,1,product quality and performance,They were not as moist as other brands I've tried.,negative,negative,negative,both_correct,10,True
4223,2,"design, appearance and looks",I do like that they are fragrance free and try to be more natural.,positive,positive,positive,both_correct,14,False
4223,2,"comfort, softness and texture",I do like that they are fragrance free and try to be more natural.,positive,positive,positive,both_correct,14,False
4223,3,product quality and performance,But I need something that will work better to clean up the baby so it is quicker and uses less wipes.,negative,negative,negative,both_correct,21,True
4223,3,"ease of use, assembly and convenience",But I need something that will work better to clean up the baby so it is quicker and uses less wipes.,negative,negative,negative,both_correct,21,True
4230,0,"ease of use, assembly and convenience",I have struggled to line up traditional child locks in the past.,negative,negative,negative,both_correct,12,False
4230,0,product quality and performance,I have struggled to line up traditional child locks in the past.,negative,negative,negative,both_correct,12,False
4230,1,"ease of use, assembly and convenience",These took not time at all.,negative,negative,negative,both_correct,6,True
4230,2,product quality and performance,"Maybe 10 minutes for the first door because I was figuring out how to use them, but then 30 seconds per door max!",negative,negative,negative,both_correct,23,True
4230,3,product quality and performance,"They don't hold well on very thin wood, and I couldn't get them to work for drawers at all, but for most of my cabinets they worked great and were a breeze!!",positive,positive,positive,both_correct,32,True
4230,3,"ease of use, assembly and convenience","They don't hold well on very thin wood, and I couldn't get them to work for drawers at all, but for most of my cabinets they worked great and were a breeze!!",positive,positive,positive,both_correct,32,True
4237,0,product quality and performance,I really like this stroller.,positive,positive,positive,both_correct,5,False
4237,0,"comfort, softness and texture",I really like this stroller.,positive,positive,positive,both_correct,5,False
4237,1,"comfort, softness and texture",It just feels so well made.,positive,positive,positive,both_correct,6,False
4237,1,"design, appearance and looks",It just feels so well made.,positive,positive,positive,both_correct,6,False
4237,2,product quality and performance,It really is a huge step up from other strollers.,positive,positive,positive,both_correct,10,False
4237,2,"design, appearance and looks",It really is a huge step up from other strollers.,positive,positive,positive,both_correct,10,False
4237,3,product quality and performance,The quality is clearly a lot better. It is very big.,positive,positive,positive,both_correct,11,False
4237,3,"design, appearance and looks",The quality is clearly a lot better. It is very big.,positive,positive,positive,both_correct,11,False
4237,4,"design, appearance and looks","The basket is huge, which is really nice.",positive,positive,positive,both_correct,8,False
4237,4,"size, dimensions and fit","The basket is huge, which is really nice.",positive,positive,positive,both_correct,8,False
4237,5,safety for babies and children,We have five kids,positive,positive,positive,both_correct,4,False
4237,7,"ease of use, assembly and convenience",It is great to be able to carry it all. <br,positive,positive,positive,both_correct,11,False
4237,7,product quality and performance,It is great to be able to carry it all. <br,positive,positive,positive,both_correct,11,False
4237,8,"design, appearance and looks",/>There are little features I like.,negative,positive,positive,both_wrong,6,False
4237,8,"comfort, softness and texture",/>There are little features I like.,negative,positive,positive,both_wrong,6,False
4237,9,product quality and performance,"For instance, it is so easy to lock and unlock it.",negative,positive,positive,both_wrong,11,False
4237,9,"ease of use, assembly and convenience","For instance, it is so easy to lock and unlock it.",negative,positive,positive,both_wrong,11,False
4237,10,product quality and performance,It pushes so nicely.,positive,positive,positive,both_correct,4,False
4237,10,"design, appearance and looks",It pushes so nicely.,positive,positive,positive,both_correct,4,False
4237,11,product quality and performance,"It rides very smoothly. The size is good, but also a small downsize as well.",positive,negative,positive,bert_fixes_baseline_error,15,True
4237,11,"size, dimensions and fit","It rides very smoothly. The size is good, but also a small downsize as well.",positive,negative,positive,bert_fixes_baseline_error,15,True
4237,14,product quality and performance,The quality is always good and it always lasts.,positive,positive,positive,both_correct,9,False
4237,14,"durability, washability and longevity",The quality is always good and it always lasts.,positive,positive,positive,both_correct,9,False
4237,15,product quality and performance,I would recommend this.,positive,positive,positive,both_correct,4,False
4241,0,product quality and performance,These are great plates.,positive,positive,positive,both_correct,4,False
4241,0,"design, appearance and looks",These are great plates.,positive,positive,positive,both_correct,4,False
4241,1,"size, dimensions and fit",They are a good size for little kids.,positive,positive,positive,both_correct,8,False
4241,1,safety for babies and children,They are a good size for little kids.,positive,positive,positive,both_correct,8,False
4241,2,safety for babies and children,Sometimes little kid plates are so small that there isn't enough room for food but these are better.,negative,positive,positive,both_wrong,18,True
4241,2,"size, dimensions and fit",Sometimes little kid plates are so small that there isn't enough room for food but these are better.,negative,positive,positive,both_wrong,18,True
4241,3,"design, appearance and looks",They are bright.,positive,positive,positive,both_correct,3,False
4241,3,product quality and performance,They are bright.,positive,positive,positive,both_correct,3,False
4241,4,product quality and performance,The non-slip bottom helps to stop them from moving back and forth. <br,positive,positive,positive,both_correct,13,False
4241,4,"design, appearance and looks",The non-slip bottom helps to stop them from moving back and forth. <br,positive,positive,positive,both_correct,13,False
4241,5,product quality and performance,/>I am glad they are BPA free.,positive,positive,positive,both_correct,7,False
4241,7,"ease of use, assembly and convenience",It is convenient that they are safe in the dishwasher.,negative,negative,negative,both_correct,10,False
4241,7,"durability, washability and longevity",It is convenient that they are safe in the dishwasher.,negative,negative,negative,both_correct,10,False
4241,8,product quality and performance,"They are also safe int he microwave, but I don't microwave plastic.",negative,negative,negative,both_correct,12,True
4241,9,safety for babies and children,These are good for my 1 and three year old.,positive,positive,positive,both_correct,10,False
4241,9,product quality and performance,These are good for my 1 and three year old.,positive,positive,positive,both_correct,10,False
4241,10,product quality and performance,I am pleased with the quality.,positive,positive,positive,both_correct,6,False
4241,10,"comfort, softness and texture",I am pleased with the quality.,positive,positive,positive,both_correct,6,False
4249,1,"design, appearance and looks",But now she can have the girl version!,positive,positive,positive,both_correct,8,True
4249,2,product quality and performance,They all love it!,positive,positive,positive,both_correct,4,False
4249,2,"design, appearance and looks",They all love it!,positive,positive,positive,both_correct,4,False
4257,0,product quality and performance,Work just like the Pampers that I'm used to!,positive,positive,positive,both_correct,9,False
4257,0,"comfort, softness and texture",Work just like the Pampers that I'm used to!,positive,positive,positive,both_correct,9,False
4260,0,product quality and performance,I found this product to be too unstable to use.,negative,negative,negative,both_correct,10,False
4260,2,"price, cost and value for money","But no, I tossed this one out because I didn't even think it was worth donating!",negative,negative,negative,both_correct,16,True
4261,0,product quality and performance,This is a very good bin.,positive,positive,positive,both_correct,6,False
4261,0,"ease of use, assembly and convenience",This is a very good bin.,positive,positive,positive,both_correct,6,False
4261,1,product quality and performance,"The sides are nice and hard, and it is sturdy.",positive,positive,positive,both_correct,10,False
4261,1,"design, appearance and looks","The sides are nice and hard, and it is sturdy.",positive,positive,positive,both_correct,10,False
4261,2,product quality and performance,We have gotten some bins that do not stay up so this one is nice that it stays up well.,positive,positive,positive,both_correct,20,True
4261,2,"design, appearance and looks",We have gotten some bins that do not stay up so this one is nice that it stays up well.,positive,positive,positive,both_correct,20,True
4261,3,"design, appearance and looks",It is pretty and looks nice.,positive,positive,positive,both_correct,6,False
4261,3,product quality and performance,It is pretty and looks nice.,positive,positive,positive,both_correct,6,False
4261,4,"design, appearance and looks",I like that you can keep it out so that people can see it.,positive,positive,positive,both_correct,14,False
4261,7,"size, dimensions and fit",It is a nice size.,positive,positive,positive,both_correct,5,False
4261,7,product quality and performance,It is a nice size.,positive,positive,positive,both_correct,5,False
4261,8,product quality and performance,It is lightweight and easy to take somewhere.,positive,positive,positive,both_correct,8,False
4261,8,"ease of use, assembly and convenience",It is lightweight and easy to take somewhere.,positive,positive,positive,both_correct,8,False
4261,9,"design, appearance and looks",I use it for my infant daughter's room.,negative,positive,negative,bert_fixes_baseline_error,8,False
4261,9,safety for babies and children,I use it for my infant daughter's room.,negative,negative,negative,both_correct,8,False
4271,0,product quality and performance,This is a very nice spoon.,positive,positive,positive,both_correct,6,False
4271,0,"design, appearance and looks",This is a very nice spoon.,positive,positive,positive,both_correct,6,False
4271,1,"comfort, softness and texture",It is very soft for the baby.,positive,positive,positive,both_correct,7,False
4271,1,safety for babies and children,It is very soft for the baby.,positive,positive,positive,both_correct,7,False
4271,2,"comfort, softness and texture","I have a baby who is just learning to eat, and this is very soft for her.",positive,positive,positive,both_correct,17,False
4271,2,safety for babies and children,"I have a baby who is just learning to eat, and this is very soft for her.",positive,positive,positive,both_correct,17,False
4271,3,"design, appearance and looks",She really gnaws on it,positive,negative,positive,bert_fixes_baseline_error,5,False
4271,5,"design, appearance and looks",It looks just as pictured.,positive,positive,positive,both_correct,5,False
4271,5,product quality and performance,It looks just as pictured.,positive,positive,positive,both_correct,5,False
4271,6,"size, dimensions and fit",It is a good size - small enough for her little mouth and can hold a small amount like she would take.,positive,positive,positive,both_correct,22,False
4271,6,safety for babies and children,It is a good size - small enough for her little mouth and can hold a small amount like she would take.,positive,positive,positive,both_correct,22,False
4288,0,safety for babies and children,"We have the Ergo baby carrier, but an insert is important for when the infant is young to fully support them.",negative,positive,negative,bert_fixes_baseline_error,21,True
4288,1,product quality and performance,This is a new improved insert that does the job very well.,positive,positive,positive,both_correct,12,False
4288,1,"ease of use, assembly and convenience",This is a new improved insert that does the job very well.,positive,positive,positive,both_correct,12,False
4288,2,product quality and performance,We've been very happy with this carrier as a whole and now with the insert.,positive,positive,positive,both_correct,15,False
4288,3,product quality and performance,I like that it supports the baby better than a lot of the other ones.,positive,positive,positive,both_correct,15,False
4288,3,"comfort, softness and texture",I like that it supports the baby better than a lot of the other ones.,positive,positive,positive,both_correct,15,False
4288,4,product quality and performance,I like that it is made to maximize air flow.,positive,positive,positive,both_correct,10,False
4288,4,"design, appearance and looks",I like that it is made to maximize air flow.,positive,positive,positive,both_correct,10,False
4288,5,"comfort, softness and texture",The baby seemed comfortable in it.,positive,positive,positive,both_correct,6,False
4288,5,"design, appearance and looks",The baby seemed comfortable in it.,positive,positive,positive,both_correct,6,False
4288,6,"comfort, softness and texture",It seemed very soft and nice for the baby.,positive,positive,positive,both_correct,9,False
4288,6,"design, appearance and looks",It seemed very soft and nice for the baby.,positive,positive,positive,both_correct,9,False
4288,7,"ease of use, assembly and convenience",It fits very well with the carrier without a problem.,positive,positive,positive,both_correct,10,False
4288,7,product quality and performance,It fits very well with the carrier without a problem.,positive,positive,positive,both_correct,10,False
4288,7,"size, dimensions and fit",It fits very well with the carrier without a problem.,positive,positive,positive,both_correct,10,False
4288,8,product quality and performance,The color is good for a boy or a girl and is more forgiving than some of the other colors as far as stains.,positive,positive,positive,both_correct,24,False
4288,8,"durability, washability and longevity",The color is good for a boy or a girl and is more forgiving than some of the other colors as far as stains.,positive,positive,positive,both_correct,24,False
4290,0,"design, appearance and looks",This is a very nice bib.,positive,positive,positive,both_correct,6,False
4290,0,product quality and performance,This is a very nice bib.,positive,positive,positive,both_correct,6,False
4290,1,"durability, washability and longevity",It is unique in that it is thicker at the top to help catch more and avoid wetness.,positive,negative,positive,bert_fixes_baseline_error,18,False
4290,1,product quality and performance,It is unique in that it is thicker at the top to help catch more and avoid wetness.,positive,negative,positive,bert_fixes_baseline_error,18,False
4290,2,product quality and performance,I liked it.,positive,positive,positive,both_correct,3,False
4290,2,"design, appearance and looks",I liked it.,positive,positive,positive,both_correct,3,False
4290,4,product quality and performance,It worked very well.,positive,positive,positive,both_correct,4,False
4290,4,"durability, washability and longevity",It worked very well.,positive,positive,positive,both_correct,4,False
4290,5,"comfort, softness and texture",It is a nice neutral.,positive,positive,positive,both_correct,5,False
4290,6,product quality and performance,We used it for a girl.,negative,positive,negative,bert_fixes_baseline_error,6,False
4290,6,"ease of use, assembly and convenience",We used it for a girl.,negative,positive,negative,bert_fixes_baseline_error,6,False
4290,7,product quality and performance,I was happy with it.,positive,positive,positive,both_correct,5,False
4290,7,"design, appearance and looks",I was happy with it.,positive,positive,positive,both_correct,5,False
4294,0,product quality and performance,I was very pleaaed with the quality of this bag.,negative,negative,negative,both_correct,10,False
4294,0,"comfort, softness and texture",I was very pleaaed with the quality of this bag.,negative,negative,negative,both_correct,10,False
4294,1,"design, appearance and looks",It really just seemed nicer than the other diaper bags.,positive,positive,positive,both_correct,10,False
4294,1,"comfort, softness and texture",It really just seemed nicer than the other diaper bags.,positive,positive,positive,both_correct,10,False
4294,2,"durability, washability and longevity",Our bags get a lot of use so we need something strong. This has lots of pockets to carry everything you need.,negative,positive,negative,bert_fixes_baseline_error,22,False
4294,2,product quality and performance,Our bags get a lot of use so we need something strong. This has lots of pockets to carry everything you need.,negative,positive,negative,bert_fixes_baseline_error,22,False
4294,3,"design, appearance and looks",It also doesn't look like a diaper bag.,negative,negative,negative,both_correct,8,True
4294,4,"ease of use, assembly and convenience",In fact you can really use it as an everyday bag for whatever you need.,negative,negative,negative,both_correct,15,False
4294,4,product quality and performance,In fact you can really use it as an everyday bag for whatever you need.,negative,negative,negative,both_correct,15,False
4294,5,"durability, washability and longevity",If you do use it as a diaper bag you can continue using it after. <br,negative,negative,negative,both_correct,16,False
4294,5,safety for babies and children,If you do use it as a diaper bag you can continue using it after. <br,negative,negative,negative,both_correct,16,False
4294,6,"design, appearance and looks",has a very nice look too.,positive,positive,positive,both_correct,6,False
4294,6,product quality and performance,has a very nice look too.,positive,positive,positive,both_correct,6,False
4294,7,product quality and performance,I would definitely recommend it.,positive,positive,positive,both_correct,5,False
4300,0,"ease of use, assembly and convenience",This is a very convenient case.,positive,positive,positive,both_correct,6,False
4300,1,safety for babies and children,"With four kids, including a baby, we need a LOT of wipes.",negative,negative,negative,both_correct,12,False
4300,2,safety for babies and children,"It can be a hassle to dig in the diaper bag in it, and sometimes we don't have our diaper bag with us.",negative,negative,negative,both_correct,23,True
4300,3,"ease of use, assembly and convenience",This is very convenient to be able to have this attached to the stroller.,negative,positive,negative,bert_fixes_baseline_error,14,False
4300,3,safety for babies and children,This is very convenient to be able to have this attached to the stroller.,negative,positive,negative,bert_fixes_baseline_error,14,False
4300,4,"ease of use, assembly and convenience",It is easy to attach to anything.,positive,positive,positive,both_correct,7,False
4300,5,"ease of use, assembly and convenience",Of course you can also slip it in your diaper bag. <br,negative,positive,negative,bert_fixes_baseline_error,12,False
4300,5,safety for babies and children,Of course you can also slip it in your diaper bag. <br,negative,positive,negative,bert_fixes_baseline_error,12,False
4300,6,product quality and performance,"/>It has a tight seal, which has helped to keep the wipes moist.",positive,positive,positive,both_correct,13,False
4300,6,"durability, washability and longevity","/>It has a tight seal, which has helped to keep the wipes moist.",positive,positive,positive,both_correct,13,False
4300,7,product quality and performance,I am pretty happy with that function.,positive,positive,positive,both_correct,7,False
4300,7,"ease of use, assembly and convenience",I am pretty happy with that function.,positive,positive,positive,both_correct,7,False
4300,8,"design, appearance and looks","It is clear and red, so it looks fine.",positive,positive,positive,both_correct,9,False
4300,8,product quality and performance,"It is clear and red, so it looks fine.",positive,positive,positive,both_correct,9,False
4300,9,product quality and performance,"It feels nice and sturdy, not thin like some of the others I've seen.",positive,positive,positive,both_correct,14,True
4300,9,"design, appearance and looks","It feels nice and sturdy, not thin like some of the others I've seen.",positive,positive,positive,both_correct,14,True
4300,10,product quality and performance,The only reason I took off a star is because I found it a little difficult to open the top.,negative,negative,negative,both_correct,20,False
4300,11,"comfort, softness and texture",But you can probably get used to that.,positive,positive,positive,both_correct,8,True
4300,12,product quality and performance,"Overall, I would recommend it.",positive,positive,positive,both_correct,5,False
4324,0,product quality and performance,I am very pleased with this stroller.,positive,positive,positive,both_correct,7,False
4324,0,"design, appearance and looks",I am very pleased with this stroller.,positive,positive,positive,both_correct,7,False
4324,1,"size, dimensions and fit",The first thing I noticed was how big the basket is.,negative,negative,negative,both_correct,11,True
4324,1,"design, appearance and looks",The first thing I noticed was how big the basket is.,negative,negative,negative,both_correct,11,True
4324,2,safety for babies and children,"For us with four kids, this is a big deal.",positive,positive,positive,both_correct,10,False
4324,3,product quality and performance,"We always run out of space on the bottom of our strollers, so this is great. it is a substantial stroller.",positive,positive,positive,both_correct,21,False
4324,4,safety for babies and children,There is a lot of room for the baby.,negative,positive,negative,bert_fixes_baseline_error,9,False
4324,4,"size, dimensions and fit",There is a lot of room for the baby.,negative,positive,negative,bert_fixes_baseline_error,9,False
4324,5,safety for babies and children,Another feature I love is that the bottom can come up so there is a place to support the babies legs while she is sleeping.,positive,negative,positive,bert_fixes_baseline_error,25,True
4324,5,"comfort, softness and texture",Another feature I love is that the bottom can come up so there is a place to support the babies legs while she is sleeping.,positive,negative,positive,bert_fixes_baseline_error,25,True
4324,6,"comfort, softness and texture",This is great because I have a baby,positive,positive,positive,both_correct,8,False
4324,6,safety for babies and children,This is great because I have a baby,positive,positive,positive,both_correct,8,False
4324,7,safety for babies and children,and I always feel bad having her legs just dangling when she falls asleep in the stroller.,negative,negative,negative,both_correct,17,False
4324,9,"size, dimensions and fit",it is not a light/small stroller.,negative,negative,negative,both_correct,6,True
4324,9,safety for babies and children,it is not a light/small stroller.,negative,negative,negative,both_correct,6,True
4324,10,"size, dimensions and fit",It isn't the biggest I've seen but it is not a super light one like some of them are. <br,negative,negative,negative,both_correct,20,True
4324,10,product quality and performance,It isn't the biggest I've seen but it is not a super light one like some of them are. <br,negative,negative,negative,both_correct,20,True
4324,11,"design, appearance and looks",/>I love that it is flexible as far as the design.,positive,positive,positive,both_correct,11,False
4324,11,"ease of use, assembly and convenience",/>I love that it is flexible as far as the design.,positive,positive,positive,both_correct,11,False
4324,12,"ease of use, assembly and convenience",You can turn the seat around so that it faces you.,positive,positive,positive,both_correct,11,False
4324,12,"design, appearance and looks",You can turn the seat around so that it faces you.,positive,positive,positive,both_correct,11,False
4324,13,"design, appearance and looks",I like this a lot.. It has a nice look.,positive,positive,positive,both_correct,10,False
4324,15,safety for babies and children,/>The handle is pretty high for a stroller.,positive,positive,positive,both_correct,8,False
4324,15,"size, dimensions and fit",/>The handle is pretty high for a stroller.,positive,positive,positive,both_correct,8,False
4324,16,"comfort, softness and texture",My tall husband really likes this. It seemed comfortable.,positive,positive,positive,both_correct,9,False
4324,17,product quality and performance,All my kids tried it out and they liked it. It,positive,positive,positive,both_correct,11,False
4324,18,product quality and performance,pushed fine. <br,positive,positive,positive,both_correct,3,False
4324,18,"comfort, softness and texture",pushed fine. <br,positive,positive,positive,both_correct,3,False
4324,19,product quality and performance,"/>Overall, it is a quality stroller with a lot of nice features.",positive,positive,positive,both_correct,12,False
4324,20,"ease of use, assembly and convenience","At the top, in addition to cupholders, it has a little compartment you can close.",positive,positive,positive,both_correct,15,False
4324,20,"design, appearance and looks","At the top, in addition to cupholders, it has a little compartment you can close.",positive,positive,positive,both_correct,15,False
4324,21,"design, appearance and looks",I liked that.,positive,positive,positive,both_correct,3,False
4324,21,product quality and performance,I liked that.,positive,positive,positive,both_correct,3,False
4324,22,product quality and performance,I would recommend this stroller.,positive,positive,positive,both_correct,5,False
4324,22,safety for babies and children,I would recommend this stroller.,positive,positive,positive,both_correct,5,False
4327,0,product quality and performance,What a difference this gate is compared to the other ones we used to get.,positive,positive,positive,both_correct,15,False
4327,0,"design, appearance and looks",What a difference this gate is compared to the other ones we used to get.,positive,positive,positive,both_correct,15,False
4327,1,product quality and performance,This one is so convenient and sturdy.,positive,positive,positive,both_correct,7,False
4327,1,"durability, washability and longevity",This one is so convenient and sturdy.,positive,positive,positive,both_correct,7,False
4327,1,"ease of use, assembly and convenience",This one is so convenient and sturdy.,positive,positive,positive,both_correct,7,False
4327,4,"ease of use, assembly and convenience",We had no problem installing it at all.,positive,positive,positive,both_correct,8,True
4327,4,product quality and performance,We had no problem installing it at all.,positive,positive,positive,both_correct,8,True
4327,5,product quality and performance,It feels very sturdy.,positive,positive,positive,both_correct,4,False
4327,5,"durability, washability and longevity",It feels very sturdy.,positive,positive,positive,both_correct,4,False
4327,6,safety for babies and children,"We have had gates in the past that definitely didn't seem so, and obviously this is very important for safety reasons.",positive,positive,positive,both_correct,21,True
4327,6,product quality and performance,"We have had gates in the past that definitely didn't seem so, and obviously this is very important for safety reasons.",positive,positive,positive,both_correct,21,True
4327,8,"ease of use, assembly and convenience",It is a basic white that will match decor for most people. I love how it swings closed and locks on its own.,positive,positive,positive,both_correct,23,False
4327,8,"design, appearance and looks",It is a basic white that will match decor for most people. I love how it swings closed and locks on its own.,positive,positive,positive,both_correct,23,False
4327,9,safety for babies and children,"I have four kids - three older and one baby who is getting ready to walk, so it is great to have it lock behind them in case they forget.",positive,positive,positive,both_correct,30,False
4327,10,"ease of use, assembly and convenience",It is very easy to open and close.,positive,positive,positive,both_correct,8,False
4327,10,product quality and performance,It is very easy to open and close.,positive,positive,positive,both_correct,8,False
4327,11,product quality and performance,It is very secure. I would highly recommend this gate.,positive,positive,positive,both_correct,10,False
4329,0,product quality and performance,I was pleased with this diaper bag.,positive,positive,positive,both_correct,7,False
4329,0,"design, appearance and looks",I was pleased with this diaper bag.,positive,positive,positive,both_correct,7,False
4329,1,"design, appearance and looks",One thing I liked (and so did my husband) was that it didn't look like it had to be a diaper bag.,positive,negative,positive,bert_fixes_baseline_error,22,True
4329,1,"ease of use, assembly and convenience",One thing I liked (and so did my husband) was that it didn't look like it had to be a diaper bag.,positive,negative,positive,bert_fixes_baseline_error,22,True
4329,2,"design, appearance and looks",So many of the diaper bags are so babyish that you really can't use them when you don't have a baby.,positive,negative,negative,both_wrong,21,True
4329,2,safety for babies and children,So many of the diaper bags are so babyish that you really can't use them when you don't have a baby.,positive,negative,negative,both_wrong,21,True
4329,3,"ease of use, assembly and convenience",This is good because its neutral design makes it that you can just use it as a general carryall.,positive,positive,positive,both_correct,19,False
4329,3,"design, appearance and looks",This is good because its neutral design makes it that you can just use it as a general carryall.,positive,positive,positive,both_correct,19,False
4329,4,"design, appearance and looks",It is also not so girly that my husband doesn't mind carrying it around.,positive,positive,positive,both_correct,14,True
4329,4,"comfort, softness and texture",It is also not so girly that my husband doesn't mind carrying it around.,positive,positive,positive,both_correct,14,True
4329,5,"design, appearance and looks",There are many coordinating pieces by Skip Hop. <br,positive,positive,negative,bert_introduces_new_error,9,False
4329,5,"ease of use, assembly and convenience",There are many coordinating pieces by Skip Hop. <br,positive,positive,negative,bert_introduces_new_error,9,False
4329,6,"ease of use, assembly and convenience",/>I was happy with all the compartments.,positive,positive,positive,both_correct,7,False
4329,6,product quality and performance,/>I was happy with all the compartments.,positive,positive,positive,both_correct,7,False
4329,7,safety for babies and children,We have four kids including an infant so we carry a lot of stuff.,positive,positive,positive,both_correct,14,False
4329,8,"ease of use, assembly and convenience",It is much easier to find things when you have a lot of pockets and compartments.,negative,positive,negative,bert_fixes_baseline_error,16,False
4329,9,"design, appearance and looks",I like that it has some on the side so that you can reach in and get it.,positive,positive,positive,both_correct,18,False
4329,9,"ease of use, assembly and convenience",I like that it has some on the side so that you can reach in and get it.,positive,positive,positive,both_correct,18,False
4329,10,product quality and performance,It is easy to hand on the stroller or carry. I was pleased with the quality.,positive,positive,positive,both_correct,16,False
4329,10,"ease of use, assembly and convenience",It is easy to hand on the stroller or carry. I was pleased with the quality.,positive,positive,positive,both_correct,16,False
4329,11,"durability, washability and longevity",Our diaper bags need to be rugged because they get a lot of use.,negative,negative,negative,both_correct,14,False
4329,11,safety for babies and children,Our diaper bags need to be rugged because they get a lot of use.,negative,negative,negative,both_correct,14,False
4329,12,product quality and performance,I think this will hold up well.,positive,positive,positive,both_correct,7,False
4329,12,"durability, washability and longevity",I think this will hold up well.,positive,positive,positive,both_correct,7,False
4329,13,"ease of use, assembly and convenience",There is a lot of room in it to hold what you need.,negative,positive,positive,both_wrong,13,False
4329,13,"size, dimensions and fit",There is a lot of room in it to hold what you need.,negative,positive,negative,bert_fixes_baseline_error,13,False
4329,14,"size, dimensions and fit",The pockets are of different sizes and shapes.,positive,negative,negative,both_wrong,8,False
4329,14,"design, appearance and looks",The pockets are of different sizes and shapes.,positive,positive,negative,bert_introduces_new_error,8,False
4329,15,"ease of use, assembly and convenience",I can see someone using this to hold electronic equipment or other things as well. I am very pleased with it.,positive,positive,positive,both_correct,21,False
4329,15,product quality and performance,I can see someone using this to hold electronic equipment or other things as well. I am very pleased with it.,positive,positive,positive,both_correct,21,False
4334,0,"comfort, softness and texture",My daughter LOVES this bed.,positive,positive,positive,both_correct,5,False
4334,0,product quality and performance,My daughter LOVES this bed.,positive,positive,positive,both_correct,5,False
4334,2,"design, appearance and looks",She took one look at this bed and absolutely fell in love.,positive,positive,positive,both_correct,12,False
4334,2,"comfort, softness and texture",She took one look at this bed and absolutely fell in love.,positive,positive,positive,both_correct,12,False
4334,4,"comfort, softness and texture",It is definitely a dream bed for a pretty princess. <br,positive,positive,positive,both_correct,11,False
4334,4,"design, appearance and looks",It is definitely a dream bed for a pretty princess. <br,positive,positive,positive,both_correct,11,False
4334,5,"design, appearance and looks",I like about the bed: The design.,positive,positive,positive,both_correct,7,False
4334,5,"comfort, softness and texture",I like about the bed: The design.,positive,positive,positive,both_correct,7,False
4334,6,"comfort, softness and texture",It is just so sweet.,positive,positive,positive,both_correct,5,False
4334,7,"design, appearance and looks",A lot of girls are all about the pink and there is plenty of it here. <br,positive,positive,positive,both_correct,17,False
4334,8,"design, appearance and looks",/>She loves all of the princess embellishments.,positive,positive,positive,both_correct,7,False
4334,9,"design, appearance and looks",Obviously the Disney princesses are some of the most popular characters out there for little girls.,positive,positive,positive,both_correct,16,False
4334,10,"design, appearance and looks",I also like that it comes with a chest.,positive,positive,positive,both_correct,9,False
4334,10,"comfort, softness and texture",I also like that it comes with a chest.,positive,positive,positive,both_correct,9,False
4334,13,"ease of use, assembly and convenience",This saves you needing to buy both.,negative,positive,negative,bert_fixes_baseline_error,7,False
4334,13,"price, cost and value for money",This saves you needing to buy both.,negative,positive,negative,bert_fixes_baseline_error,7,False
4334,14,"ease of use, assembly and convenience",This is very convenient. <br,positive,positive,positive,both_correct,5,False
4334,14,"comfort, softness and texture",This is very convenient. <br,positive,positive,positive,both_correct,5,False
4334,15,"design, appearance and looks",/>What I would change: <br,positive,positive,positive,both_correct,5,False
4334,17,"comfort, softness and texture",First the mattress sits on the floor.,negative,negative,negative,both_correct,7,False
4334,18,"price, cost and value for money",I just think this is a cheap idea..,negative,negative,negative,both_correct,8,False
4334,19,"design, appearance and looks",you don't see that this often.,positive,positive,negative,bert_introduces_new_error,6,True
4334,20,"comfort, softness and texture",It also makes the bed very low.,negative,negative,negative,both_correct,7,False
4334,20,"size, dimensions and fit",It also makes the bed very low.,negative,negative,negative,both_correct,7,False
4334,21,"price, cost and value for money","If you want some rails around them then this can be useful, but really it just seems cheap. <br",negative,negative,negative,both_correct,19,True
4334,21,"design, appearance and looks","If you want some rails around them then this can be useful, but really it just seems cheap. <br",negative,negative,negative,both_correct,19,True
4334,22,product quality and performance,/>The quality is okay.,positive,positive,positive,both_correct,4,False
4334,23,product quality and performance,Hopefully it will hold up to my very active kids.,positive,positive,positive,both_correct,10,False
4334,23,"durability, washability and longevity",Hopefully it will hold up to my very active kids.,positive,positive,positive,both_correct,10,False
4334,24,product quality and performance,There are definitely better made things out there.,positive,positive,positive,both_correct,8,False
4334,25,product quality and performance,"Of course it isn't something your child is likely to have her entire childhood. Overall, it is a great bed.",positive,positive,positive,both_correct,20,True
4334,26,"design, appearance and looks",My daughter loves it.,positive,positive,positive,both_correct,4,False
4334,26,product quality and performance,My daughter loves it.,positive,positive,positive,both_correct,4,False
4372,0,"design, appearance and looks",I thought this doll was very cute.,positive,positive,positive,both_correct,7,False
4372,0,"comfort, softness and texture",I thought this doll was very cute.,positive,positive,positive,both_correct,7,False
4372,1,"comfort, softness and texture",It is soft on the outside although it does have a very large and hard inside part for the electronics.,negative,positive,negative,bert_fixes_baseline_error,20,True
4372,2,product quality and performance,It is nice that it makes the music and the vibrations.,positive,positive,positive,both_correct,11,False
4372,2,"comfort, softness and texture",It is nice that it makes the music and the vibrations.,positive,positive,positive,both_correct,11,False
4372,3,"comfort, softness and texture",The music sounds good.,positive,positive,positive,both_correct,4,False
4372,4,product quality and performance,"I really, really like that you can take the inside part out and machine wash it.",positive,positive,positive,both_correct,16,False
4372,4,"comfort, softness and texture","I really, really like that you can take the inside part out and machine wash it.",positive,positive,positive,both_correct,16,False
4372,4,"durability, washability and longevity","I really, really like that you can take the inside part out and machine wash it.",positive,positive,positive,both_correct,16,False
4372,5,product quality and performance,"Right after we got it, one of my older kids spilled something on it, and it would've been pretty hard to spot clean it and really get it clean.",negative,negative,negative,both_correct,29,False
4372,5,"design, appearance and looks","Right after we got it, one of my older kids spilled something on it, and it would've been pretty hard to spot clean it and really get it clean.",negative,negative,negative,both_correct,29,False
4372,6,product quality and performance,It turned out great after the machine. Everything worked well.,positive,positive,positive,both_correct,10,False
4372,6,"ease of use, assembly and convenience",It turned out great after the machine. Everything worked well.,positive,positive,positive,both_correct,10,False
4372,7,product quality and performance,It is a good size and will grow with her.,positive,positive,positive,both_correct,10,False
4372,7,"size, dimensions and fit",It is a good size and will grow with her.,positive,positive,positive,both_correct,10,False
4372,8,product quality and performance,It felt durable (it's already been dropped several times).,positive,positive,positive,both_correct,9,False
4372,8,"durability, washability and longevity",It felt durable (it's already been dropped several times).,positive,positive,positive,both_correct,9,False
4372,9,"design, appearance and looks",She seems to like it.,positive,positive,positive,both_correct,5,False
4372,9,"comfort, softness and texture",She seems to like it.,positive,positive,positive,both_correct,5,False
4396,0,product quality and performance,This is a decent stroller.,positive,positive,positive,both_correct,5,False
4396,0,"design, appearance and looks",This is a decent stroller.,positive,positive,positive,both_correct,5,False
4396,1,safety for babies and children,"It is extremely lightweight, which is very nice, especially for a mother who is juggling young children.",positive,positive,positive,both_correct,17,False
4396,1,"comfort, softness and texture","It is extremely lightweight, which is very nice, especially for a mother who is juggling young children.",positive,positive,positive,both_correct,17,False
4396,2,product quality and performance,It pushes nicely.,positive,positive,positive,both_correct,3,False
4396,2,"design, appearance and looks",It pushes nicely.,positive,positive,positive,both_correct,3,False
4396,3,"design, appearance and looks",One thing I did not like was the canopy.,positive,negative,negative,both_wrong,9,True
4396,4,"design, appearance and looks","At the very top it has a clear window as many do, but it does not have a cover that can go over it.",negative,positive,negative,bert_fixes_baseline_error,24,True
4396,5,"price, cost and value for money","At this price point, I would've expected that little bit of extra fabric to cover it up like many other strollers have.",negative,negative,negative,both_correct,22,False
4396,5,"design, appearance and looks","At this price point, I would've expected that little bit of extra fabric to cover it up like many other strollers have.",negative,positive,negative,bert_fixes_baseline_error,22,False
4396,8,product quality and performance,It is good in that it lets in more air flow but it also doesn't block the sun as well since the rays can get through it.,positive,positive,positive,both_correct,27,True
4396,8,"design, appearance and looks",It is good in that it lets in more air flow but it also doesn't block the sun as well since the rays can get through it.,positive,positive,positive,both_correct,27,True
4396,9,product quality and performance,"If you are looking for a stroller that is very good at blocking the sun, then this is not it. It",negative,negative,negative,both_correct,21,True
4396,9,safety for babies and children,"If you are looking for a stroller that is very good at blocking the sun, then this is not it. It",negative,negative,negative,both_correct,21,True
4396,10,product quality and performance,"has a five point harness, which is nice.",positive,positive,positive,both_correct,8,False
4396,10,"design, appearance and looks","has a five point harness, which is nice.",positive,positive,positive,both_correct,8,False
4396,11,product quality and performance,"It also has a decent size basket, especially for its size.",positive,positive,positive,both_correct,11,False
4396,11,"ease of use, assembly and convenience","It also has a decent size basket, especially for its size.",positive,positive,positive,both_correct,11,False
4396,11,"size, dimensions and fit","It also has a decent size basket, especially for its size.",positive,positive,positive,both_correct,11,False
4396,13,product quality and performance,It provides a lot of the benefits of a full size stroller at a size and weight that's not much more than an umbrella stroller.,negative,positive,positive,both_wrong,25,True
4396,13,"ease of use, assembly and convenience",It provides a lot of the benefits of a full size stroller at a size and weight that's not much more than an umbrella stroller.,negative,positive,positive,both_wrong,25,True
4396,13,"size, dimensions and fit",It provides a lot of the benefits of a full size stroller at a size and weight that's not much more than an umbrella stroller.,negative,positive,positive,both_wrong,25,True
4407,0,product quality and performance,I have had this double jogger for about a month and LOVE it.,positive,positive,positive,both_correct,13,False
4407,0,"comfort, softness and texture",I have had this double jogger for about a month and LOVE it.,positive,positive,positive,both_correct,13,False
4407,1,product quality and performance,"I run with my 4-year-old and 2-year-old, and they are comfortable in it enough to take naps in it sometimes (when they fall asleep while I run).",positive,positive,positive,both_correct,27,False
4407,1,"comfort, softness and texture","I run with my 4-year-old and 2-year-old, and they are comfortable in it enough to take naps in it sometimes (when they fall asleep while I run).",positive,positive,positive,both_correct,27,False
4407,2,"ease of use, assembly and convenience",I put it together without help from my my husband (which is saying something because I am horrible at assembly!).,negative,negative,negative,both_correct,20,False
4407,2,product quality and performance,I put it together without help from my my husband (which is saying something because I am horrible at assembly!).,negative,negative,negative,both_correct,20,False
4407,3,safety for babies and children,"However, I did need to buy a tire pump before using the stroller, as the tires were practically flat when they arrived.",negative,negative,negative,both_correct,22,True
4407,3,"price, cost and value for money","However, I did need to buy a tire pump before using the stroller, as the tires were practically flat when they arrived.",negative,negative,negative,both_correct,22,True
4407,4,product quality and performance,The stroller is very sturdy and pushes easily.,positive,positive,positive,both_correct,8,False
4407,4,"ease of use, assembly and convenience",The stroller is very sturdy and pushes easily.,positive,positive,positive,both_correct,8,False
4407,5,product quality and performance,It is bulky when it collapses but not any more than other double joggers.,negative,negative,negative,both_correct,14,True
4407,5,"size, dimensions and fit",It is bulky when it collapses but not any more than other double joggers.,negative,negative,negative,both_correct,14,True
4407,6,"size, dimensions and fit",My one MAIN complaint is that it is about a half inch too wide to fit through some doors!!,negative,negative,negative,both_correct,19,False
4407,7,"size, dimensions and fit","If you plan to use this as your only stroller, beware that it may not fit into some public buildings like malls--even with handicap doors!",negative,negative,negative,both_correct,25,True
4407,7,safety for babies and children,"If you plan to use this as your only stroller, beware that it may not fit into some public buildings like malls--even with handicap doors!",negative,negative,negative,both_correct,25,True
4407,8,product quality and performance,I cannot get this stroller through my bedroom door or into my church building.,negative,negative,negative,both_correct,14,True
4407,8,safety for babies and children,I cannot get this stroller through my bedroom door or into my church building.,negative,negative,negative,both_correct,14,True
4407,9,product quality and performance,"But as long as I just plan to go from my house out running or to the car out running, it is perfect.",positive,positive,positive,both_correct,23,True
4407,9,"ease of use, assembly and convenience","But as long as I just plan to go from my house out running or to the car out running, it is perfect.",positive,positive,positive,both_correct,23,True
4413,0,product quality and performance,"Solid unit, no parts to slip apart.",positive,negative,positive,bert_fixes_baseline_error,7,True
4413,0,"durability, washability and longevity","Solid unit, no parts to slip apart.",positive,negative,positive,bert_fixes_baseline_error,7,True
4413,1,product quality and performance,"Works great to reach bottom of water bottles, coffee thermos' and jars.",negative,positive,positive,both_wrong,12,False
4413,1,"ease of use, assembly and convenience","Works great to reach bottom of water bottles, coffee thermos' and jars.",negative,positive,positive,both_wrong,12,False
4414,0,"comfort, softness and texture",Great for our teething infants.,positive,positive,positive,both_correct,5,False
4414,0,product quality and performance,Great for our teething infants.,positive,positive,positive,both_correct,5,False
4414,1,"ease of use, assembly and convenience",I put a ribbon through the handle and attached it to the car seat.,positive,positive,positive,both_correct,14,False
4414,1,safety for babies and children,I put a ribbon through the handle and attached it to the car seat.,positive,positive,positive,both_correct,14,False
4420,0,"design, appearance and looks",this is 100x more cool than it looks online.,positive,positive,positive,both_correct,9,False
4420,0,product quality and performance,this is 100x more cool than it looks online.,positive,positive,positive,both_correct,9,False
4420,1,"design, appearance and looks","I ordered this swing because the fabrics were classy looking and not all this random, million colors, like so many baby things.",positive,positive,positive,both_correct,22,True
4420,1,"comfort, softness and texture","I ordered this swing because the fabrics were classy looking and not all this random, million colors, like so many baby things.",positive,positive,positive,both_correct,22,True
4420,2,"design, appearance and looks","I did a whole shower of stars, around the stars in this rocker.",positive,positive,positive,both_correct,13,False
4420,2,product quality and performance,"I did a whole shower of stars, around the stars in this rocker.",positive,positive,positive,both_correct,13,False
4420,3,product quality and performance,"It is very sturdy, the light show rocks, and the fabric around it make it look like a bassinet.",positive,positive,positive,both_correct,19,False
4420,3,"design, appearance and looks","It is very sturdy, the light show rocks, and the fabric around it make it look like a bassinet.",positive,positive,positive,both_correct,19,False
4420,5,"design, appearance and looks","It was a wonderful surprise of quality and cuteness, when put together!!",positive,positive,positive,both_correct,12,False
4420,5,product quality and performance,"It was a wonderful surprise of quality and cuteness, when put together!!",positive,positive,positive,both_correct,12,False
4423,0,product quality and performance,"I read all the ratings on these mattress', and someone said that this was was just foam and no inner spring.",negative,negative,negative,both_correct,21,True
4423,1,product quality and performance,"If they look at the WEIGHTS they will see that this one is 3x heavier than the foam, and mine DEFINITELY HAS INNER SPRINGS!!",positive,positive,positive,both_correct,24,False
4423,2,product quality and performance,"It is really a nice mattress, and I am very pleased with my purchase!!",positive,positive,positive,both_correct,14,False
4423,2,"comfort, softness and texture","It is really a nice mattress, and I am very pleased with my purchase!!",positive,positive,positive,both_correct,14,False
4434,0,product quality and performance,Not as good for active babies as I thought.,negative,negative,negative,both_correct,9,True
4434,0,safety for babies and children,Not as good for active babies as I thought.,negative,negative,negative,both_correct,9,True
4442,0,"comfort, softness and texture","Made in China..doubtfully ""natural"".",negative,negative,negative,both_correct,4,False
4442,0,"design, appearance and looks","Made in China..doubtfully ""natural"".",negative,negative,negative,both_correct,4,False
4447,0,"comfort, softness and texture",Warm n cozy,positive,positive,positive,both_correct,3,False
4447,0,"ease of use, assembly and convenience",Warm n cozy,positive,positive,positive,both_correct,3,False
4462,1,"comfort, softness and texture",Nice for pets but not babies,positive,positive,positive,both_correct,6,True
4462,1,"design, appearance and looks",Nice for pets but not babies,positive,positive,positive,both_correct,6,True
4466,1,product quality and performance,"They work great, from newborn to toddler!",positive,positive,positive,both_correct,7,False
4466,1,"ease of use, assembly and convenience","They work great, from newborn to toddler!",positive,positive,positive,both_correct,7,False
4466,2,"comfort, softness and texture","I use them with prefolds on ""no"" snap fitters and wool covers over.",negative,negative,negative,both_correct,13,False
4466,2,"ease of use, assembly and convenience","I use them with prefolds on ""no"" snap fitters and wool covers over.",negative,negative,negative,both_correct,13,False
4466,3,product quality and performance,So much better then pins.,negative,positive,positive,both_wrong,5,False
4466,3,"ease of use, assembly and convenience",So much better then pins.,negative,positive,positive,both_wrong,5,False
4486,0,"comfort, softness and texture",I much prefer these to baby bath slings and tubs.,negative,negative,negative,both_correct,10,False
4486,0,product quality and performance,I much prefer these to baby bath slings and tubs.,negative,negative,negative,both_correct,10,False
4486,1,safety for babies and children,I tried a sling for my second and third babies and they kept sliding down or flipping off.,negative,negative,negative,both_correct,18,False
4486,1,product quality and performance,I tried a sling for my second and third babies and they kept sliding down or flipping off.,negative,negative,negative,both_correct,18,False
4486,2,safety for babies and children,I threw the stupid bath sling away for my fourth and bought another bath sponge for #4.,negative,negative,negative,both_correct,17,True
4486,2,"durability, washability and longevity",I threw the stupid bath sling away for my fourth and bought another bath sponge for #4.,negative,negative,negative,both_correct,17,True
4486,3,product quality and performance,She seems much more comfortable than the previous two babies did on the sling.,positive,positive,positive,both_correct,14,False
4486,3,"comfort, softness and texture",She seems much more comfortable than the previous two babies did on the sling.,positive,positive,positive,both_correct,14,False
4486,4,"price, cost and value for money","Yes, sponges need replacing every few months, but they still come off cheaper than a baby bathtub.",positive,negative,positive,bert_fixes_baseline_error,17,True
4486,4,product quality and performance,"Yes, sponges need replacing every few months, but they still come off cheaper than a baby bathtub.",positive,positive,positive,both_correct,17,True
4489,0,"ease of use, assembly and convenience","This bassinet is really, really easy to set up.",positive,positive,positive,both_correct,9,False
4489,0,product quality and performance,"This bassinet is really, really easy to set up.",positive,positive,positive,both_correct,9,False
4489,1,product quality and performance,I was very impressed with that.,positive,positive,positive,both_correct,6,False
4489,1,"design, appearance and looks",I was very impressed with that.,positive,positive,positive,both_correct,6,False
4489,2,product quality and performance,It also seems very sturdy.,positive,positive,positive,both_correct,5,False
4489,2,"durability, washability and longevity",It also seems very sturdy.,positive,positive,positive,both_correct,5,False
4489,3,safety for babies and children,"I'm really concerned about the ""mattress"" pad it came with, though.",negative,negative,positive,bert_introduces_new_error,11,False
4489,3,product quality and performance,"I'm really concerned about the ""mattress"" pad it came with, though.",negative,negative,positive,bert_introduces_new_error,11,False
4489,4,"comfort, softness and texture",I have diaper changing pads and quilts that have more cushion.,negative,negative,negative,both_correct,11,False
4489,4,safety for babies and children,I have diaper changing pads and quilts that have more cushion.,negative,negative,negative,both_correct,11,False
4489,5,safety for babies and children,There are warnings against using any other padding due to suffocation risks and I respect that.,positive,negative,positive,bert_fixes_baseline_error,16,False
4489,6,safety for babies and children,"However, my baby isn't here yet, so I don't know how she'd react to sleeping on a particle board slat covered with a thin blanket.",negative,negative,negative,both_correct,25,True
4489,6,"comfort, softness and texture","However, my baby isn't here yet, so I don't know how she'd react to sleeping on a particle board slat covered with a thin blanket.",negative,negative,negative,both_correct,25,True
4489,8,"design, appearance and looks","The zippered cover is odd, but we camp frequently and I can see it being very useful..in the woods.",positive,positive,positive,both_correct,19,True
4489,8,product quality and performance,"The zippered cover is odd, but we camp frequently and I can see it being very useful..in the woods.",positive,positive,positive,both_correct,19,True
4489,10,safety for babies and children,"Even though I sound a little negative, I recommended this to my sister who is having a baby a month after me.",positive,negative,positive,bert_fixes_baseline_error,22,False
4489,11,"ease of use, assembly and convenience","She bought one and was also impressed with the weight, construction, and ease of set up..but concerned with the so-called mattress.",positive,positive,positive,both_correct,21,True
4489,11,product quality and performance,"She bought one and was also impressed with the weight, construction, and ease of set up..but concerned with the so-called mattress.",positive,positive,positive,both_correct,21,True
4489,12,"ease of use, assembly and convenience","The colors are cute and as I mentioned earlier, it's very sturdy and easy to set up, take down, or fold.",positive,positive,positive,both_correct,21,False
4489,12,"design, appearance and looks","The colors are cute and as I mentioned earlier, it's very sturdy and easy to set up, take down, or fold.",positive,positive,positive,both_correct,21,False
4489,13,product quality and performance,It's compact and lightweight,positive,negative,positive,bert_fixes_baseline_error,4,False
4489,13,"ease of use, assembly and convenience",It's compact and lightweight,positive,negative,positive,bert_fixes_baseline_error,4,False
4489,14,"comfort, softness and texture",and I'm excited to travel with it rather than our huge playpen.,positive,positive,positive,both_correct,12,False
4489,14,"ease of use, assembly and convenience",and I'm excited to travel with it rather than our huge playpen.,positive,positive,positive,both_correct,12,False
4489,15,product quality and performance,The only thing keeping me from a five star rating is that darn mattress pad.,negative,negative,negative,both_correct,15,False
4494,0,"design, appearance and looks",I first saw one of these lamps in a museum gift shop and thought it was so cool.,positive,positive,positive,both_correct,18,False
4494,1,"price, cost and value for money",Unfortunately I just could not justify the $75 price tag,negative,negative,negative,both_correct,10,True
4494,4,"design, appearance and looks","this is listed for kids I think it's a wonderful lamp for anyone who is looking for something a bit different. Measuring 4.8"" this is perfect for either displaying on the included wooden stand or by hanging from the small metal hooks at the top. <br",positive,positive,positive,both_correct,46,False
4494,4,"size, dimensions and fit","this is listed for kids I think it's a wonderful lamp for anyone who is looking for something a bit different. Measuring 4.8"" this is perfect for either displaying on the included wooden stand or by hanging from the small metal hooks at the top. <br",positive,positive,positive,both_correct,46,False
4494,5,"design, appearance and looks","/>This will change between 16 colors, all giving the orb a completely different appearance.",positive,positive,positive,both_correct,14,False
4494,6,"ease of use, assembly and convenience",This can be controlled via touch or by the remote.,positive,negative,negative,both_wrong,10,False
4494,7,product quality and performance,It is charged by USB and the internal battery will power it for a decent amount of time. The only thing it lacks which I wish it had was an automatic timer where it would be on for 4 hours off for 20 (or 6 / 18),negative,negative,negative,both_correct,47,False
4494,8,"ease of use, assembly and convenience",so it would just come on each evening without me thinking about it.,negative,negative,negative,both_correct,13,False
4494,9,product quality and performance,"If they added this one feature I would purchase several more. Even without that, this is a great product.",positive,positive,positive,both_correct,19,False
4494,10,"design, appearance and looks",Great as a gift and a cool accent piece.,positive,positive,positive,both_correct,9,False
4494,10,"comfort, softness and texture",Great as a gift and a cool accent piece.,positive,positive,positive,both_correct,9,False
4503,0,product quality and performance,I wanted to love this high chair but I'm so disappointed!,negative,negative,negative,both_correct,11,True
4503,0,"design, appearance and looks",I wanted to love this high chair but I'm so disappointed!,negative,negative,negative,both_correct,11,True
4503,1,"price, cost and value for money",I don't know if I got a used one or what (I paid for a new one!),negative,negative,negative,both_correct,17,True
4503,3,"design, appearance and looks",I love how compact it is and that it converts to a little chair.,positive,positive,positive,both_correct,14,False
4503,3,"ease of use, assembly and convenience",I love how compact it is and that it converts to a little chair.,positive,positive,positive,both_correct,14,False
4503,4,"ease of use, assembly and convenience",The tray is on the small side but big enough for what you need and the height is great for pulling baby right up to the table.,positive,positive,positive,both_correct,27,True
4503,4,"size, dimensions and fit",The tray is on the small side but big enough for what you need and the height is great for pulling baby right up to the table.,positive,positive,positive,both_correct,27,True
4507,0,"ease of use, assembly and convenience",This night light is so simple it can be overlooked.,positive,positive,positive,both_correct,10,False
4507,1,"ease of use, assembly and convenience",Its portability is what we love so much about it.,positive,positive,positive,both_correct,10,False
4507,1,product quality and performance,Its portability is what we love so much about it.,positive,positive,positive,both_correct,10,False
4507,2,product quality and performance,"Our daughter keeps it in her bed, she turns it on when we leave the room and when she needs to get up and go to the bathroom in the dark. The light shuts off by itself after 20mn, so we know it's not keeping her awake too long. I wouldn't say it's bright enough to read comfortably, but definitely bright enough to see around the room and not trip over something.",positive,positive,positive,both_correct,72,True
4510,0,product quality and performance,"This thermometer is so frustrating! It was recommended to us by nurses at the hospital our daughter was born in, but with a squirmy baby like ours, we get different readings every time we take her temperature. Seeing the thermometer come near her forehead makes her want to play with it, so she starts moving around and swiping properly across her forehead is impossible. Not great for super squirmy and very active/awake babies!",negative,negative,negative,both_correct,73,True
4520,0,product quality and performance,"I love this thing, easy to wipe clean, comfortable and safe - but minus one star for the price!",negative,positive,negative,bert_fixes_baseline_error,19,True
4520,0,"price, cost and value for money","I love this thing, easy to wipe clean, comfortable and safe - but minus one star for the price!",negative,positive,negative,bert_fixes_baseline_error,19,True
4520,0,"comfort, softness and texture","I love this thing, easy to wipe clean, comfortable and safe - but minus one star for the price!",negative,positive,negative,bert_fixes_baseline_error,19,True
4520,0,"ease of use, assembly and convenience","I love this thing, easy to wipe clean, comfortable and safe - but minus one star for the price!",negative,positive,negative,bert_fixes_baseline_error,19,True
4520,1,"price, cost and value for money",Why is it so expensive?,negative,negative,negative,both_correct,5,False
4523,0,"comfort, softness and texture",Love this toy!,positive,positive,positive,both_correct,3,False
4523,0,"design, appearance and looks",Love this toy!,positive,positive,positive,both_correct,3,False
4523,1,safety for babies and children,Safe for baby.,positive,positive,positive,both_correct,3,False
4523,1,"comfort, softness and texture",Safe for baby.,positive,positive,positive,both_correct,3,False
4531,0,"comfort, softness and texture","When my children were born, I used huggies for the 1st few months with #1.",positive,negative,positive,bert_fixes_baseline_error,15,False
4531,0,safety for babies and children,"When my children were born, I used huggies for the 1st few months with #1.",positive,negative,positive,bert_fixes_baseline_error,15,False
4531,1,product quality and performance,That ended when loves were cheaper and worked almost just as good.,positive,positive,negative,bert_introduces_new_error,12,False
4531,3,"price, cost and value for money",Now that my daughter is having my new grandbaby girl loves continues to be the go to diaper. The cost vs usability is unbeatable.,negative,positive,negative,bert_fixes_baseline_error,24,False
4531,3,product quality and performance,Now that my daughter is having my new grandbaby girl loves continues to be the go to diaper. The cost vs usability is unbeatable.,negative,positive,negative,bert_fixes_baseline_error,24,False
4531,4,product quality and performance,These are cost effective diapers and work almost as well as the high $ brands.,positive,positive,positive,both_correct,15,False
4531,4,"price, cost and value for money",These are cost effective diapers and work almost as well as the high $ brands.,positive,positive,positive,both_correct,15,False
4531,5,"price, cost and value for money","The difference in cost in my opinion is not worth the leak protetion, durability or ease of use.",negative,negative,negative,both_correct,18,True
4531,5,product quality and performance,"The difference in cost in my opinion is not worth the leak protetion, durability or ease of use.",negative,negative,negative,both_correct,18,True
4531,6,"durability, washability and longevity",Loves has great protection they will last with your kids running around playing until changing is needed.,positive,positive,positive,both_correct,17,False
4531,6,product quality and performance,Loves has great protection they will last with your kids running around playing until changing is needed.,positive,positive,positive,both_correct,17,False
4531,7,"price, cost and value for money","Over night protection is just as good as well. Dont waste your hard earned, tight budget money for diapers that are way over priced when loves are just as effective.",positive,positive,positive,both_correct,30,False
4531,7,product quality and performance,"Over night protection is just as good as well. Dont waste your hard earned, tight budget money for diapers that are way over priced when loves are just as effective.",positive,positive,positive,both_correct,30,False
4531,8,"price, cost and value for money",These will always be my family's #1 choice based on cost and effectiveness. 3 generations and growing with loves diapers catching all the crap along the way.,positive,positive,positive,both_correct,27,False
4531,8,product quality and performance,These will always be my family's #1 choice based on cost and effectiveness. 3 generations and growing with loves diapers catching all the crap along the way.,positive,positive,positive,both_correct,27,False
4541,0,safety for babies and children,We wanted a non video one to have as extra when our son slept in a random room in the house.,negative,negative,negative,both_correct,21,False
4541,0,"price, cost and value for money",We wanted a non video one to have as extra when our son slept in a random room in the house.,negative,negative,negative,both_correct,21,False
4541,1,product quality and performance,These work great and he range is good too,positive,positive,positive,both_correct,9,False
4541,1,"price, cost and value for money",These work great and he range is good too,positive,positive,positive,both_correct,9,False
4541,2,"ease of use, assembly and convenience",so I can walk around outside,positive,positive,positive,both_correct,6,False
4552,0,"size, dimensions and fit",Very hard to put on.,negative,negative,negative,both_correct,5,False
4569,1,product quality and performance,This by far is my favorite.,positive,positive,positive,both_correct,6,False
4569,1,"comfort, softness and texture",This by far is my favorite.,positive,positive,positive,both_correct,6,False
4569,2,product quality and performance,Only uses 2 batteries which is great!,positive,positive,positive,both_correct,7,False
4569,2,"ease of use, assembly and convenience",Only uses 2 batteries which is great!,positive,positive,positive,both_correct,7,False
4569,3,"design, appearance and looks",And it's so cute!,positive,positive,positive,both_correct,4,False
4569,3,"comfort, softness and texture",And it's so cute!,positive,positive,positive,both_correct,4,False
4571,0,"durability, washability and longevity",Diapers are something that some people are really picky about.,positive,negative,positive,bert_fixes_baseline_error,10,False
4571,0,"size, dimensions and fit",Diapers are something that some people are really picky about.,positive,negative,positive,bert_fixes_baseline_error,10,False
4571,1,safety for babies and children,I understand that some babies have sensitive skin and have to have certain types or brands of diapers.,positive,positive,positive,both_correct,18,False
4571,2,product quality and performance,But we have never been disappointed by Luvs.,positive,negative,positive,bert_fixes_baseline_error,8,True
4571,2,"durability, washability and longevity",But we have never been disappointed by Luvs.,positive,negative,positive,bert_fixes_baseline_error,8,True
4571,3,"price, cost and value for money",It's the only brand consistently as cheap as Walmart's store brand Parents Choice.,negative,negative,negative,both_correct,13,False
4571,4,safety for babies and children,"I've found with my kids, leaks may or may not happen and it's not from the diaper.",negative,negative,negative,both_correct,17,True
4571,5,product quality and performance,My oldest never leaked and had many different brands.,positive,positive,positive,both_correct,9,True
4571,5,"durability, washability and longevity",My oldest never leaked and had many different brands.,positive,positive,positive,both_correct,9,True
4571,6,safety for babies and children,My second had leaks and she was in all types of brands.,negative,negative,negative,both_correct,12,False
4571,8,"price, cost and value for money","And when you're going through 6-10 diapers a day (depending on age), we always try to find the best deal.",negative,positive,positive,both_wrong,20,False
4571,9,"price, cost and value for money",Luvs is a great deal!,positive,positive,positive,both_correct,5,False
4571,9,"design, appearance and looks",Luvs is a great deal!,positive,positive,positive,both_correct,5,False
4571,10,product quality and performance,You won't be disappointed!,positive,negative,positive,bert_fixes_baseline_error,4,True
4571,10,"design, appearance and looks",You won't be disappointed!,positive,negative,positive,bert_fixes_baseline_error,4,True
4572,1,product quality and performance,Good size for young adults and teens.,positive,positive,positive,both_correct,7,False
4572,1,"size, dimensions and fit",Good size for young adults and teens.,positive,positive,positive,both_correct,7,False
4572,2,product quality and performance,Product is exactly as shown.,positive,positive,positive,both_correct,5,False
4572,3,"design, appearance and looks",My daugher loves the bottle.,positive,positive,positive,both_correct,5,False
4572,3,"comfort, softness and texture",My daugher loves the bottle.,positive,positive,positive,both_correct,5,False
4573,0,product quality and performance,These are made all in one piece so there is no choking risk.,positive,negative,positive,bert_fixes_baseline_error,13,True
4573,0,"ease of use, assembly and convenience",These are made all in one piece so there is no choking risk.,positive,negative,positive,bert_fixes_baseline_error,13,True
4573,0,safety for babies and children,These are made all in one piece so there is no choking risk.,positive,negative,positive,bert_fixes_baseline_error,13,True
4573,1,"comfort, softness and texture",They are very smooth and a good size for the mouth of a newborn.,positive,positive,positive,both_correct,14,False
4573,1,product quality and performance,They are very smooth and a good size for the mouth of a newborn.,positive,positive,positive,both_correct,14,False
4573,1,"size, dimensions and fit",They are very smooth and a good size for the mouth of a newborn.,positive,positive,positive,both_correct,14,False
4573,2,"durability, washability and longevity",They have no hidden ridges or anything so they are also easy to keep clean and stand up well to teething babies.,positive,positive,positive,both_correct,22,True
4573,2,product quality and performance,They have no hidden ridges or anything so they are also easy to keep clean and stand up well to teething babies.,positive,positive,positive,both_correct,22,True
4573,2,"ease of use, assembly and convenience",They have no hidden ridges or anything so they are also easy to keep clean and stand up well to teething babies.,positive,positive,positive,both_correct,22,True
4573,3,product quality and performance,Very durable.,positive,positive,positive,both_correct,2,False
4573,3,"durability, washability and longevity",Very durable.,positive,positive,positive,both_correct,2,False
4573,4,safety for babies and children,I would definitely recommend these to other parents with young infants.,positive,positive,positive,both_correct,11,False
4573,4,product quality and performance,I would definitely recommend these to other parents with young infants.,positive,positive,positive,both_correct,11,False
4586,1,safety for babies and children,"I love the spray formula, it's so easy to use even my kids can spray themselves and I feel safe knowing they're protected from the harmful rays of the sun.",positive,positive,positive,both_correct,30,False
4586,1,product quality and performance,"I love the spray formula, it's so easy to use even my kids can spray themselves and I feel safe knowing they're protected from the harmful rays of the sun.",positive,positive,positive,both_correct,30,False
4586,1,"ease of use, assembly and convenience","I love the spray formula, it's so easy to use even my kids can spray themselves and I feel safe knowing they're protected from the harmful rays of the sun.",positive,positive,positive,both_correct,30,False
4586,3,product quality and performance,It's wonderful to use and very easy to apply.,positive,positive,positive,both_correct,9,False
4586,3,"ease of use, assembly and convenience",It's wonderful to use and very easy to apply.,positive,positive,positive,both_correct,9,False
4586,4,"durability, washability and longevity",I haven't had a sunburn all Summer Long even here in Texas.,negative,negative,negative,both_correct,12,True
4586,4,product quality and performance,I haven't had a sunburn all Summer Long even here in Texas.,negative,negative,negative,both_correct,12,True
4588,0,"design, appearance and looks",Very attractive set of nesting baskets!,positive,positive,positive,both_correct,6,False
4588,0,"comfort, softness and texture",Very attractive set of nesting baskets!,positive,positive,positive,both_correct,6,False
4588,1,product quality and performance,They had a slight smell upon unpacking but it quickly disappeared after they aired out.,negative,negative,negative,both_correct,15,True
4588,2,product quality and performance,The corners are not as strong as I'd like.,negative,negative,negative,both_correct,9,True
4588,2,"design, appearance and looks",The corners are not as strong as I'd like.,negative,negative,negative,both_correct,9,True
4588,3,"design, appearance and looks",They look like they wobble there a bit and aren't lashed together as tight as the rest of the basket.,negative,negative,negative,both_correct,20,True
4588,3,product quality and performance,They look like they wobble there a bit and aren't lashed together as tight as the rest of the basket.,negative,negative,negative,both_correct,20,True
4588,4,"comfort, softness and texture","The weave is mostly even and any irregularity adds to the organic, natural feel.",positive,positive,positive,both_correct,14,False
4588,4,"design, appearance and looks","The weave is mostly even and any irregularity adds to the organic, natural feel.",positive,positive,positive,both_correct,14,False
4592,0,"ease of use, assembly and convenience",Super handy little carabiner clip!,positive,positive,positive,both_correct,5,False
4592,0,product quality and performance,Super handy little carabiner clip!,positive,positive,positive,both_correct,5,False
4592,1,product quality and performance,The velcro stays tight and the carabiner can hold a suprising amount of weight.,positive,positive,negative,bert_introduces_new_error,14,False
4592,1,"ease of use, assembly and convenience",The velcro stays tight and the carabiner can hold a suprising amount of weight.,positive,positive,negative,bert_introduces_new_error,14,False
4592,3,"design, appearance and looks",All the stitching looks very even and done right.,positive,positive,positive,both_correct,9,False
4592,3,product quality and performance,All the stitching looks very even and done right.,positive,positive,positive,both_correct,9,False
4602,0,product quality and performance,"I love this product, and not just because I've got my brand new grandson's hand and foot prints.",positive,positive,positive,both_correct,18,True
4602,0,"design, appearance and looks","I love this product, and not just because I've got my brand new grandson's hand and foot prints.",positive,positive,positive,both_correct,18,True
4602,1,"ease of use, assembly and convenience","It's easy to use easy directions to follow, and you can paint it if you like or leave it as is.",positive,negative,positive,bert_fixes_baseline_error,21,False
4602,1,"design, appearance and looks","It's easy to use easy directions to follow, and you can paint it if you like or leave it as is.",positive,negative,positive,bert_fixes_baseline_error,21,False
4602,2,"ease of use, assembly and convenience",Very easy to hang even without framing.,positive,positive,positive,both_correct,7,False
4602,2,"design, appearance and looks",Very easy to hang even without framing.,positive,positive,positive,both_correct,7,False
4623,0,safety for babies and children,This is a nice idea for childproofing your outlets.,positive,positive,positive,both_correct,9,False
4623,1,"ease of use, assembly and convenience","Rather than have to pull out a plastic placeholder like traditional childproof covers, this twists out of the way to expose the outlet, staying in place.",positive,negative,negative,both_wrong,26,False
4623,1,product quality and performance,"Rather than have to pull out a plastic placeholder like traditional childproof covers, this twists out of the way to expose the outlet, staying in place.",positive,negative,negative,both_wrong,26,False
4623,2,"ease of use, assembly and convenience","When done, remove your plugged in item and the cover springs back covering the holes automagically.",negative,negative,negative,both_correct,16,False
4623,2,product quality and performance,"When done, remove your plugged in item and the cover springs back covering the holes automagically.",negative,negative,negative,both_correct,16,False
4623,3,"design, appearance and looks","Pretty cool! However, they are a little harder to install than traditional covers.",negative,negative,negative,both_correct,13,True
4623,5,product quality and performance,In my case I had two fall off after installation.,negative,negative,negative,both_correct,10,False
4623,6,product quality and performance,"Turns out some spackle/paint had gotten onto the outlet and the cover stuck to that instead of the face of the plug, which didn't last long before falling.",negative,negative,negative,both_correct,28,True
4623,6,"design, appearance and looks","Turns out some spackle/paint had gotten onto the outlet and the cover stuck to that instead of the face of the plug, which didn't last long before falling.",negative,negative,negative,both_correct,28,True
4623,7,product quality and performance,"It also adds a few mm of distance between the plug and the outlet, but that doesn't seem to have been much of a problem in my testing.",negative,negative,negative,both_correct,28,True
4623,7,"size, dimensions and fit","It also adds a few mm of distance between the plug and the outlet, but that doesn't seem to have been much of a problem in my testing.",negative,negative,negative,both_correct,28,True
4623,8,product quality and performance,Plug-in appliances were still snug and functional even with that slight gap.,negative,negative,negative,both_correct,12,False
4623,8,"design, appearance and looks",Plug-in appliances were still snug and functional even with that slight gap.,negative,negative,negative,both_correct,12,False
4623,8,"size, dimensions and fit",Plug-in appliances were still snug and functional even with that slight gap.,negative,negative,negative,both_correct,12,False
4623,9,safety for babies and children,"I definitely like the idea behind it, and the fact that I won't accidentally misplace and lose the child safety plug like I always do with the old ones.",positive,positive,positive,both_correct,29,True
4623,9,product quality and performance,"I definitely like the idea behind it, and the fact that I won't accidentally misplace and lose the child safety plug like I always do with the old ones.",positive,positive,positive,both_correct,29,True
4623,10,product quality and performance,"It's not a perfect product, but it's pretty useful!",positive,positive,positive,both_correct,9,True
4650,0,product quality and performance,If the bed you are installing this on is up against a wall it might be more difficult but definitely worth the struggle.,positive,positive,positive,both_correct,23,True
4650,0,"size, dimensions and fit",If the bed you are installing this on is up against a wall it might be more difficult but definitely worth the struggle.,positive,positive,positive,both_correct,23,True
4650,1,safety for babies and children,My 10 year old was constantly falling out of bed to the point of her injuring herself.,negative,negative,negative,both_correct,17,False
4650,2,product quality and performance,This works amazing and she hasn't had any issues with getting in and out of bed.,positive,positive,positive,both_correct,16,True
4650,2,"ease of use, assembly and convenience",This works amazing and she hasn't had any issues with getting in and out of bed.,positive,positive,positive,both_correct,16,True
4655,0,product quality and performance,seriously buy these!,positive,positive,positive,both_correct,3,False
4655,0,"design, appearance and looks",seriously buy these!,positive,positive,positive,both_correct,3,False
4655,1,product quality and performance,so much better than cleaning out the potty every time!,positive,positive,positive,both_correct,10,False
4655,1,"durability, washability and longevity",so much better than cleaning out the potty every time!,positive,positive,positive,both_correct,10,False
4655,2,"ease of use, assembly and convenience",easy to dispose of.,positive,positive,positive,both_correct,4,False
4656,1,"durability, washability and longevity",we use these as her permanent spoons and just toss them in the dishwasher.,negative,negative,negative,both_correct,14,False
4656,1,"ease of use, assembly and convenience",we use these as her permanent spoons and just toss them in the dishwasher.,negative,negative,negative,both_correct,14,False
4656,3,safety for babies and children,good size for little mouths.,positive,positive,positive,both_correct,5,False
4656,3,product quality and performance,good size for little mouths.,positive,positive,positive,both_correct,5,False
4656,3,"size, dimensions and fit",good size for little mouths.,positive,positive,positive,both_correct,5,False
4656,4,product quality and performance,we used these once she started using the spoon herself..,negative,negative,negative,both_correct,10,False
4656,4,"ease of use, assembly and convenience",we used these once she started using the spoon herself..,negative,negative,negative,both_correct,10,False
4686,0,"comfort, softness and texture",This baby shampoo and body wash smells so good!,positive,positive,positive,both_correct,9,False
4686,0,product quality and performance,This baby shampoo and body wash smells so good!,positive,positive,positive,both_correct,9,False
4686,1,"comfort, softness and texture",It mostly smells of lavender with a hint of orange. I,positive,positive,positive,both_correct,11,False
4686,2,"design, appearance and looks",like the fact that it is tear free too.,positive,positive,positive,both_correct,9,False
4686,2,product quality and performance,like the fact that it is tear free too.,positive,positive,positive,both_correct,9,False
4686,3,safety for babies and children,Great for smaller children and babies.,positive,positive,positive,both_correct,6,False
4686,3,"comfort, softness and texture",Great for smaller children and babies.,positive,positive,positive,both_correct,6,False
4686,4,product quality and performance,My 5 year old has very sensitive skin and it works well with her skin.,positive,positive,positive,both_correct,15,False
4686,4,"comfort, softness and texture",My 5 year old has very sensitive skin and it works well with her skin.,positive,positive,positive,both_correct,15,False
4686,5,product quality and performance,It lathers up real good.,positive,positive,positive,both_correct,5,False
4686,5,"durability, washability and longevity",It lathers up real good.,positive,positive,positive,both_correct,5,False
4686,6,product quality and performance,Great as both a shampoo and body wash!,positive,positive,positive,both_correct,8,False
4686,6,"comfort, softness and texture",Great as both a shampoo and body wash!,positive,positive,positive,both_correct,8,False
4686,6,"durability, washability and longevity",Great as both a shampoo and body wash!,positive,positive,positive,both_correct,8,False
4711,0,product quality and performance,These diapers work wonderfully.,positive,positive,positive,both_correct,4,False
4711,0,"comfort, softness and texture",These diapers work wonderfully.,positive,positive,positive,both_correct,4,False
4711,2,product quality and performance,The straps are good quality and easy to adjust.,positive,positive,positive,both_correct,9,False
4711,2,"ease of use, assembly and convenience",The straps are good quality and easy to adjust.,positive,positive,positive,both_correct,9,False
4711,3,"design, appearance and looks",The designs on them are so cute and colorful too!,positive,positive,positive,both_correct,10,False
4713,0,product quality and performance,We love the miracle cup!,positive,positive,positive,both_correct,5,False
4713,0,"design, appearance and looks",We love the miracle cup!,positive,positive,positive,both_correct,5,False
4713,1,product quality and performance,It's spill proof and easy to clean!,positive,positive,positive,both_correct,7,False
4713,1,"durability, washability and longevity",It's spill proof and easy to clean!,positive,positive,positive,both_correct,7,False
4713,2,product quality and performance,"My daughter loves it as she calls it her ""big girl cup""!",positive,positive,positive,both_correct,12,False
4713,2,"comfort, softness and texture","My daughter loves it as she calls it her ""big girl cup""!",positive,positive,positive,both_correct,12,False
4713,3,product quality and performance,"It's like drinking out of a regular cup, except it's spill proof!",negative,negative,negative,both_correct,12,True
4713,3,"comfort, softness and texture","It's like drinking out of a regular cup, except it's spill proof!",negative,negative,negative,both_correct,12,True
4713,4,"design, appearance and looks",This idea with the stickers is so cute!,positive,positive,positive,both_correct,8,False
4713,5,"design, appearance and looks",We personalized her cup last night and now it's her absolute favorite!,positive,positive,positive,both_correct,12,False
4713,5,product quality and performance,We personalized her cup last night and now it's her absolute favorite!,positive,positive,positive,both_correct,12,False
4730,0,safety for babies and children,"Perfect for a toddler when washing hands, brushing teeth, and using the potty!",positive,positive,positive,both_correct,13,False
4730,0,product quality and performance,"Perfect for a toddler when washing hands, brushing teeth, and using the potty!",positive,positive,positive,both_correct,13,False
4730,1,product quality and performance,It's nice as it has a non slip surface to stand on and it's super sturdy.,positive,positive,positive,both_correct,16,False
4730,1,"design, appearance and looks",It's nice as it has a non slip surface to stand on and it's super sturdy.,positive,positive,positive,both_correct,16,False
4730,2,"comfort, softness and texture",Lightweight,negative,negative,negative,both_correct,1,False
4730,2,"ease of use, assembly and convenience",Lightweight,negative,negative,negative,both_correct,1,False
4730,3,"ease of use, assembly and convenience",so it's easy for your child to carry from place to place.,negative,positive,positive,both_wrong,12,False
4730,3,product quality and performance,so it's easy for your child to carry from place to place.,negative,positive,positive,both_wrong,12,False
4733,0,product quality and performance,We normally use the daytime pull ups on my 3 year daughter and they work great.,positive,positive,positive,both_correct,16,False
4733,0,safety for babies and children,We normally use the daytime pull ups on my 3 year daughter and they work great.,positive,positive,positive,both_correct,16,False
4733,3,product quality and performance,My daughter is partially potty trained and these hold up great during nap time and night time.,positive,positive,positive,both_correct,17,False
4733,3,"durability, washability and longevity",My daughter is partially potty trained and these hold up great during nap time and night time.,positive,positive,positive,both_correct,17,False
4733,4,"design, appearance and looks","Also, she just loves the princess design!!",positive,positive,positive,both_correct,7,False
4736,1,"durability, washability and longevity",They are adorable with the Minnie Mouse design and stay on well.,positive,positive,positive,both_correct,12,False
4736,1,product quality and performance,They are adorable with the Minnie Mouse design and stay on well.,positive,positive,positive,both_correct,12,False
4736,1,"design, appearance and looks",They are adorable with the Minnie Mouse design and stay on well.,positive,positive,positive,both_correct,12,False
4736,3,"comfort, softness and texture",and these fit her just right.,positive,positive,positive,both_correct,6,False
4736,3,"design, appearance and looks",and these fit her just right.,positive,positive,positive,both_correct,6,False
4736,3,"size, dimensions and fit",and these fit her just right.,positive,positive,positive,both_correct,6,False
4736,4,product quality and performance,"When she has to go, she pulls down and up on her own.",positive,negative,positive,bert_fixes_baseline_error,13,False
4736,4,"ease of use, assembly and convenience","When she has to go, she pulls down and up on her own.",positive,negative,positive,bert_fixes_baseline_error,13,False
4736,6,"design, appearance and looks",She gets so excited to wear these since they have Minnie on them!!,positive,positive,positive,both_correct,13,False
4749,0,"comfort, softness and texture",This toy is my grand daughters favorite.,positive,positive,positive,both_correct,7,False
4749,1,product quality and performance,"When she comes to visit, she picks this toy out of the pile of toys to play with first every time.",negative,negative,positive,bert_introduces_new_error,21,False
4749,2,"price, cost and value for money",This is money well spent for months of learning and fun for any child.,positive,positive,positive,both_correct,14,False
4749,2,product quality and performance,This is money well spent for months of learning and fun for any child.,positive,positive,positive,both_correct,14,False
4750,0,"design, appearance and looks",I Love this bag!,positive,positive,positive,both_correct,4,False
4750,0,product quality and performance,I Love this bag!,positive,positive,positive,both_correct,4,False
4750,3,"design, appearance and looks",Has two side pockets on the outside which are good to carry your keys or small nick knacks.,negative,negative,negative,both_correct,18,False
4750,3,"ease of use, assembly and convenience",Has two side pockets on the outside which are good to carry your keys or small nick knacks.,negative,positive,negative,bert_fixes_baseline_error,18,False
4750,4,"ease of use, assembly and convenience",The strap is long enough to carry as a cross body.,negative,negative,negative,both_correct,11,False
4750,4,product quality and performance,The strap is long enough to carry as a cross body.,negative,negative,negative,both_correct,11,False
4750,5,product quality and performance,The quality of this bag excellent.,positive,positive,positive,both_correct,6,False
4750,5,"durability, washability and longevity",The quality of this bag excellent.,positive,positive,positive,both_correct,6,False
4750,6,product quality and performance,Would recommend this bag to any photographers that want a good bag that will meet your needs.,positive,positive,positive,both_correct,17,False
4761,0,product quality and performance,I like this a lot.,positive,positive,positive,both_correct,5,False
4761,0,"design, appearance and looks",I like this a lot.,positive,positive,positive,both_correct,5,False
4761,2,"size, dimensions and fit",And it's smaller than I expected when folded up.,negative,positive,negative,bert_fixes_baseline_error,9,False
4761,2,"design, appearance and looks",And it's smaller than I expected when folded up.,negative,positive,negative,bert_fixes_baseline_error,9,False
4761,3,product quality and performance,The material is high quality and I think it will be easy to keep clean too.,positive,positive,positive,both_correct,16,False
4761,3,"durability, washability and longevity",The material is high quality and I think it will be easy to keep clean too.,positive,positive,positive,both_correct,16,False
4761,3,"ease of use, assembly and convenience",The material is high quality and I think it will be easy to keep clean too.,positive,positive,positive,both_correct,16,False
4761,4,product quality and performance,I'm very happy to have it and expect it to be helpful.,positive,positive,positive,both_correct,12,False
4761,4,"ease of use, assembly and convenience",I'm very happy to have it and expect it to be helpful.,positive,positive,positive,both_correct,12,False
4770,0,"design, appearance and looks",I absolutely love this mirror!!,positive,positive,positive,both_correct,5,False
4770,0,product quality and performance,I absolutely love this mirror!!,positive,positive,positive,both_correct,5,False
4770,1,"ease of use, assembly and convenience",It was really easy to install and is plenty big.,positive,positive,positive,both_correct,10,False
4770,1,product quality and performance,It was really easy to install and is plenty big.,positive,positive,positive,both_correct,10,False
4770,1,"size, dimensions and fit",It was really easy to install and is plenty big.,positive,positive,positive,both_correct,10,False
4770,2,"design, appearance and looks",I can see everything..,positive,positive,positive,both_correct,4,False
4770,3,safety for babies and children,It's so nice to have eyes on everything all around my daughter.,positive,positive,positive,both_correct,12,False
4770,3,"design, appearance and looks",It's so nice to have eyes on everything all around my daughter.,positive,positive,positive,both_correct,12,False
4770,4,product quality and performance,Can't recommend it enough!!,positive,positive,positive,both_correct,4,True
4779,0,"design, appearance and looks",These are so pretty!,positive,positive,positive,both_correct,4,False
4779,0,product quality and performance,These are so pretty!,positive,positive,positive,both_correct,4,False
4779,1,"ease of use, assembly and convenience",My daughter was thrilled when I pulled them out of the Amazon package.,positive,positive,positive,both_correct,13,False
4779,1,"packaging, shipping and delivery",My daughter was thrilled when I pulled them out of the Amazon package.,positive,positive,positive,both_correct,13,False
4779,2,"durability, washability and longevity",And she insisted that we hang them up immediately.,negative,positive,negative,bert_fixes_baseline_error,9,False
4779,2,"design, appearance and looks",And she insisted that we hang them up immediately.,negative,positive,negative,bert_fixes_baseline_error,9,False
4779,3,"design, appearance and looks",They look great on her wall too.,positive,positive,positive,both_correct,7,False
4779,3,product quality and performance,They look great on her wall too.,positive,positive,positive,both_correct,7,False
4779,4,"durability, washability and longevity",Plus they're still up after two weeks.,negative,positive,negative,bert_fixes_baseline_error,7,False
4779,4,product quality and performance,Plus they're still up after two weeks.,negative,positive,negative,bert_fixes_baseline_error,7,False
4779,5,product quality and performance,We both would highly recommend them!,positive,positive,positive,both_correct,6,False
4791,0,product quality and performance,This was awesome!,positive,positive,positive,both_correct,3,False
4791,0,"design, appearance and looks",This was awesome!,positive,positive,positive,both_correct,3,False
4791,1,product quality and performance,"Our boy was bouncer, so we probably used it for an hour or so a day (in 15-30 minute sessions a couple times a day). Highly recommend this or any of the Fisher Price jumperoos.",positive,negative,positive,bert_fixes_baseline_error,35,False
4791,2,"ease of use, assembly and convenience",I WOULD NOT fret over which FP jumper to get..,negative,negative,positive,bert_introduces_new_error,10,True
4791,4,"price, cost and value for money","Personally, I would go for the best priced one. <br",positive,positive,positive,both_correct,10,False
4791,6,product quality and performance,Our son got bored with the attached toys very quickly.,negative,negative,negative,both_correct,10,False
4791,7,safety for babies and children,But I used rings and attached a few new toys a day for him to play with.,negative,negative,negative,both_correct,17,True
4791,7,"ease of use, assembly and convenience",But I used rings and attached a few new toys a day for him to play with.,negative,negative,negative,both_correct,17,True
4791,8,product quality and performance,Of course the still wouldn't stay put,negative,positive,negative,bert_fixes_baseline_error,7,True
4791,9,safety for babies and children,and he wasn't old enough to understand that he could simply pull them back up by the rings.,negative,negative,negative,both_correct,18,True
4791,9,"ease of use, assembly and convenience",and he wasn't old enough to understand that he could simply pull them back up by the rings.,negative,negative,negative,both_correct,18,True
4794,0,safety for babies and children,If you have a child then just order this right now because its a life saver!,negative,negative,negative,both_correct,16,False
4794,0,product quality and performance,If you have a child then just order this right now because its a life saver!,negative,negative,negative,both_correct,16,False
4794,1,safety for babies and children,My little brother constantly goes through our drawers and always ends up breaking something.,negative,negative,negative,both_correct,14,False
4794,2,product quality and performance,"In addition, regardless of how many locks and closing devices we would put, he would always find a way to break it or get around it.",negative,negative,negative,both_correct,26,False
4794,3,product quality and performance,"However, with these locks he has not been able to get around it, so we are beyond impressed!",negative,negative,positive,bert_introduces_new_error,18,True
4794,3,"design, appearance and looks","However, with these locks he has not been able to get around it, so we are beyond impressed!",negative,negative,positive,bert_introduces_new_error,18,True
4794,4,"ease of use, assembly and convenience","In addition, what sets these safety locks from other is the fact that it is adjustable, which literally allows you to stick it onto anything from drawers, to corners to weird doors.",negative,positive,positive,both_wrong,32,False
4794,5,"ease of use, assembly and convenience","Moreover, unlike other products you don't have to drill a hole or ruin your furniture.",positive,negative,positive,bert_fixes_baseline_error,15,True
4794,5,product quality and performance,"Moreover, unlike other products you don't have to drill a hole or ruin your furniture.",positive,negative,positive,bert_fixes_baseline_error,15,True
4794,6,"ease of use, assembly and convenience","Instead, this has an adhesive part on the side that allows you to stick on your furniture and take off without damaging any of your property.",positive,positive,positive,both_correct,26,False
4794,6,product quality and performance,"Instead, this has an adhesive part on the side that allows you to stick on your furniture and take off without damaging any of your property.",positive,positive,positive,both_correct,26,False
4794,7,"price, cost and value for money",Great product for an amazing price and I am defiantly going to be ordering more for our other rooms!,positive,positive,positive,both_correct,19,False
4794,7,product quality and performance,Great product for an amazing price and I am defiantly going to be ordering more for our other rooms!,positive,positive,positive,both_correct,19,False
4825,0,"size, dimensions and fit",Doesn't fit right on our toilet,negative,negative,negative,both_correct,6,True
4825,0,"design, appearance and looks",Doesn't fit right on our toilet,negative,negative,negative,both_correct,6,True
4832,0,safety for babies and children,We bought this for our grandson's pack and play for when he comes to visit.,positive,negative,positive,bert_fixes_baseline_error,15,False
4832,0,"ease of use, assembly and convenience",We bought this for our grandson's pack and play for when he comes to visit.,positive,negative,positive,bert_fixes_baseline_error,15,False
4832,1,"comfort, softness and texture",It was just as pictured and very soft.,positive,positive,positive,both_correct,8,False
4832,1,product quality and performance,It was just as pictured and very soft.,positive,positive,positive,both_correct,8,False
4834,0,safety for babies and children,Used in traveling for my 5 years old on taxi,negative,negative,negative,both_correct,10,False
4834,0,product quality and performance,Used in traveling for my 5 years old on taxi,negative,negative,negative,both_correct,10,False
4880,1,product quality and performance,Latches that actually keep my boogers out of the drawers!,positive,positive,positive,both_correct,10,False
4880,1,"ease of use, assembly and convenience",Latches that actually keep my boogers out of the drawers!,positive,positive,positive,both_correct,10,False
4880,2,product quality and performance,These latches are superior to the others I purchased on Amazon.,positive,positive,positive,both_correct,11,False
4880,2,"ease of use, assembly and convenience",These latches are superior to the others I purchased on Amazon.,positive,positive,positive,both_correct,11,False
4880,3,product quality and performance,I definitely recommend them.,positive,positive,positive,both_correct,4,False
4881,0,"ease of use, assembly and convenience",it fits to my car..easy to put on d car,positive,positive,positive,both_correct,10,False
4881,0,"size, dimensions and fit",it fits to my car..easy to put on d car,positive,positive,positive,both_correct,10,False
4881,1,product quality and performance,"seat.100 % i recommend this seat cover, im happy for this:)",positive,positive,positive,both_correct,11,False
4881,1,"design, appearance and looks","seat.100 % i recommend this seat cover, im happy for this:)",positive,positive,positive,both_correct,11,False
4887,0,"design, appearance and looks",I like that it has the scale showing how much my baby drinks water.,positive,positive,positive,both_correct,14,False
4887,0,safety for babies and children,I like that it has the scale showing how much my baby drinks water.,positive,positive,positive,both_correct,14,False
4887,1,safety for babies and children,It took him few days to learn how to open the lid.,negative,negative,negative,both_correct,12,False
4887,1,"ease of use, assembly and convenience",It took him few days to learn how to open the lid.,negative,negative,negative,both_correct,12,False
4887,2,product quality and performance,Now he can do it like a champ.,positive,positive,positive,both_correct,8,False
4887,2,"ease of use, assembly and convenience",Now he can do it like a champ.,positive,positive,positive,both_correct,8,False
4887,4,product quality and performance,you need to pull the straw down a little bit before closing otherwise the lid will be stuck and really hard to open. 2.,negative,negative,negative,both_correct,24,False
4887,5,product quality and performance,water can drip off the bottle from the top.,negative,negative,negative,both_correct,9,False
4887,6,product quality and performance,I use the plastic wrap covering the top to make sure that the lid closes all the time.,negative,negative,negative,both_correct,18,False
4887,6,safety for babies and children,I use the plastic wrap covering the top to make sure that the lid closes all the time.,negative,negative,negative,both_correct,18,False
4888,0,product quality and performance,I really had high hope for this nipple but it didn't work for my son.,negative,negative,negative,both_correct,15,True
4888,0,safety for babies and children,I really had high hope for this nipple but it didn't work for my son.,negative,negative,negative,both_correct,15,True
4897,0,"comfort, softness and texture",Doesn't feel cold when you freeze it.,positive,negative,positive,bert_fixes_baseline_error,7,True
4897,0,product quality and performance,Doesn't feel cold when you freeze it.,positive,negative,positive,bert_fixes_baseline_error,7,True
4897,1,product quality and performance,Doesn't matter how long you keep it in the freezer.,negative,negative,negative,both_correct,10,True
4897,2,"comfort, softness and texture",Especially when you put the cover on it you can't feel the cold at all.,negative,negative,negative,both_correct,15,True
4897,2,product quality and performance,Especially when you put the cover on it you can't feel the cold at all.,negative,negative,negative,both_correct,15,True
4897,3,product quality and performance,But as a heat pack it works well.,positive,positive,positive,both_correct,8,True
4897,4,product quality and performance,You have to shake it up to have evenly heat distribution.,negative,positive,negative,bert_fixes_baseline_error,11,False
4927,0,"design, appearance and looks",These baskets are beautiful in person and look really expensive.,positive,positive,positive,both_correct,10,False
4927,0,"price, cost and value for money",These baskets are beautiful in person and look really expensive.,positive,positive,positive,both_correct,10,False
4927,1,"durability, washability and longevity","We have several and use them for everything from extra linens, towels, toys, etc.",negative,negative,negative,both_correct,14,False
4927,1,"ease of use, assembly and convenience","We have several and use them for everything from extra linens, towels, toys, etc.",negative,negative,negative,both_correct,14,False
4927,2,product quality and performance,They are sturdy and easy to transport.,positive,positive,positive,both_correct,7,False
4927,2,"ease of use, assembly and convenience",They are sturdy and easy to transport.,positive,positive,positive,both_correct,7,False
4927,3,"design, appearance and looks",Not an eyesore if you want baskets to leave out but also great for keeping in laundry rooms or linen closets.,positive,positive,positive,both_correct,21,True
4927,3,"ease of use, assembly and convenience",Not an eyesore if you want baskets to leave out but also great for keeping in laundry rooms or linen closets.,positive,positive,positive,both_correct,21,True
4930,0,product quality and performance,I have this exact diaper pail purchased from another retailer and it does not have this same issue.,negative,negative,negative,both_correct,18,True
4930,0,safety for babies and children,I have this exact diaper pail purchased from another retailer and it does not have this same issue.,negative,negative,negative,both_correct,18,True
4930,1,product quality and performance,This pail is stinky and does not hold in any odor.,negative,negative,negative,both_correct,11,True
4930,2,product quality and performance,It is only effective if you immediately dispose of poopie diapers outside of the house while my other Ubbi pail (same style) can handle poopie diapers inside for a week before any scent is released unless the lid is opened or closed.,negative,negative,negative,both_correct,42,False
4973,0,"comfort, softness and texture",Very attractive pattern on very soft cotton - which will wash and dry really easily.,positive,positive,positive,both_correct,15,False
4973,0,"durability, washability and longevity",Very attractive pattern on very soft cotton - which will wash and dry really easily.,positive,positive,positive,both_correct,15,False
4973,1,"design, appearance and looks","The new baby will be a girl, and this fits in perfectly with her parent's nursery decor.",positive,positive,positive,both_correct,17,False
4973,2,"comfort, softness and texture","Most of all, you want everything that touches your baby to be soft, and be natural fabrics - and this crib sheet is both.",positive,positive,positive,both_correct,24,False
4973,2,product quality and performance,"Most of all, you want everything that touches your baby to be soft, and be natural fabrics - and this crib sheet is both.",positive,positive,positive,both_correct,24,False
4976,0,"comfort, softness and texture","Baby has arrived, and these ""swaddle sleepers"" are perfect for the warmer nights - not too heavy - just right.",positive,positive,positive,both_correct,20,True
4976,0,safety for babies and children,"Baby has arrived, and these ""swaddle sleepers"" are perfect for the warmer nights - not too heavy - just right.",positive,positive,positive,both_correct,20,True
4976,1,"durability, washability and longevity","They wash and dry well, and don't shrink.",positive,positive,positive,both_correct,8,True
4976,1,product quality and performance,"They wash and dry well, and don't shrink.",positive,positive,positive,both_correct,8,True
4976,2,"comfort, softness and texture","This baby likes the free arms, too.",positive,positive,positive,both_correct,7,False
4976,2,"ease of use, assembly and convenience","This baby likes the free arms, too.",positive,positive,positive,both_correct,7,False
4976,3,"comfort, softness and texture","Nice and soft, ample size.",positive,positive,positive,both_correct,5,False
4976,3,product quality and performance,"Nice and soft, ample size.",positive,positive,positive,both_correct,5,False
4976,3,"size, dimensions and fit","Nice and soft, ample size.",positive,positive,positive,both_correct,5,False
4977,0,"comfort, softness and texture","It's nice to hold a new baby close, and this let's you choose the best position for the baby and you.",positive,positive,positive,both_correct,21,False
4977,0,safety for babies and children,"It's nice to hold a new baby close, and this let's you choose the best position for the baby and you.",positive,positive,positive,both_correct,21,False
4977,1,"durability, washability and longevity","Nice fabric, easy care for washing and drying.",positive,positive,positive,both_correct,8,False
4977,1,"comfort, softness and texture","Nice fabric, easy care for washing and drying.",positive,positive,positive,both_correct,8,False
4977,1,"ease of use, assembly and convenience","Nice fabric, easy care for washing and drying.",positive,positive,positive,both_correct,8,False
4977,2,product quality and performance,This will work well for Mom or Dad.,positive,positive,positive,both_correct,8,False
4977,2,"ease of use, assembly and convenience",This will work well for Mom or Dad.,positive,positive,positive,both_correct,8,False
4977,3,product quality and performance,"Since the new baby arrived, it's made such a difference - the motion keeps him sleeping or happy, and Mom's hands free.",positive,positive,positive,both_correct,22,False
4977,3,"ease of use, assembly and convenience","Since the new baby arrived, it's made such a difference - the motion keeps him sleeping or happy, and Mom's hands free.",positive,positive,positive,both_correct,22,False
4977,4,product quality and performance,"This is a particularly nice carrier, and it would make a great gift.",positive,positive,positive,both_correct,13,False
4977,4,"design, appearance and looks","This is a particularly nice carrier, and it would make a great gift.",positive,positive,positive,both_correct,13,False
4979,0,safety for babies and children,Parents need two strollers these days and this light stroller is perfect when Mom takes baby out by herself.,positive,positive,positive,both_correct,19,False
4979,0,product quality and performance,Parents need two strollers these days and this light stroller is perfect when Mom takes baby out by herself.,positive,positive,positive,both_correct,19,False
4979,1,"ease of use, assembly and convenience","Easy to handle and set up - and, comfortable for baby.",positive,positive,positive,both_correct,11,False
4979,1,safety for babies and children,"Easy to handle and set up - and, comfortable for baby.",positive,positive,positive,both_correct,11,False
4979,1,"comfort, softness and texture","Easy to handle and set up - and, comfortable for baby.",positive,positive,positive,both_correct,11,False
4979,2,"ease of use, assembly and convenience","It also works with the car seat, which is a plus.",positive,positive,positive,both_correct,11,False
4979,2,safety for babies and children,"It also works with the car seat, which is a plus.",positive,positive,positive,both_correct,11,False
4979,3,"ease of use, assembly and convenience",Our Mom sets it up with baby in the house and wheels him around as she does chores - she did this with her first child and will be ready with this newer even lighter stroller for the new baby.,positive,positive,positive,both_correct,40,False
4979,3,safety for babies and children,Our Mom sets it up with baby in the house and wheels him around as she does chores - she did this with her first child and will be ready with this newer even lighter stroller for the new baby.,positive,positive,positive,both_correct,40,False
4993,0,"comfort, softness and texture",100% soft and organic cotton - comes beautifully packaged - tested for harmful substances.,positive,positive,positive,both_correct,14,False
4993,0,product quality and performance,100% soft and organic cotton - comes beautifully packaged - tested for harmful substances.,positive,positive,positive,both_correct,14,False
4993,0,"packaging, shipping and delivery",100% soft and organic cotton - comes beautifully packaged - tested for harmful substances.,positive,positive,positive,both_correct,14,False
4993,1,"size, dimensions and fit",Fits all standard crib mattresses.,positive,negative,positive,bert_fixes_baseline_error,5,False
4993,1,safety for babies and children,Fits all standard crib mattresses.,positive,negative,positive,bert_fixes_baseline_error,5,False
4993,2,"comfort, softness and texture","It's waterproof, quilted and breathable.",positive,positive,positive,both_correct,5,False
4993,2,product quality and performance,"It's waterproof, quilted and breathable.",positive,positive,positive,both_correct,5,False
4993,3,"comfort, softness and texture",Feels so nice and comfortable.,positive,positive,positive,both_correct,5,False
4993,3,product quality and performance,Feels so nice and comfortable.,positive,positive,positive,both_correct,5,False
4993,4,product quality and performance,These are really nice - you will want two!,positive,positive,positive,both_correct,9,False
4993,4,"design, appearance and looks",These are really nice - you will want two!,positive,positive,positive,both_correct,9,False
4994,0,safety for babies and children,"Mom worried about Jacob going along with napping, but now, that will not be a problem.",positive,positive,positive,both_correct,16,True
4994,0,product quality and performance,"Mom worried about Jacob going along with napping, but now, that will not be a problem.",positive,positive,positive,both_correct,16,True
4994,1,"comfort, softness and texture","He loves his ""bedroll"" with a little handle, and he's practiced rolling and unrolling it up.",positive,positive,positive,both_correct,16,False
4994,1,"ease of use, assembly and convenience","He loves his ""bedroll"" with a little handle, and he's practiced rolling and unrolling it up.",positive,positive,positive,both_correct,16,False
4994,2,"ease of use, assembly and convenience",He's ready.,positive,positive,positive,both_correct,2,False
4994,3,"comfort, softness and texture",Loves the pillow with the elephant - and the colors are all so calm and soothing.,positive,positive,positive,both_correct,16,False
4994,3,"design, appearance and looks",Loves the pillow with the elephant - and the colors are all so calm and soothing.,positive,positive,positive,both_correct,16,False
4997,0,"design, appearance and looks",Great idea to keep the car tidy!,positive,positive,positive,both_correct,7,False
4997,1,"ease of use, assembly and convenience","All kicks can be just wiped off, and the organizer will hold all kinds of fun activities for the toddler through middle school group.",negative,negative,positive,bert_introduces_new_error,24,False
4997,1,"durability, washability and longevity","All kicks can be just wiped off, and the organizer will hold all kinds of fun activities for the toddler through middle school group.",negative,negative,positive,bert_introduces_new_error,24,False
4997,3,"durability, washability and longevity",This 4 piece set is well-made and promises a long life.,positive,positive,positive,both_correct,11,False
4997,3,product quality and performance,This 4 piece set is well-made and promises a long life.,positive,positive,positive,both_correct,11,False
4997,4,"ease of use, assembly and convenience","Easy to clean, and the kids are happy to have all their favorite things in easy reach.",positive,positive,positive,both_correct,17,False
4997,4,product quality and performance,"Easy to clean, and the kids are happy to have all their favorite things in easy reach.",positive,positive,positive,both_correct,17,False
5011,0,"ease of use, assembly and convenience","Easy to set up and collapse - this is a perfect stroller - it's great for those who jog, but it you don't, you'll find that this just maneuvers through crowds easily - which is a real plus.",positive,positive,positive,both_correct,38,True
5011,0,product quality and performance,"Easy to set up and collapse - this is a perfect stroller - it's great for those who jog, but it you don't, you'll find that this just maneuvers through crowds easily - which is a real plus.",positive,positive,positive,both_correct,38,True
5011,1,"durability, washability and longevity","We only have one child for this double stroller, but soon there will be another, so we wanted a stroller that would be well-built to last.",positive,negative,negative,both_wrong,26,True
5011,1,product quality and performance,"We only have one child for this double stroller, but soon there will be another, so we wanted a stroller that would be well-built to last.",positive,negative,negative,both_wrong,26,True
5011,2,product quality and performance,"Thule's reputation for quality is well-known, and this conveyance is a perfect example of that quality.",positive,positive,positive,both_correct,16,False
5011,2,"packaging, shipping and delivery","Thule's reputation for quality is well-known, and this conveyance is a perfect example of that quality.",positive,positive,positive,both_correct,16,False
5011,3,product quality and performance,Very pleased with this.,positive,positive,positive,both_correct,4,False
5011,3,"design, appearance and looks",Very pleased with this.,positive,positive,positive,both_correct,4,False
5011,4,product quality and performance,"Easy to store when there's little storage area, easy to clean, comfortable and perfect!",positive,positive,positive,both_correct,14,False
5011,4,"ease of use, assembly and convenience","Easy to store when there's little storage area, easy to clean, comfortable and perfect!",positive,positive,positive,both_correct,14,False
5011,4,"comfort, softness and texture","Easy to store when there's little storage area, easy to clean, comfortable and perfect!",positive,positive,positive,both_correct,14,False
5022,0,product quality and performance,"Very good quality, special items for the new baby.",positive,positive,positive,both_correct,9,False
5022,0,"comfort, softness and texture","Very good quality, special items for the new baby.",positive,positive,positive,both_correct,9,False
5022,1,"design, appearance and looks","The colors are so subtle, that, with the addition of a few pink things, this could be appropriate for a girl baby as well as a boy.",positive,negative,positive,bert_fixes_baseline_error,27,False
5022,2,"comfort, softness and texture","The bear is so soft, and absolutely perfect for baby's first teddy bear.",positive,positive,positive,both_correct,13,False
5022,2,product quality and performance,"The bear is so soft, and absolutely perfect for baby's first teddy bear.",positive,positive,positive,both_correct,13,False
5022,3,"comfort, softness and texture","Super soft little socks and swaddle cloths, and the cutest embroidered bib make up the set.",positive,positive,positive,both_correct,16,False
5022,3,"design, appearance and looks","Super soft little socks and swaddle cloths, and the cutest embroidered bib make up the set.",positive,positive,positive,both_correct,16,False
5022,4,"size, dimensions and fit",The tote is ample size to be usable for many things.,positive,positive,positive,both_correct,11,False
5022,4,"ease of use, assembly and convenience",The tote is ample size to be usable for many things.,positive,positive,positive,both_correct,11,False
5022,5,"design, appearance and looks",I haven't seen any new baby sets that look as special as this one.,negative,negative,negative,both_correct,14,True
5022,5,product quality and performance,I haven't seen any new baby sets that look as special as this one.,negative,negative,negative,both_correct,14,True
5037,0,"design, appearance and looks",This is a nice little diaper bag.,positive,positive,positive,both_correct,7,False
5037,0,product quality and performance,This is a nice little diaper bag.,positive,positive,positive,both_correct,7,False
5037,1,"design, appearance and looks","First of the material is a bit different, it is almost that of a hybrid of a raincoat and a regular backpack.",negative,negative,negative,both_correct,22,False
5037,2,product quality and performance,This makes it very easy to clean in my eyes and wipe down.,positive,negative,negative,both_wrong,13,False
5037,2,"ease of use, assembly and convenience",This makes it very easy to clean in my eyes and wipe down.,positive,negative,negative,both_wrong,13,False
5037,3,"ease of use, assembly and convenience",It has two straps on the top that you an pick it up at but also two straps in the back that allow you to carry it like a backpack.,positive,positive,positive,both_correct,30,True
5037,3,"design, appearance and looks",It has two straps on the top that you an pick it up at but also two straps in the back that allow you to carry it like a backpack.,positive,positive,positive,both_correct,30,True
5037,4,"ease of use, assembly and convenience",Also on the back is a strap that allows you to attach it to your luggage when you are traveling.,positive,positive,positive,both_correct,20,False
5037,4,"design, appearance and looks",Also on the back is a strap that allows you to attach it to your luggage when you are traveling.,positive,positive,positive,both_correct,20,False
5037,5,product quality and performance,It also has a strap that lets you secure it across your chest to take some weight of your shoulders and evenly distribute it and make the weight less impactful.,negative,positive,positive,both_wrong,30,False
5037,5,"ease of use, assembly and convenience",It also has a strap that lets you secure it across your chest to take some weight of your shoulders and evenly distribute it and make the weight less impactful.,negative,positive,positive,both_wrong,30,False
5037,6,"ease of use, assembly and convenience",Last but not least there is also a hidden zippered pocket that you can keep some things in like travel documents or your cell phone or something. You also get additional straps that you can hang it onto your stroller something else if you choose to.,negative,positive,negative,bert_fixes_baseline_error,46,True
5037,7,"ease of use, assembly and convenience",On each side on the outside you have pockets for your beverage or your umbrella or whatever else you want to fit in there. <br,negative,negative,negative,both_correct,25,False
5037,7,"size, dimensions and fit",On each side on the outside you have pockets for your beverage or your umbrella or whatever else you want to fit in there. <br,negative,negative,negative,both_correct,25,False
5037,9,safety for babies and children,In that one are two insulate pockets for your baby bottles but obviously once your baby is larger you can fit other things in there as well.,negative,positive,negative,bert_fixes_baseline_error,27,True
5037,9,"ease of use, assembly and convenience",In that one are two insulate pockets for your baby bottles but obviously once your baby is larger you can fit other things in there as well.,negative,positive,negative,bert_fixes_baseline_error,27,True
5037,9,"size, dimensions and fit",In that one are two insulate pockets for your baby bottles but obviously once your baby is larger you can fit other things in there as well.,negative,positive,negative,bert_fixes_baseline_error,27,True
5037,11,"ease of use, assembly and convenience",It has some inside pockets that help you keep it organized.,negative,positive,negative,bert_fixes_baseline_error,11,False
5037,11,"design, appearance and looks",It has some inside pockets that help you keep it organized.,negative,positive,negative,bert_fixes_baseline_error,11,False
5037,12,"ease of use, assembly and convenience",The bag also came with another tiny bag sleeve in which you can roll up the entire bag if you want to.,negative,negative,negative,both_correct,22,True
5037,12,"design, appearance and looks",The bag also came with another tiny bag sleeve in which you can roll up the entire bag if you want to.,negative,negative,negative,both_correct,22,True
5037,14,product quality and performance,It is lightweight and does get the job done and then some!,positive,negative,positive,bert_fixes_baseline_error,12,False
5037,14,"ease of use, assembly and convenience",It is lightweight and does get the job done and then some!,positive,negative,positive,bert_fixes_baseline_error,12,False
5058,1,"comfort, softness and texture","I use this balm whenever that is the case, and yes it is not just for babies but adults can use it too for whenever your skin is giving you issues.",negative,positive,negative,bert_fixes_baseline_error,31,True
5058,2,product quality and performance,It has hardly any scent to it at all which is nice.,negative,positive,negative,bert_fixes_baseline_error,12,False
5058,2,"design, appearance and looks",It has hardly any scent to it at all which is nice.,negative,positive,negative,bert_fixes_baseline_error,12,False
5058,4,product quality and performance,The relief is not instant but thankfully does come quickly.,positive,positive,positive,both_correct,10,True
5058,5,"comfort, softness and texture","This balm is nice and cooling too so it feels great when you apply it. I have also found this works well when your skin gets irritated by certain clothing, like for example skin tags and stitching of clothing.",positive,positive,positive,both_correct,39,False
5058,5,product quality and performance,"This balm is nice and cooling too so it feels great when you apply it. I have also found this works well when your skin gets irritated by certain clothing, like for example skin tags and stitching of clothing.",positive,positive,positive,both_correct,39,False
5059,0,product quality and performance,You can't beat these diapers.,negative,negative,negative,both_correct,5,True
5059,0,"comfort, softness and texture",You can't beat these diapers.,negative,negative,negative,both_correct,5,True
5059,1,product quality and performance,They are just the best and my favorite.,positive,positive,positive,both_correct,8,False
5059,1,"comfort, softness and texture",They are just the best and my favorite.,positive,positive,positive,both_correct,8,False
5059,2,product quality and performance,There are never any leakage problems and so far no diaper rashes.,positive,positive,positive,both_correct,12,True
5059,2,"durability, washability and longevity",There are never any leakage problems and so far no diaper rashes.,positive,positive,positive,both_correct,12,True
5059,3,product quality and performance,It keeps your baby's skin protected throughout the night which means you have a happy baby in the morning and that means you will be happy too.,positive,positive,positive,both_correct,27,False
5059,3,safety for babies and children,It keeps your baby's skin protected throughout the night which means you have a happy baby in the morning and that means you will be happy too.,positive,positive,positive,both_correct,27,False
5059,4,"size, dimensions and fit",Currently in a size 2,positive,negative,positive,bert_fixes_baseline_error,5,False
5059,5,safety for babies and children,but we all know they grow fast!<br,positive,positive,positive,both_correct,7,True
5059,6,"comfort, softness and texture",/> These just fit right,positive,positive,positive,both_correct,5,False
5059,6,"ease of use, assembly and convenience",/> These just fit right,positive,positive,positive,both_correct,5,False
5059,6,"size, dimensions and fit",/> These just fit right,positive,positive,positive,both_correct,5,False
5059,7,product quality and performance,"and there is a reason why Pampers have been around for so long, keeping babies and their parents happy!",positive,positive,positive,both_correct,19,False
5059,7,"durability, washability and longevity","and there is a reason why Pampers have been around for so long, keeping babies and their parents happy!",positive,positive,positive,both_correct,19,False
5061,0,product quality and performance,I was not impressed with this baby shampoo.,negative,negative,negative,both_correct,8,True
5061,0,"design, appearance and looks",I was not impressed with this baby shampoo.,negative,negative,negative,both_correct,8,True
5061,1,product quality and performance,First of it did not lather up at all and the cleaning of it was just subpar.,negative,negative,negative,both_correct,17,True
5061,2,product quality and performance,I actually had to use a different shampoo because I didn't feel like the hair was clean at all after using this at all.,negative,negative,negative,both_correct,24,True
5061,2,"price, cost and value for money",I actually had to use a different shampoo because I didn't feel like the hair was clean at all after using this at all.,negative,negative,negative,both_correct,24,True
5061,6,"price, cost and value for money",In addition you really don't get a whole lot for the $18 that you are paying. This one is a complete miss in my eyes which is a shame since the body washes I got were very spa,negative,negative,negative,both_correct,38,True
5061,6,product quality and performance,In addition you really don't get a whole lot for the $18 that you are paying. This one is a complete miss in my eyes which is a shame since the body washes I got were very spa,negative,negative,negative,both_correct,38,True
5061,7,"price, cost and value for money",like but for the baby shampoo I am going to have to pass completely.,negative,negative,negative,both_correct,14,True
5061,7,product quality and performance,like but for the baby shampoo I am going to have to pass completely.,negative,positive,negative,bert_fixes_baseline_error,14,True
5066,0,"comfort, softness and texture",Amazingly soft.,positive,positive,positive,both_correct,2,False
5066,0,product quality and performance,Amazingly soft.,positive,positive,positive,both_correct,2,False
5066,2,product quality and performance,Thicker than I thought.,positive,positive,positive,both_correct,4,False
5066,2,"design, appearance and looks",Thicker than I thought.,positive,positive,positive,both_correct,4,False
5066,3,"comfort, softness and texture",But a nice soft plush blanket.,positive,positive,positive,both_correct,6,True
5082,0,product quality and performance,"I'm a nurse use it at work it's fast, accurate and easy to use.",positive,positive,positive,both_correct,14,False
5082,0,"ease of use, assembly and convenience","I'm a nurse use it at work it's fast, accurate and easy to use.",positive,positive,positive,both_correct,14,False
5082,1,product quality and performance,I definitely would buy another.,positive,negative,positive,bert_fixes_baseline_error,5,True
5082,1,"design, appearance and looks",I definitely would buy another.,positive,positive,positive,both_correct,5,True
5088,0,"ease of use, assembly and convenience",I started my search looking for portable protein powder dispensers.,negative,negative,negative,both_correct,10,False
5088,1,"design, appearance and looks","After finding a bunch of black containers, some with logos, some with motivational sayings on them, and some plain, I made one really important connection; they were all ridiculously overpriced for what they were.. All of a sudden, it hit me!",negative,negative,negative,both_correct,41,False
5088,1,"price, cost and value for money","After finding a bunch of black containers, some with logos, some with motivational sayings on them, and some plain, I made one really important connection; they were all ridiculously overpriced for what they were.. All of a sudden, it hit me!",negative,negative,negative,both_correct,41,False
5088,2,safety for babies and children,Baby formula dispensers!!,negative,positive,negative,bert_fixes_baseline_error,3,False
5088,3,"price, cost and value for money",I bought 5 sets for the same price as a two pack of the boring ones! And,negative,negative,negative,both_correct,17,False
5088,3,"ease of use, assembly and convenience",I bought 5 sets for the same price as a two pack of the boring ones! And,negative,positive,negative,bert_fixes_baseline_error,17,False
5088,4,"ease of use, assembly and convenience","here I am to tell you all how perfect these are to throw into my cooler with my almond milk and personal blender, and I'm out the door!",positive,positive,positive,both_correct,28,False
5088,4,product quality and performance,"here I am to tell you all how perfect these are to throw into my cooler with my almond milk and personal blender, and I'm out the door!",positive,positive,positive,both_correct,28,False
5088,5,"ease of use, assembly and convenience","I use the small one for my collagen, and two scoops of whey protein fit perfectly packed into each of the three open spots in the larger one!",positive,positive,positive,both_correct,28,False
5088,5,product quality and performance,"I use the small one for my collagen, and two scoops of whey protein fit perfectly packed into each of the three open spots in the larger one!",positive,positive,positive,both_correct,28,False
5088,5,"size, dimensions and fit","I use the small one for my collagen, and two scoops of whey protein fit perfectly packed into each of the three open spots in the larger one!",positive,positive,positive,both_correct,28,False
5088,6,"ease of use, assembly and convenience",I'm set all day long!,negative,positive,positive,both_wrong,5,False
5088,6,"durability, washability and longevity",I'm set all day long!,negative,positive,positive,both_wrong,5,False
5088,7,product quality and performance,I even threw these into my backpack at Disney World!,negative,negative,negative,both_correct,10,False
5088,7,"durability, washability and longevity",I even threw these into my backpack at Disney World!,negative,negative,negative,both_correct,10,False
5088,8,product quality and performance,"Not once did they pop open! So, whether you are feeding your baby, or your body, these little Munkins fit the bill!",negative,negative,negative,both_correct,22,True
5088,8,"ease of use, assembly and convenience","Not once did they pop open! So, whether you are feeding your baby, or your body, these little Munkins fit the bill!",negative,negative,positive,bert_introduces_new_error,22,True
5088,8,"size, dimensions and fit","Not once did they pop open! So, whether you are feeding your baby, or your body, these little Munkins fit the bill!",negative,negative,negative,both_correct,22,True
5088,9,"price, cost and value for money",Pro tip: save some cash so you can buy more protein ;),negative,negative,negative,both_correct,12,False
5134,1,product quality and performance,so I decided to give them a chance.,positive,negative,positive,bert_fixes_baseline_error,8,False
5134,1,customer service and seller support,so I decided to give them a chance.,positive,negative,positive,bert_fixes_baseline_error,8,False
5134,3,"ease of use, assembly and convenience","They hold up to my kiddo's lunchbox great with a little ice pack, so I can pack him a few different snack options for preschool.",positive,negative,positive,bert_fixes_baseline_error,25,False
5134,3,product quality and performance,"They hold up to my kiddo's lunchbox great with a little ice pack, so I can pack him a few different snack options for preschool.",positive,negative,positive,bert_fixes_baseline_error,25,False
5134,4,product quality and performance,We haven't had any issues with leaks and they are super easy to clean.,positive,positive,positive,both_correct,14,True
5134,4,"durability, washability and longevity",We haven't had any issues with leaks and they are super easy to clean.,positive,positive,positive,both_correct,14,True
5134,4,"ease of use, assembly and convenience",We haven't had any issues with leaks and they are super easy to clean.,positive,positive,positive,both_correct,14,True
5134,5,product quality and performance,I'll probably pick up a few more two packs now that I know how well they work.,positive,positive,positive,both_correct,17,False
5134,5,"ease of use, assembly and convenience",I'll probably pick up a few more two packs now that I know how well they work.,positive,positive,positive,both_correct,17,False
5148,0,product quality and performance,"Not entirely leak-proof but We do use daily, mostly without spills. .",positive,positive,positive,both_correct,12,True
5150,0,product quality and performance,"fit is not great, but OK.",positive,positive,positive,both_correct,6,True
5155,0,"price, cost and value for money",Great price and love the scent,positive,positive,positive,both_correct,6,False
5157,0,"design, appearance and looks",These bows look soo adorable on my daughter.,positive,positive,positive,both_correct,8,False
5157,0,"comfort, softness and texture",These bows look soo adorable on my daughter.,positive,positive,positive,both_correct,8,False
5226,0,product quality and performance,You just can't go wrong with a Maxi Cosi car seat!,positive,negative,positive,bert_fixes_baseline_error,11,True
5226,0,safety for babies and children,You just can't go wrong with a Maxi Cosi car seat!,positive,negative,positive,bert_fixes_baseline_error,11,True
5226,1,"design, appearance and looks",This color scheme with dotted headrest really is darling.,positive,positive,positive,both_correct,9,False
5226,1,"comfort, softness and texture",This color scheme with dotted headrest really is darling.,positive,positive,positive,both_correct,9,False
5226,2,product quality and performance,My baby is so comfortable<,positive,positive,positive,both_correct,5,False
5226,2,"comfort, softness and texture",My baby is so comfortable<,positive,positive,positive,both_correct,5,False
5226,3,"design, appearance and looks",br />In it.,positive,positive,positive,both_correct,3,False
5226,3,product quality and performance,br />In it.,positive,positive,positive,both_correct,3,False
5226,4,"ease of use, assembly and convenience",It is so easy to install with the latch system where you just have to push it against the bar and it clips in!,negative,negative,negative,both_correct,24,False
5226,4,product quality and performance,It is so easy to install with the latch system where you just have to push it against the bar and it clips in!,negative,negative,negative,both_correct,24,False
5226,5,"ease of use, assembly and convenience",Baby girl buckled in with ease!,positive,positive,positive,both_correct,6,False
5226,5,product quality and performance,Baby girl buckled in with ease!,positive,positive,positive,both_correct,6,False
5226,6,"design, appearance and looks",She sits up well in and seems to have plenty of room.,positive,positive,positive,both_correct,12,False
5226,6,"size, dimensions and fit",She sits up well in and seems to have plenty of room.,positive,positive,positive,both_correct,12,False
5226,7,safety for babies and children,It will be interesting to see how she does as she gets bigger as this grows with her!,positive,positive,positive,both_correct,18,False
5226,7,"design, appearance and looks",It will be interesting to see how she does as she gets bigger as this grows with her!,positive,positive,positive,both_correct,18,False
5226,8,safety for babies and children,Currently she is 15 months and just 20 pounds so she's a small fry.,negative,negative,negative,both_correct,14,False
5226,8,"size, dimensions and fit",Currently she is 15 months and just 20 pounds so she's a small fry.,negative,negative,negative,both_correct,14,False
5226,10,product quality and performance,The car seat also wasn't too heavy which is perfect as we are using this for the car seat that we use in grandma and grandpas cars so it gets moved around a lot!,positive,positive,positive,both_correct,34,True
5226,10,"ease of use, assembly and convenience",The car seat also wasn't too heavy which is perfect as we are using this for the car seat that we use in grandma and grandpas cars so it gets moved around a lot!,positive,positive,positive,both_correct,34,True
5234,0,"comfort, softness and texture",This blanket is very thin.,negative,negative,negative,both_correct,5,False
5234,0,"design, appearance and looks",This blanket is very thin.,negative,negative,negative,both_correct,5,False
5234,1,"comfort, softness and texture","The minky side is very soft, but the seersucker side is so thin and not super soft.",negative,negative,negative,both_correct,17,True
5234,1,product quality and performance,"The minky side is very soft, but the seersucker side is so thin and not super soft.",negative,negative,negative,both_correct,17,True
5234,2,"comfort, softness and texture",I like it when the baby blankets are a little thicker so they have more to grab onto.,positive,positive,positive,both_correct,18,False
5234,2,safety for babies and children,I like it when the baby blankets are a little thicker so they have more to grab onto.,positive,positive,positive,both_correct,18,False
5234,3,product quality and performance,Over all for the price I would like to see a little better quality fabric.,negative,positive,negative,bert_fixes_baseline_error,15,False
5234,3,"price, cost and value for money",Over all for the price I would like to see a little better quality fabric.,negative,positive,negative,bert_fixes_baseline_error,15,False
5234,4,product quality and performance,It is decent but not great.,negative,positive,negative,bert_fixes_baseline_error,6,True
5235,0,product quality and performance,This is a great basic diaper bag!,positive,positive,positive,both_correct,7,False
5235,0,"ease of use, assembly and convenience",This is a great basic diaper bag!,positive,positive,positive,both_correct,7,False
5235,1,"ease of use, assembly and convenience",I really like the extra sides for velcroing it onto the stroller.,positive,positive,positive,both_correct,12,False
5235,1,"design, appearance and looks",I really like the extra sides for velcroing it onto the stroller.,positive,positive,positive,both_correct,12,False
5235,2,"ease of use, assembly and convenience",Makes it even more user friendly.,positive,positive,positive,both_correct,6,False
5235,2,"design, appearance and looks",Makes it even more user friendly.,positive,positive,positive,both_correct,6,False
5235,3,product quality and performance,The material seems fairly durable.,positive,positive,positive,both_correct,5,False
5235,3,"durability, washability and longevity",The material seems fairly durable.,positive,positive,positive,both_correct,5,False
5235,4,"durability, washability and longevity",I wear my diaper bags hard so we will see how long it lasts.,negative,negative,negative,both_correct,14,False
5235,4,product quality and performance,I wear my diaper bags hard so we will see how long it lasts.,negative,negative,negative,both_correct,14,False
5235,5,"price, cost and value for money",It isn't a top of the line diaper bag but it is still nice for the price.,positive,positive,positive,both_correct,17,True
5235,5,product quality and performance,It isn't a top of the line diaper bag but it is still nice for the price.,positive,positive,positive,both_correct,17,True
5235,6,"size, dimensions and fit",It is also VERY large to fit everything you need!,positive,positive,positive,both_correct,10,False
5235,6,"ease of use, assembly and convenience",It is also VERY large to fit everything you need!,positive,positive,positive,both_correct,10,False
5255,0,product quality and performance,These swaddles are the best!,positive,positive,positive,both_correct,5,False
5255,0,"comfort, softness and texture",These swaddles are the best!,positive,positive,positive,both_correct,5,False
5255,1,safety for babies and children,I own two for my daughter.,positive,positive,positive,both_correct,6,False
5255,2,"ease of use, assembly and convenience",The size is perfect for easy swaddling.,positive,positive,positive,both_correct,7,False
5255,2,"comfort, softness and texture",The size is perfect for easy swaddling.,positive,positive,positive,both_correct,7,False
5255,3,"comfort, softness and texture",So soft too!,positive,positive,positive,both_correct,3,False
5255,3,product quality and performance,So soft too!,positive,positive,positive,both_correct,3,False
5256,0,product quality and performance,Best bottles you can buy!,positive,positive,positive,both_correct,5,False
5256,0,"durability, washability and longevity",Best bottles you can buy!,positive,positive,positive,both_correct,5,False
5256,1,"durability, washability and longevity",They last forever!,positive,positive,positive,both_correct,3,False
5256,1,product quality and performance,They last forever!,positive,positive,positive,both_correct,3,False
5256,2,product quality and performance,They are fabulous!,positive,positive,positive,both_correct,3,False
5256,2,"design, appearance and looks",They are fabulous!,positive,positive,positive,both_correct,3,False
5260,0,product quality and performance,These are saving my sanity.,positive,positive,positive,both_correct,5,False
5260,0,"durability, washability and longevity",These are saving my sanity.,positive,positive,positive,both_correct,5,False
5260,1,safety for babies and children,We just moved into a new house where the gas cook top knobs are at perfect height for my 20 month old.,positive,positive,positive,both_correct,22,False
5260,1,"size, dimensions and fit",We just moved into a new house where the gas cook top knobs are at perfect height for my 20 month old.,positive,positive,positive,both_correct,22,False
5260,2,product quality and performance,Snapped these babies on and she can't turn them!,positive,negative,negative,both_wrong,9,True
5260,2,safety for babies and children,Snapped these babies on and she can't turn them!,positive,negative,negative,both_wrong,9,True
5260,3,"ease of use, assembly and convenience",Easy for an adult to snap open and still use for cooking,positive,negative,negative,both_wrong,12,False
5260,3,product quality and performance,Easy for an adult to snap open and still use for cooking,positive,negative,negative,both_wrong,12,False
5294,0,product quality and performance,This CAR SEAT is quite an improvement in the the infant car seat category.,positive,positive,positive,both_correct,14,False
5294,0,safety for babies and children,This CAR SEAT is quite an improvement in the the infant car seat category.,positive,positive,positive,both_correct,14,False
5294,2,"comfort, softness and texture","And, once I placed a grandchild in it, I noticed the padding.",positive,negative,positive,bert_fixes_baseline_error,12,True
5294,2,"design, appearance and looks","And, once I placed a grandchild in it, I noticed the padding.",positive,negative,positive,bert_fixes_baseline_error,12,True
5294,3,"comfort, softness and texture",Good padding is critical.,positive,positive,positive,both_correct,4,False
5294,3,"durability, washability and longevity",Good padding is critical.,positive,positive,positive,both_correct,4,False
5294,4,product quality and performance,The second best thing here is that it separates easily from the base.,positive,negative,positive,bert_fixes_baseline_error,13,False
5294,4,"ease of use, assembly and convenience",The second best thing here is that it separates easily from the base.,positive,negative,positive,bert_fixes_baseline_error,13,False
5294,5,"ease of use, assembly and convenience","This makes it easy to carry your child in his own seat, without lugging the base around.",positive,positive,positive,both_correct,17,False
5294,5,safety for babies and children,"This makes it easy to carry your child in his own seat, without lugging the base around.",positive,positive,positive,both_correct,17,False
5294,6,product quality and performance,"I used this for my grandchild and we went into the doctor's office, easily without disrupting his sleep.",positive,negative,positive,bert_fixes_baseline_error,18,False
5294,6,"ease of use, assembly and convenience","I used this for my grandchild and we went into the doctor's office, easily without disrupting his sleep.",positive,negative,positive,bert_fixes_baseline_error,18,False
5294,7,product quality and performance,"Plus, we can take this into any other car..without lugging around the base. Another aspect of this Car Seat is that it has been tested..",positive,positive,positive,both_correct,25,True
5294,7,"durability, washability and longevity","Plus, we can take this into any other car..without lugging around the base. Another aspect of this Car Seat is that it has been tested..",positive,positive,positive,both_correct,25,True
5294,9,product quality and performance,"/>The car seat is sturdy, not heavy, and the only downside is infants grow up too quick.",negative,positive,negative,bert_fixes_baseline_error,17,True
5294,9,safety for babies and children,"/>The car seat is sturdy, not heavy, and the only downside is infants grow up too quick.",negative,positive,negative,bert_fixes_baseline_error,17,True
5294,10,"size, dimensions and fit",Therefore you need to adjust your need for a larger convertible carseat. <br,negative,negative,negative,both_correct,13,False
5294,10,safety for babies and children,Therefore you need to adjust your need for a larger convertible carseat. <br,negative,negative,negative,both_correct,13,False
5294,11,product quality and performance,"like this car seat, mainly because of the Safety construction!",positive,positive,positive,both_correct,10,False
5294,11,safety for babies and children,"like this car seat, mainly because of the Safety construction!",positive,positive,positive,both_correct,10,False
5295,0,"packaging, shipping and delivery","The Maxi-Cos, is not exacty a lightweight carrier..",negative,negative,negative,both_correct,8,True
5295,1,product quality and performance,"I find it heavy, although solid and sturdy.",positive,positive,positive,both_correct,8,True
5295,1,"durability, washability and longevity","I find it heavy, although solid and sturdy.",positive,positive,positive,both_correct,8,True
5295,3,safety for babies and children,"There are protection pads for the newborn, or a baby resting, but those don't seem too comfortable.",positive,negative,negative,both_wrong,17,True
5295,4,"size, dimensions and fit","The buckle straps are large, hard, confining.",negative,negative,negative,both_correct,7,False
5295,5,safety for babies and children,"Learn how these detach, because you don't want to make a baby uncomfortable. <br",negative,negative,negative,both_correct,14,True
5295,6,"comfort, softness and texture","/>As noted by others, the shade cover is light, and not very stiff, as it should be.",positive,negative,positive,bert_fixes_baseline_error,17,True
5295,6,product quality and performance,"/>As noted by others, the shade cover is light, and not very stiff, as it should be.",positive,negative,positive,bert_fixes_baseline_error,17,True
5295,7,"durability, washability and longevity","But, you do have some protection there.",positive,positive,positive,both_correct,7,False
5295,8,"ease of use, assembly and convenience",The carrier snaps easily.,positive,positive,positive,both_correct,4,False
5295,8,product quality and performance,The carrier snaps easily.,positive,positive,positive,both_correct,4,False
5295,9,"durability, washability and longevity",The base is solid.,positive,positive,positive,both_correct,4,False
5295,9,product quality and performance,The base is solid.,positive,positive,positive,both_correct,4,False
5295,10,product quality and performance,"It stays secure, is heavy, to prevent moving around in the car. <br",negative,positive,positive,both_wrong,13,False
5295,10,"size, dimensions and fit","It stays secure, is heavy, to prevent moving around in the car. <br",negative,positive,positive,both_wrong,13,False
5295,11,safety for babies and children,"/>Padding is sufficient, however, I guess we cannot know exactly how a baby feels.",positive,negative,negative,both_wrong,14,True
5295,11,"comfort, softness and texture","/>Padding is sufficient, however, I guess we cannot know exactly how a baby feels.",positive,negative,negative,both_wrong,14,True
5295,12,"size, dimensions and fit",There seems to be thickness where the head of the baby should rest.,negative,negative,negative,both_correct,13,False
5295,12,safety for babies and children,There seems to be thickness where the head of the baby should rest.,negative,negative,negative,both_correct,13,False
5295,13,safety for babies and children,"I have a new grand baby, and this is staying in my car for this child to grow.",positive,positive,positive,both_correct,18,False
5295,14,product quality and performance,"I haven't figured out how to remove the cover, but it is great to know it can remove for cleaning.",positive,negative,positive,bert_fixes_baseline_error,20,True
5308,0,"design, appearance and looks","Honestly, I was soo disappointed when I opened this.",negative,negative,negative,both_correct,9,False
5308,0,product quality and performance,"Honestly, I was soo disappointed when I opened this.",negative,negative,negative,both_correct,9,False
5308,1,"ease of use, assembly and convenience",The straps are loosely slid over a couple of wooden dowels.,negative,negative,negative,both_correct,11,False
5308,1,"design, appearance and looks",The straps are loosely slid over a couple of wooden dowels.,negative,negative,negative,both_correct,11,False
5308,2,product quality and performance,They immediately slid off the dowels as soon as I lifted it up to look at it.,negative,positive,negative,bert_fixes_baseline_error,17,False
5308,2,"design, appearance and looks",They immediately slid off the dowels as soon as I lifted it up to look at it.,negative,positive,negative,bert_fixes_baseline_error,17,False
5308,3,product quality and performance,The hanging rope was just in the bag with the rest.,negative,negative,negative,both_correct,11,False
5308,3,"ease of use, assembly and convenience",The hanging rope was just in the bag with the rest.,negative,negative,negative,both_correct,11,False
5308,7,"design, appearance and looks",Same with the hooks.,negative,positive,positive,both_wrong,4,False
5308,9,"ease of use, assembly and convenience",Just there. I took a hot glue gun to secure the straps to the dowels.,negative,negative,negative,both_correct,15,False
5308,10,"ease of use, assembly and convenience",Then I tied the rope to two sides of one of the dowels and hot glued that as well.,negative,negative,negative,both_correct,19,False
5308,10,"design, appearance and looks",Then I tied the rope to two sides of one of the dowels and hot glued that as well.,negative,negative,negative,both_correct,19,False
5308,11,product quality and performance,It's functional now.,positive,positive,positive,both_correct,3,False
5308,11,"ease of use, assembly and convenience",It's functional now.,positive,positive,positive,both_correct,3,False
5308,12,"price, cost and value for money",It felt like an overpriced DIY kit that you buy at Michaels.,negative,positive,negative,bert_fixes_baseline_error,12,False
5308,13,product quality and performance,"Seriously, not impressed and would never buy as a gift for someone else.",negative,negative,negative,both_correct,13,True
5308,13,"design, appearance and looks","Seriously, not impressed and would never buy as a gift for someone else.",negative,negative,negative,both_correct,13,True
5347,0,safety for babies and children,This diaper bag backpack made a great gift for an expecting friend.,positive,positive,positive,both_correct,12,False
5347,0,"design, appearance and looks",This diaper bag backpack made a great gift for an expecting friend.,positive,positive,positive,both_correct,12,False
5347,1,product quality and performance,"It's very well-designed, able to accommodate everything needed, and has cool and useful features like the external USB charging input and the easy-access tissue pocket.",positive,positive,positive,both_correct,25,False
5347,1,"ease of use, assembly and convenience","It's very well-designed, able to accommodate everything needed, and has cool and useful features like the external USB charging input and the easy-access tissue pocket.",positive,positive,positive,both_correct,25,False
5347,2,"design, appearance and looks",The bag also looks great.,positive,positive,positive,both_correct,5,False
5347,2,product quality and performance,The bag also looks great.,positive,positive,positive,both_correct,5,False
5358,0,product quality and performance,It was perfect.,positive,positive,positive,both_correct,3,False
5358,0,"comfort, softness and texture",It was perfect.,positive,positive,positive,both_correct,3,False
5358,1,"size, dimensions and fit",You can make it small to little bigger,negative,negative,positive,bert_introduces_new_error,8,False
5358,2,"ease of use, assembly and convenience",and it easy to put together.,positive,positive,positive,both_correct,6,False
5358,2,"design, appearance and looks",and it easy to put together.,positive,positive,positive,both_correct,6,False
5392,0,product quality and performance,Huggies (Special Delivery) is a brand that I used when my teens were kids.,positive,positive,positive,both_correct,14,False
5392,0,"comfort, softness and texture",Huggies (Special Delivery) is a brand that I used when my teens were kids.,positive,positive,positive,both_correct,14,False
5392,0,"packaging, shipping and delivery",Huggies (Special Delivery) is a brand that I used when my teens were kids.,positive,positive,positive,both_correct,14,False
5392,1,product quality and performance,"Traditionally Huggies fit well, provide great coverage, no irritation and no leaks.",positive,positive,positive,both_correct,12,True
5392,1,"comfort, softness and texture","Traditionally Huggies fit well, provide great coverage, no irritation and no leaks.",positive,positive,positive,both_correct,12,True
5392,1,"size, dimensions and fit","Traditionally Huggies fit well, provide great coverage, no irritation and no leaks.",positive,positive,positive,both_correct,12,True
5392,2,"design, appearance and looks",I ordered these off my Vine list to make a diaper cake (cuter than just wrapping up a box of diapers) for an upcoming baby shower.,positive,negative,positive,bert_fixes_baseline_error,26,False
5392,4,"design, appearance and looks","They are perfect for sensitive bottoms, and did I mention they have cute designs.",positive,positive,positive,both_correct,14,False
5392,4,"comfort, softness and texture","They are perfect for sensitive bottoms, and did I mention they have cute designs.",positive,positive,positive,both_correct,14,False
5392,5,safety for babies and children,Hopefully the new mother will come to have the same trust and confidence in Huggies that I have.,positive,positive,positive,both_correct,18,False
5392,5,product quality and performance,Hopefully the new mother will come to have the same trust and confidence in Huggies that I have.,positive,positive,positive,both_correct,18,False
5398,0,product quality and performance,"These didn't even stay ""stuck"" for 30 mins.",negative,negative,negative,both_correct,8,True
5398,0,"design, appearance and looks","These didn't even stay ""stuck"" for 30 mins.",negative,negative,negative,both_correct,8,True
5398,1,product quality and performance,"They're falling off the wall and peeling off, nothing makes them stay.",negative,negative,negative,both_correct,12,True
5398,2,"packaging, shipping and delivery",Very disappointing as I already got rid of the packaging.,negative,negative,negative,both_correct,10,False
5407,0,product quality and performance,"Product came on time, all items in one box. Pros: durable, easy to clean, flexible and attractive to babies.",positive,positive,positive,both_correct,19,False
5407,0,"ease of use, assembly and convenience","Product came on time, all items in one box. Pros: durable, easy to clean, flexible and attractive to babies.",positive,positive,positive,both_correct,19,False
5407,0,"durability, washability and longevity","Product came on time, all items in one box. Pros: durable, easy to clean, flexible and attractive to babies.",positive,positive,positive,both_correct,19,False
5407,0,"packaging, shipping and delivery","Product came on time, all items in one box. Pros: durable, easy to clean, flexible and attractive to babies.",positive,positive,positive,both_correct,19,False
5407,1,product quality and performance,The bib is wonderful!,positive,positive,positive,both_correct,4,False
5407,1,"design, appearance and looks",The bib is wonderful!,positive,positive,positive,both_correct,4,False
5407,2,product quality and performance,We love it!,positive,positive,positive,both_correct,3,False
5407,2,"design, appearance and looks",We love it!,positive,positive,positive,both_correct,3,False
5407,3,safety for babies and children,"The utensils are pretty good, but not for babies with small mouths: the spoon is very wide and hard for my baby to get in her mouth. <br",negative,negative,negative,both_correct,28,True
5407,3,product quality and performance,"The utensils are pretty good, but not for babies with small mouths: the spoon is very wide and hard for my baby to get in her mouth. <br",negative,negative,negative,both_correct,28,True
5407,3,"size, dimensions and fit","The utensils are pretty good, but not for babies with small mouths: the spoon is very wide and hard for my baby to get in her mouth. <br",negative,negative,negative,both_correct,28,True
5407,4,safety for babies and children,"/>Cons: The suction doesn't hold, my baby almost dumped the food all over the floor.",negative,negative,negative,both_correct,15,True
5407,4,product quality and performance,"/>Cons: The suction doesn't hold, my baby almost dumped the food all over the floor.",negative,negative,negative,both_correct,15,True
5407,5,product quality and performance,I tried several times and each time she took it off.,negative,negative,negative,both_correct,11,False
5407,5,customer service and seller support,I tried several times and each time she took it off.,negative,negative,negative,both_correct,11,False
5407,6,product quality and performance,"The spoon is wide and hard for small babies to put in their mouths. Not a bad product overall, have use it several times and like it for the most part.",positive,positive,positive,both_correct,31,True
5407,6,"size, dimensions and fit","The spoon is wide and hard for small babies to put in their mouths. Not a bad product overall, have use it several times and like it for the most part.",positive,positive,positive,both_correct,31,True
5416,0,"price, cost and value for money",Good for the money.,positive,positive,positive,both_correct,4,False
5416,0,product quality and performance,Good for the money.,positive,positive,positive,both_correct,4,False
5440,0,"design, appearance and looks",I wanted a very openly woven cover to hold another filter in place on the back of the fan .,negative,negative,negative,both_correct,20,True
5440,0,"comfort, softness and texture",I wanted a very openly woven cover to hold another filter in place on the back of the fan .,negative,negative,negative,both_correct,20,True
5452,1,product quality and performance,It does not spin and rather cheaply made.,negative,negative,negative,both_correct,8,True
5452,1,"price, cost and value for money",It does not spin and rather cheaply made.,negative,negative,negative,both_correct,8,True
5470,0,product quality and performance,My grandson has used this and loves it..,positive,positive,positive,both_correct,8,False
5470,1,product quality and performance,He loves to aim for the red spinner so that he can make it go around.,positive,positive,positive,both_correct,16,False
5470,2,"size, dimensions and fit",Just make sure you pay CLOSE ATTENTION to sizes.,positive,negative,positive,bert_fixes_baseline_error,9,False
5470,2,safety for babies and children,Just make sure you pay CLOSE ATTENTION to sizes.,positive,negative,positive,bert_fixes_baseline_error,9,False
5470,3,"size, dimensions and fit",The first one I bought for a friend was a larger size from a different company.,positive,positive,positive,both_correct,16,False
5470,3,"price, cost and value for money",The first one I bought for a friend was a larger size from a different company.,positive,positive,positive,both_correct,16,False
5470,4,product quality and performance,"The second was just as good of quality, but was on a much smaller scale.",negative,negative,negative,both_correct,15,True
5473,0,"design, appearance and looks",This was a lot more hair ties than I realized it was going to have!,positive,negative,negative,both_wrong,15,False
5473,1,"design, appearance and looks",Lots of colors and perfect for my 2 year olds long thick hair.,positive,positive,positive,both_correct,13,False
5473,1,product quality and performance,Lots of colors and perfect for my 2 year olds long thick hair.,positive,positive,positive,both_correct,13,False
5473,2,product quality and performance,"They stay in well for pony tails, we use the color rubber bands for braids though.",positive,positive,positive,both_correct,16,False
5473,2,"durability, washability and longevity","They stay in well for pony tails, we use the color rubber bands for braids though.",positive,positive,positive,both_correct,16,False
5473,2,"design, appearance and looks","They stay in well for pony tails, we use the color rubber bands for braids though.",positive,positive,positive,both_correct,16,False
5490,0,product quality and performance,I used this for rain and wind.,negative,negative,negative,both_correct,7,False
5490,1,safety for babies and children,"If it's warm and raining it does keep in the heat, also if it's sunny and cool but windy, it could get warm inside for baby so be mindful that the plastic holds in heat.",positive,positive,positive,both_correct,35,True
5490,2,product quality and performance,"Otherwise, it does have vents to let air in and it works perfect for what it's intended for!",positive,positive,positive,both_correct,18,False
5494,0,"ease of use, assembly and convenience","Stores away easily, great for camping or sleepovers or traveling to in-laws :) Also works for hanging out in the living room since it folds away easily.",negative,positive,negative,bert_fixes_baseline_error,27,False
5494,0,product quality and performance,"Stores away easily, great for camping or sleepovers or traveling to in-laws :) Also works for hanging out in the living room since it folds away easily.",negative,positive,negative,bert_fixes_baseline_error,27,False
5530,0,product quality and performance,Not the best material (a little flimsy).,negative,negative,negative,both_correct,7,True
5530,1,product quality and performance,But otherwise good!,positive,positive,positive,both_correct,3,True
5549,0,product quality and performance,Used this on our trip from TX to CA.,negative,negative,positive,bert_introduces_new_error,9,False
5549,0,"price, cost and value for money",Used this on our trip from TX to CA.,negative,negative,positive,bert_introduces_new_error,9,False
5549,1,"ease of use, assembly and convenience",Was well worth it when flying to have it all in one bag.,positive,positive,positive,both_correct,13,False
5549,1,"price, cost and value for money",Was well worth it when flying to have it all in one bag.,positive,positive,positive,both_correct,13,False
5549,2,product quality and performance,We did use it as a regular checked bag and not gate check and the bag held up very well.,positive,positive,positive,both_correct,20,True
5549,2,"durability, washability and longevity",We did use it as a regular checked bag and not gate check and the bag held up very well.,positive,positive,positive,both_correct,20,True
5553,0,product quality and performance,Awesome and definitely a must have for baby!,positive,positive,positive,both_correct,8,False
5553,0,"design, appearance and looks",Awesome and definitely a must have for baby!,positive,positive,positive,both_correct,8,False
5553,1,product quality and performance,Only thing for me personally is I need to figure out how to keep it clean from hard water- the heating element and bottom part of the sanitizer is stained.,negative,negative,negative,both_correct,30,False
5553,2,"size, dimensions and fit","Also, I have the Dr. Brown bottles and sadly the 8oz bottles don't fit standing up.",negative,negative,negative,both_correct,16,True
5553,2,safety for babies and children,"Also, I have the Dr. Brown bottles and sadly the 8oz bottles don't fit standing up.",negative,negative,negative,both_correct,16,True
5562,0,safety for babies and children,My niece was still pregnant when I ordered these for her,negative,negative,negative,both_correct,11,False
5562,0,"design, appearance and looks",My niece was still pregnant when I ordered these for her,negative,negative,negative,both_correct,11,False
5562,1,product quality and performance,but she said they are exactly right.,positive,positive,positive,both_correct,7,True
5562,1,"design, appearance and looks",but she said they are exactly right.,positive,positive,positive,both_correct,7,True
5562,2,product quality and performance,Now she's actually using them and says they are better than she expected.,positive,positive,positive,both_correct,13,False
5562,2,"ease of use, assembly and convenience",Now she's actually using them and says they are better than she expected.,positive,positive,positive,both_correct,13,False
5562,3,product quality and performance,They hold up nicely and do the job.,positive,positive,positive,both_correct,8,False
5562,3,"durability, washability and longevity",They hold up nicely and do the job.,positive,positive,positive,both_correct,8,False
5564,0,safety for babies and children,Not sure why our kids suddenly don't like water in their faces (it's okay in the pool but not the tub??),negative,negative,negative,both_correct,21,True
5564,1,product quality and performance,but these were a surprising winner.,positive,positive,positive,both_correct,6,True
5564,1,"design, appearance and looks",but these were a surprising winner.,positive,positive,positive,both_correct,6,True
5564,2,product quality and performance,"All of them 5, 3 and 1 loved having them, they were fun to use and the fact that they came in different colors means they all have their own.",positive,positive,positive,both_correct,30,False
5564,2,"design, appearance and looks","All of them 5, 3 and 1 loved having them, they were fun to use and the fact that they came in different colors means they all have their own.",positive,positive,positive,both_correct,30,False
5564,3,"size, dimensions and fit",It's almost too small for my 5 year old,negative,negative,negative,both_correct,9,False
5564,3,safety for babies and children,It's almost too small for my 5 year old,negative,negative,negative,both_correct,9,False
5564,6,product quality and performance,They made taking a bath fun again and that's a winner for me too.,positive,positive,positive,both_correct,14,False
5564,6,"comfort, softness and texture",They made taking a bath fun again and that's a winner for me too.,positive,positive,positive,both_correct,14,False
5572,0,safety for babies and children,"Our one year old is just starting to eat regular food at the table and she's still at the stage where as much goes inside as ends up on her face, in her hair, on the floor, on the chair (you get the idea).",positive,negative,negative,both_wrong,44,False
5572,1,product quality and performance,This has been a wonderful addition.,positive,positive,positive,both_correct,6,False
5572,1,"ease of use, assembly and convenience",This has been a wonderful addition.,positive,positive,positive,both_correct,6,False
5572,2,product quality and performance,We just put this one and drape it over everything within reach and it catches most of the mess.,negative,positive,negative,bert_fixes_baseline_error,19,False
5572,2,"ease of use, assembly and convenience",We just put this one and drape it over everything within reach and it catches most of the mess.,negative,positive,negative,bert_fixes_baseline_error,19,False
5572,3,"ease of use, assembly and convenience",It's easy to shake out and wash and really saves a lot of cleanup time.,positive,positive,positive,both_correct,15,False
5572,3,product quality and performance,It's easy to shake out and wash and really saves a lot of cleanup time.,positive,positive,positive,both_correct,15,False
5572,3,"durability, washability and longevity",It's easy to shake out and wash and really saves a lot of cleanup time.,positive,positive,positive,both_correct,15,False
5572,4,"comfort, softness and texture",Mom's new best friend.,positive,positive,positive,both_correct,4,False
5572,4,"ease of use, assembly and convenience",Mom's new best friend.,positive,positive,positive,both_correct,4,False
5576,0,"durability, washability and longevity",This has held up wonderfully to baby and laundry.,positive,positive,positive,both_correct,9,False
5576,0,product quality and performance,This has held up wonderfully to baby and laundry.,positive,positive,positive,both_correct,9,False
5576,1,"ease of use, assembly and convenience",The baby no longer needs the swaddling but it was handy to have in the early days and pretty easy to get the baby into and out of it.,positive,positive,positive,both_correct,29,True
5576,1,product quality and performance,The baby no longer needs the swaddling but it was handy to have in the early days and pretty easy to get the baby into and out of it.,positive,positive,positive,both_correct,29,True
5576,2,product quality and performance,It did launder well and stayed soft without pilling.,positive,positive,positive,both_correct,9,False
5576,2,"durability, washability and longevity",It did launder well and stayed soft without pilling.,positive,positive,positive,both_correct,9,False
5576,2,"comfort, softness and texture",It did launder well and stayed soft without pilling.,positive,positive,positive,both_correct,9,False
5582,0,product quality and performance,This is a great size and all in one easy to use.,positive,positive,positive,both_correct,12,False
5582,0,"ease of use, assembly and convenience",This is a great size and all in one easy to use.,positive,positive,positive,both_correct,12,False
5582,1,product quality and performance,It's great for traveling and in fact stays in the car for 'trips' that turn out to be longer than expected.,positive,positive,positive,both_correct,21,False
5582,1,"durability, washability and longevity",It's great for traveling and in fact stays in the car for 'trips' that turn out to be longer than expected.,positive,positive,positive,both_correct,21,False
5582,2,"ease of use, assembly and convenience",Very handy to have.,positive,positive,positive,both_correct,4,False
5582,2,product quality and performance,Very handy to have.,positive,positive,positive,both_correct,4,False
5582,3,"durability, washability and longevity",Folds up small and has gotten a lot of use.,negative,positive,negative,bert_fixes_baseline_error,10,False
5582,3,product quality and performance,Folds up small and has gotten a lot of use.,negative,positive,positive,both_wrong,10,False
5582,3,"size, dimensions and fit",Folds up small and has gotten a lot of use.,negative,negative,negative,both_correct,10,False
5582,4,"durability, washability and longevity",Still holding up after one baby is out of diapers and another is still in.,positive,positive,positive,both_correct,15,True
5582,4,product quality and performance,Still holding up after one baby is out of diapers and another is still in.,positive,positive,positive,both_correct,15,True
5595,0,product quality and performance,This has held up well.,positive,positive,positive,both_correct,5,False
5595,0,"durability, washability and longevity",This has held up well.,positive,positive,positive,both_correct,5,False
5595,1,safety for babies and children,We've got a new baby and have put it back into use.,positive,negative,negative,both_wrong,12,False
5595,2,product quality and performance,It worked fine with the last one,positive,positive,positive,both_correct,7,False
5595,3,"size, dimensions and fit",but she was a bit older and the pockets seemed to be too small to hold everything.,negative,negative,negative,both_correct,17,True
5595,3,product quality and performance,but she was a bit older and the pockets seemed to be too small to hold everything.,negative,negative,negative,both_correct,17,True
5595,4,safety for babies and children,This is a newborn and the things are smaller,negative,positive,negative,bert_fixes_baseline_error,9,False
5595,4,"size, dimensions and fit",This is a newborn and the things are smaller,negative,positive,negative,bert_fixes_baseline_error,9,False
5595,5,product quality and performance,so I'm getting more use out of it for now.,negative,negative,negative,both_correct,10,False
5595,5,"ease of use, assembly and convenience",so I'm getting more use out of it for now.,negative,negative,negative,both_correct,10,False
5595,7,safety for babies and children,I think it would be fine for a newborn,negative,positive,positive,both_wrong,9,False
5595,7,"comfort, softness and texture",I think it would be fine for a newborn,negative,positive,positive,both_wrong,9,False
5595,8,"size, dimensions and fit","but once they start needing anything larger than a few months, it might be too small for your needs.",negative,negative,negative,both_correct,19,True
5595,9,product quality and performance,I'm on the second baby with this so that's saying a lot for it's durability.,positive,positive,positive,both_correct,15,False
5595,9,"durability, washability and longevity",I'm on the second baby with this so that's saying a lot for it's durability.,positive,positive,positive,both_correct,15,False
5596,1,product quality and performance,They seemed to work fine,positive,positive,positive,both_correct,5,False
5596,1,"ease of use, assembly and convenience",They seemed to work fine,positive,positive,positive,both_correct,5,False
5596,3,"comfort, softness and texture",but I'm staying with cloth.,negative,positive,negative,bert_fixes_baseline_error,5,True
5596,3,"durability, washability and longevity",but I'm staying with cloth.,negative,positive,negative,bert_fixes_baseline_error,5,True
5597,0,product quality and performance,Ladybug seat: perfect!,positive,positive,positive,both_correct,3,False
5597,0,"comfort, softness and texture",Ladybug seat: perfect!,positive,positive,positive,both_correct,3,False
5597,1,"design, appearance and looks",Kids love it.,positive,positive,positive,both_correct,3,False
5597,1,product quality and performance,Kids love it.,positive,positive,positive,both_correct,3,False
5597,2,safety for babies and children,Keeps toddler in place.,positive,positive,positive,both_correct,4,False
5597,2,"comfort, softness and texture",Keeps toddler in place.,positive,positive,positive,both_correct,4,False
5597,3,product quality and performance,Easy to use and easy to clean.,positive,positive,positive,both_correct,7,False
5597,3,"durability, washability and longevity",Easy to use and easy to clean.,positive,positive,positive,both_correct,7,False
5597,3,"ease of use, assembly and convenience",Easy to use and easy to clean.,positive,positive,positive,both_correct,7,False
5621,0,product quality and performance,My daughter isn't really interested in this toy but it is just as expected.,positive,positive,negative,bert_introduces_new_error,14,True
5621,1,"comfort, softness and texture",Light weight and cool.,positive,positive,positive,both_correct,4,False
5621,1,"design, appearance and looks",Light weight and cool.,positive,positive,positive,both_correct,4,False
5628,1,"design, appearance and looks","From cups with straws in them to portable drinking cups to use on the go, I have a lot of need for uniquely shaped cleaning brushes.",negative,negative,negative,both_correct,26,False
5628,2,product quality and performance,How did this work out for me? <br,negative,positive,positive,both_wrong,8,False
5628,3,"comfort, softness and texture",/>WHAT IS THIS BRUSH LIKE? This brush is a combination of silicone/rubbery pieces and brush bristles.,negative,positive,negative,bert_fixes_baseline_error,16,False
5628,4,"design, appearance and looks","On the back which is slightly curved, there are little bumps to help clean off debris from the sides of the cups inside and out.",negative,negative,negative,both_correct,25,False
5628,4,product quality and performance,"On the back which is slightly curved, there are little bumps to help clean off debris from the sides of the cups inside and out.",negative,negative,negative,both_correct,25,False
5628,6,"comfort, softness and texture",/>The bristles are soft and interspersed with three gray rubbery plastic paddles that help to clean things that need a bit more oomph.,negative,negative,negative,both_correct,23,False
5628,6,product quality and performance,/>The bristles are soft and interspersed with three gray rubbery plastic paddles that help to clean things that need a bit more oomph.,negative,negative,negative,both_correct,23,False
5628,7,"ease of use, assembly and convenience",There is a twist off cap on the bottom with a suction cup on it for standing it upright on the counter.,negative,negative,negative,both_correct,22,False
5628,7,"design, appearance and looks",There is a twist off cap on the bottom with a suction cup on it for standing it upright on the counter.,negative,negative,negative,both_correct,22,False
5628,8,"design, appearance and looks",That part has a little ribbed part which is good to clean straws from the cups. <br,positive,positive,positive,both_correct,17,False
5628,8,"comfort, softness and texture",That part has a little ribbed part which is good to clean straws from the cups. <br,positive,positive,positive,both_correct,17,False
5628,9,product quality and performance,/>HOW DID THIS BRUSH PERFORM? This brush was helpful.,positive,positive,positive,both_correct,9,False
5628,10,product quality and performance,I find that the gray parts really do help clean areas that brushes don't always get to.,negative,positive,positive,both_wrong,17,True
5628,12,product quality and performance,I have another bottle brush that is stiffer that I tend to reach for more often.,negative,negative,negative,both_correct,16,True
5628,12,"design, appearance and looks",I have another bottle brush that is stiffer that I tend to reach for more often.,negative,negative,negative,both_correct,16,True
5628,13,product quality and performance,I do use the curved part and the nubby part to clean parts of my juicer which helps and I find that the crevices are better cleaned with the curved part on this brush too.,negative,negative,negative,both_correct,35,False
5628,14,product quality and performance,"The straw cleaner is nice but not too long, so a longer straw might not be able to be cleaned all of the way through from both ends, but I find that it works well enough for me if I clean them soon after being dirty. THE",positive,positive,positive,both_correct,47,True
5628,15,"ease of use, assembly and convenience","BOTTOM LINE For easy storage, this suction cup brush stands upright on the counter or sink edge.",negative,negative,negative,both_correct,17,False
5628,15,product quality and performance,"BOTTOM LINE For easy storage, this suction cup brush stands upright on the counter or sink edge.",negative,negative,negative,both_correct,17,False
5628,16,product quality and performance,"It has parts which clean lips, crevices, and sides of cups and thermoses.",positive,positive,positive,both_correct,13,False
5628,16,"design, appearance and looks","It has parts which clean lips, crevices, and sides of cups and thermoses.",positive,positive,positive,both_correct,13,False
5628,17,product quality and performance,"The brush is a bit too soft to clean as well as my other bottle brush, but the rubbery parts do help it some",negative,positive,positive,both_wrong,24,True
5628,17,"comfort, softness and texture","The brush is a bit too soft to clean as well as my other bottle brush, but the rubbery parts do help it some",negative,positive,positive,both_wrong,24,True
5628,18,product quality and performance,so it is still a nice brush. MY RATING Four stars.,positive,positive,positive,both_correct,11,False
5628,19,product quality and performance,"I would like to see the bristles a little stiffer for easier cleaning, but this still is a versatile nice brush system.",positive,positive,positive,both_correct,22,True
5630,0,safety for babies and children,I have used natural products for all of our children since before they were popular like they are now.,positive,negative,positive,bert_fixes_baseline_error,19,False
5630,0,"durability, washability and longevity",I have used natural products for all of our children since before they were popular like they are now.,positive,negative,positive,bert_fixes_baseline_error,19,False
5630,1,"comfort, softness and texture",One of the most handy things to have is a nice natural oil to use for massage on soft baby skin.,positive,positive,positive,both_correct,21,False
5630,2,product quality and performance,Sleepy Bubs is a great quality option to use with great fragrance. WHAT,positive,positive,positive,both_correct,13,False
5630,4,product quality and performance,"The container is a good quality plastic which does not appear to be subjected to the problems often associated with oil in a thin plastic container- warping, leaking, etc.",positive,positive,positive,both_correct,29,True
5630,4,"durability, washability and longevity","The container is a good quality plastic which does not appear to be subjected to the problems often associated with oil in a thin plastic container- warping, leaking, etc.",positive,positive,positive,both_correct,29,True
5630,5,safety for babies and children,"The container sits pretty well on a flat surface, but can be easily tipped as is often the case with squirmy babies.",negative,positive,negative,bert_fixes_baseline_error,22,True
5630,5,product quality and performance,"The container sits pretty well on a flat surface, but can be easily tipped as is often the case with squirmy babies.",negative,positive,negative,bert_fixes_baseline_error,22,True
5630,6,product quality and performance,"It is pretty solid, however, so it appears that this was kept in mind when designed.",positive,positive,positive,both_correct,16,True
5630,6,"design, appearance and looks","It is pretty solid, however, so it appears that this was kept in mind when designed.",positive,positive,positive,both_correct,16,True
5630,7,"design, appearance and looks",The top is a pretty solid clear plastic top which fits firmly on the container.,positive,positive,positive,both_correct,15,False
5630,7,product quality and performance,The top is a pretty solid clear plastic top which fits firmly on the container.,positive,positive,positive,both_correct,15,False
5630,7,"size, dimensions and fit",The top is a pretty solid clear plastic top which fits firmly on the container.,positive,positive,positive,both_correct,15,False
5630,8,safety for babies and children,This is important because if you plan to toss this into a baby bag for travel.,positive,negative,negative,both_wrong,16,False
5630,8,"design, appearance and looks",This is important because if you plan to toss this into a baby bag for travel.,positive,negative,negative,both_wrong,16,False
5630,9,safety for babies and children,You don't want to have the lid come off and oil go all over your baby bag. <br,negative,negative,negative,both_correct,18,True
5630,9,"durability, washability and longevity",You don't want to have the lid come off and oil go all over your baby bag. <br,negative,negative,negative,both_correct,18,True
5630,11,product quality and performance,The oil does come out in a stream and a little goes a long way.,positive,negative,negative,both_wrong,15,False
5630,12,product quality and performance,"When your hands are covered in oil, you should still be able to grip the container and spray nozzle without a problem. <br",positive,positive,positive,both_correct,23,False
5630,12,"durability, washability and longevity","When your hands are covered in oil, you should still be able to grip the container and spray nozzle without a problem. <br",positive,positive,positive,both_correct,23,False
5630,13,product quality and performance,/>WHAT IS THE OIL LIKE? With,negative,positive,positive,both_wrong,6,False
5630,14,product quality and performance,"all natural oils in the container, this massage oil smells nice, but is not as intense as I expected it to be.",negative,negative,negative,both_correct,22,True
5630,15,safety for babies and children,"Babies are more sensitive to things that adults, so this is actually a good thing.",positive,positive,positive,both_correct,15,False
5630,16,product quality and performance,The oil itself is lightweight and does absorb into the skin rather quickly.,positive,negative,positive,bert_fixes_baseline_error,13,False
5630,16,"comfort, softness and texture",The oil itself is lightweight and does absorb into the skin rather quickly.,positive,negative,positive,bert_fixes_baseline_error,13,False
5630,17,product quality and performance,It does not sit there and leave the skin greasy and slick for very long at all. <br,negative,negative,negative,both_correct,18,True
5630,17,"durability, washability and longevity",It does not sit there and leave the skin greasy and slick for very long at all. <br,negative,negative,negative,both_correct,18,True
5630,19,product quality and performance,It seems well balanced and just enough to give a warm feeling for relaxation but not cause gagging to those sensitive to strong smells. HOW DOES THE OIL PERFORM? This oil sinks into the skin pretty quickly and leaves the skin soft and protected.,positive,positive,positive,both_correct,44,True
5630,19,"comfort, softness and texture",It seems well balanced and just enough to give a warm feeling for relaxation but not cause gagging to those sensitive to strong smells. HOW DOES THE OIL PERFORM? This oil sinks into the skin pretty quickly and leaves the skin soft and protected.,positive,positive,positive,both_correct,44,True
5630,20,"comfort, softness and texture","Not only will it help baby to be relaxed and have a quiet bonding moment with a parent or guardian using it as a gentle massage, but it also protects the skin nicely from becoming dry during the night or day. It does bring about a mild relaxed feeling when used, which of course depends on each individual child or adult in question. This oil can also be used by adults and is very effective to bring about rest, especially when used on the feet and up near the head area.",positive,positive,positive,both_correct,91,True
5630,21,"durability, washability and longevity",A little does go a long way so you have to be careful not to apply too much. THE,negative,negative,negative,both_correct,19,True
5630,22,"ease of use, assembly and convenience","BOTTOM LINE Designed well to fit in diaper bag, by the changing table, or on any dresser top, this oil comes in a sturdy container that is well designed.",positive,positive,positive,both_correct,29,False
5630,22,"design, appearance and looks","BOTTOM LINE Designed well to fit in diaper bag, by the changing table, or on any dresser top, this oil comes in a sturdy container that is well designed.",positive,positive,positive,both_correct,29,False
5630,22,"size, dimensions and fit","BOTTOM LINE Designed well to fit in diaper bag, by the changing table, or on any dresser top, this oil comes in a sturdy container that is well designed.",positive,positive,positive,both_correct,29,False
5630,23,"ease of use, assembly and convenience","With a pump on top, this container allows you to put a little bit on at a time without having to risk spillage should you drop the container.",positive,negative,positive,bert_fixes_baseline_error,28,False
5630,23,product quality and performance,"With a pump on top, this container allows you to put a little bit on at a time without having to risk spillage should you drop the container.",positive,negative,positive,bert_fixes_baseline_error,28,False
5630,24,"comfort, softness and texture","Pretty easy to hold even when hands are a bit oiled, this product is easy to use on a squirmy baby as well as on adults who desire a pleasant restful sleep.",positive,positive,positive,both_correct,32,False
5630,24,"ease of use, assembly and convenience","Pretty easy to hold even when hands are a bit oiled, this product is easy to use on a squirmy baby as well as on adults who desire a pleasant restful sleep.",positive,negative,positive,bert_fixes_baseline_error,32,False
5630,25,"comfort, softness and texture",The fragrance is not overpowering and the oil leaves the skin very soft and moisturized. I,positive,positive,positive,both_correct,16,True
5630,25,product quality and performance,The fragrance is not overpowering and the oil leaves the skin very soft and moisturized. I,positive,negative,positive,bert_fixes_baseline_error,16,True
5630,26,product quality and performance,give this five stars.,positive,positive,positive,both_correct,4,False
5630,26,"ease of use, assembly and convenience",give this five stars.,positive,positive,positive,both_correct,4,False
5630,27,product quality and performance,It is an excellent product to have on hand for babies or adults.,positive,positive,positive,both_correct,13,False
5630,27,"comfort, softness and texture",It is an excellent product to have on hand for babies or adults.,positive,positive,positive,both_correct,13,False
5630,28,safety for babies and children,"My daughter plans to keep one in her babysitting bag to use when babies and toddlers get restless at bedtime (with parents' permission, of course).",negative,negative,negative,both_correct,25,False
5637,0,"price, cost and value for money",This is a bargain.,negative,positive,positive,both_wrong,4,False
5637,1,"ease of use, assembly and convenience","The eight drawers are deep and easily accommodate a stack of shirts, toys, or medium sized items.",positive,negative,negative,both_wrong,17,False
5637,1,"size, dimensions and fit","The eight drawers are deep and easily accommodate a stack of shirts, toys, or medium sized items.",positive,negative,positive,bert_fixes_baseline_error,17,False
5637,2,"ease of use, assembly and convenience","The unit is very easy to assemble, took about 20 minutes by myself.",negative,negative,negative,both_correct,13,False
5637,2,product quality and performance,"The unit is very easy to assemble, took about 20 minutes by myself.",negative,negative,negative,both_correct,13,False
5637,4,"ease of use, assembly and convenience","It's simple, yet very useful -- very attractive and easily fits in my closet to help organize my room.",positive,positive,positive,both_correct,19,False
5637,4,"design, appearance and looks","It's simple, yet very useful -- very attractive and easily fits in my closet to help organize my room.",positive,positive,positive,both_correct,19,False
5637,4,"size, dimensions and fit","It's simple, yet very useful -- very attractive and easily fits in my closet to help organize my room.",positive,positive,positive,both_correct,19,False
5637,5,product quality and performance,It's great.,positive,positive,positive,both_correct,2,False
5637,5,"design, appearance and looks",It's great.,positive,positive,positive,both_correct,2,False
5646,0,"design, appearance and looks","I ordered a 'Kids Dinosaur Night Light,Cute Color Changing Nursery Night Light with Remote Control and Touch Sensor,USB Rechargeable LED Bedside Nursery Lamp for Boy's and Girls' Room' for review.",positive,positive,negative,bert_introduces_new_error,30,False
5646,1,"design, appearance and looks",This little dinosaur lamp is super cute.,positive,positive,positive,both_correct,7,False
5646,2,"ease of use, assembly and convenience",It is touch sensitive so you can tap it to change the color or turn it off.,positive,positive,positive,both_correct,17,False
5646,2,"design, appearance and looks",It is touch sensitive so you can tap it to change the color or turn it off.,positive,positive,positive,both_correct,17,False
5646,3,product quality and performance,It changes colors and turns on and off with the remote.,negative,positive,negative,bert_fixes_baseline_error,11,False
5646,3,"design, appearance and looks",It changes colors and turns on and off with the remote.,negative,positive,negative,bert_fixes_baseline_error,11,False
5646,6,product quality and performance,"Overall, great lamp/nightlight for a child's room.",positive,positive,positive,both_correct,7,False
5646,6,"design, appearance and looks","Overall, great lamp/nightlight for a child's room.",positive,positive,positive,both_correct,7,False
5674,1,product quality and performance,The tray is a little finicky to slide on and off.,negative,negative,negative,both_correct,11,False
5674,1,"design, appearance and looks",The tray is a little finicky to slide on and off.,negative,negative,negative,both_correct,11,False
5674,2,safety for babies and children,My baby 8 month old is in the 50% percentile for height so I stick a folded blanket under her.,negative,negative,negative,both_correct,20,False
5674,2,"comfort, softness and texture",My baby 8 month old is in the 50% percentile for height so I stick a folded blanket under her.,negative,negative,negative,both_correct,20,False
5674,3,"size, dimensions and fit",If I didn't she would be too short.,negative,negative,negative,both_correct,8,True
5674,3,"design, appearance and looks",If I didn't she would be too short.,negative,negative,negative,both_correct,8,True
5692,0,product quality and performance,What a great car seat!,positive,positive,positive,both_correct,5,False
5692,0,safety for babies and children,What a great car seat!,positive,positive,positive,both_correct,5,False
5692,2,"ease of use, assembly and convenience",It's easy for someone like me to understand and install the seat properly,negative,negative,negative,both_correct,13,False
5692,2,product quality and performance,It's easy for someone like me to understand and install the seat properly,negative,negative,negative,both_correct,13,False
5692,3,safety for babies and children,and I know my Grandchild is safe.,positive,positive,positive,both_correct,7,False
5692,3,product quality and performance,and I know my Grandchild is safe.,positive,positive,positive,both_correct,7,False
5692,4,"ease of use, assembly and convenience",He is comfortable and it's easy to get him in and take him out of this seat.,positive,positive,positive,both_correct,17,False
5692,4,product quality and performance,He is comfortable and it's easy to get him in and take him out of this seat.,positive,positive,positive,both_correct,17,False
5692,4,"comfort, softness and texture",He is comfortable and it's easy to get him in and take him out of this seat.,positive,positive,positive,both_correct,17,False
5692,5,safety for babies and children,This is the car seat to get.,positive,positive,positive,both_correct,7,False
5692,5,product quality and performance,This is the car seat to get.,positive,positive,positive,both_correct,7,False
5694,0,product quality and performance,These are a great alternative to the more well known brands.,positive,positive,positive,both_correct,11,False
5694,0,"price, cost and value for money",These are a great alternative to the more well known brands.,positive,positive,positive,both_correct,11,False
5694,1,"comfort, softness and texture","They fit great, they hold the emissions and are very soft.",positive,positive,positive,both_correct,11,False
5694,1,product quality and performance,"They fit great, they hold the emissions and are very soft.",positive,positive,positive,both_correct,11,False
5694,1,"size, dimensions and fit","They fit great, they hold the emissions and are very soft.",positive,positive,positive,both_correct,11,False
5694,2,product quality and performance,"While using these, I saw no leaks and no irritation.",negative,negative,positive,bert_introduces_new_error,10,True
5694,2,"durability, washability and longevity","While using these, I saw no leaks and no irritation.",negative,negative,positive,bert_introduces_new_error,10,True
5699,1,product quality and performance,Has great travel bag and a nice fitted sheet.,positive,positive,positive,both_correct,9,False
5699,1,"design, appearance and looks",Has great travel bag and a nice fitted sheet.,positive,positive,positive,both_correct,9,False
5699,2,"ease of use, assembly and convenience",There's a built in pillow easy to remove for washing.,negative,negative,negative,both_correct,10,False
5699,2,"comfort, softness and texture",There's a built in pillow easy to remove for washing.,negative,negative,negative,both_correct,10,False
5699,2,"durability, washability and longevity",There's a built in pillow easy to remove for washing.,negative,negative,negative,both_correct,10,False
5699,3,product quality and performance,It's made very sturdy with a curved bar instead of a straight bar directly under your back.,positive,negative,positive,bert_fixes_baseline_error,17,False
5699,3,"durability, washability and longevity",It's made very sturdy with a curved bar instead of a straight bar directly under your back.,positive,negative,positive,bert_fixes_baseline_error,17,False
5720,0,safety for babies and children,I bought this for my newborn Daughter.,positive,positive,positive,both_correct,7,False
5720,0,"price, cost and value for money",I bought this for my newborn Daughter.,positive,positive,positive,both_correct,7,False
5720,1,"comfort, softness and texture",She has cradle cap and this brush is soft and works great!,positive,positive,positive,both_correct,12,False
5720,1,product quality and performance,She has cradle cap and this brush is soft and works great!,positive,positive,positive,both_correct,12,False
5722,0,product quality and performance,Bought this for an adult to use as a cup in the bathroom and it fits the bill for rinsing your mouth or swallowing a pill.,negative,positive,positive,both_wrong,26,False
5722,0,"price, cost and value for money",Bought this for an adult to use as a cup in the bathroom and it fits the bill for rinsing your mouth or swallowing a pill.,negative,positive,positive,both_wrong,26,False
5722,0,"size, dimensions and fit",Bought this for an adult to use as a cup in the bathroom and it fits the bill for rinsing your mouth or swallowing a pill.,negative,positive,positive,both_wrong,26,False
5729,0,"comfort, softness and texture",Great for cold nights!,positive,positive,positive,both_correct,4,False
5729,0,product quality and performance,Great for cold nights!,positive,positive,positive,both_correct,4,False
5732,0,product quality and performance,"I have purchased these bags for about a year and a half now, came to me based on a recommendation from a neighbor friend.",positive,negative,negative,both_wrong,24,False
5732,0,"price, cost and value for money","I have purchased these bags for about a year and a half now, came to me based on a recommendation from a neighbor friend.",positive,negative,negative,both_wrong,24,False
5732,1,product quality and performance,I loved them when I first got them,positive,positive,positive,both_correct,8,False
5732,1,"design, appearance and looks",I loved them when I first got them,positive,positive,positive,both_correct,8,False
5732,2,"design, appearance and looks",and i still love them; even my mother-in-law comments on the fresh smell of the bags!,positive,positive,positive,both_correct,16,False
5732,2,product quality and performance,and i still love them; even my mother-in-law comments on the fresh smell of the bags!,positive,positive,positive,both_correct,16,False
5732,3,safety for babies and children,I store them in multiple places within the house as well as the diaper bag and in my car.,negative,positive,negative,bert_fixes_baseline_error,19,False
5732,3,"ease of use, assembly and convenience",I store them in multiple places within the house as well as the diaper bag and in my car.,negative,positive,negative,bert_fixes_baseline_error,19,False
5732,4,"ease of use, assembly and convenience",They come in handy for cleaning out garbage from the car incidentally.,negative,positive,negative,bert_fixes_baseline_error,12,False
5732,5,"design, appearance and looks","However, this latest shipment of bags is noticeably different.",positive,negative,positive,bert_fixes_baseline_error,9,True
5732,5,"packaging, shipping and delivery","However, this latest shipment of bags is noticeably different.",positive,negative,positive,bert_fixes_baseline_error,9,True
5732,6,product quality and performance,The bags are a lot thinner than they used to be.,negative,negative,negative,both_correct,11,False
5732,6,"design, appearance and looks",The bags are a lot thinner than they used to be.,negative,negative,negative,both_correct,11,False
5740,0,"design, appearance and looks",I like the look and feel of this.,positive,positive,positive,both_correct,8,False
5740,0,"comfort, softness and texture",I like the look and feel of this.,positive,positive,positive,both_correct,8,False
5740,1,"design, appearance and looks",My grandson loves it too.,positive,positive,positive,both_correct,5,False
5740,1,product quality and performance,My grandson loves it too.,positive,positive,positive,both_correct,5,False
5740,2,"ease of use, assembly and convenience",It comes with cup holders on each side that can be pushed in.,positive,negative,positive,bert_fixes_baseline_error,13,False
5740,2,"design, appearance and looks",It comes with cup holders on each side that can be pushed in.,positive,negative,positive,bert_fixes_baseline_error,13,False
5740,4,"size, dimensions and fit","For traveling, I think it would be too bulky though.",negative,negative,negative,both_correct,10,False
5741,0,"size, dimensions and fit",I would size down as I ordered these according to the size of my grandson.,negative,negative,negative,both_correct,15,False
5741,0,safety for babies and children,I would size down as I ordered these according to the size of my grandson.,negative,negative,negative,both_correct,15,False
5741,1,"size, dimensions and fit",They are too big to assist with potty training.,negative,negative,negative,both_correct,9,False
5748,0,product quality and performance,I needed this to let my cat in the bedroom at night without him zooming in the room and letting the warm air out.,positive,positive,negative,bert_introduces_new_error,24,False
5748,0,"ease of use, assembly and convenience",I needed this to let my cat in the bedroom at night without him zooming in the room and letting the warm air out.,positive,positive,negative,bert_introduces_new_error,24,False
5748,1,safety for babies and children,He plays with it when it's hooked closed but that's my fault because I put it too low.,negative,negative,negative,both_correct,18,True
5748,1,"design, appearance and looks",He plays with it when it's hooked closed but that's my fault because I put it too low.,negative,negative,negative,both_correct,18,True
5748,2,"price, cost and value for money",I took off one star because it's too expensive for what it is.,negative,negative,negative,both_correct,13,False
5748,3,"price, cost and value for money",Should be a few bucks cheaper.,negative,negative,negative,both_correct,6,False
5760,0,product quality and performance,My baby like it so far I will recommend to my friends as well.,positive,positive,positive,both_correct,14,False
5783,0,product quality and performance,"At the time, the Marathon was one of the best car seats for 5 pounds and up.",positive,positive,positive,both_correct,17,False
5783,0,safety for babies and children,"At the time, the Marathon was one of the best car seats for 5 pounds and up.",positive,positive,positive,both_correct,17,False
5783,1,product quality and performance,I bought two of them.,positive,positive,positive,both_correct,5,False
5783,1,"design, appearance and looks",I bought two of them.,positive,positive,positive,both_correct,5,False
5783,2,product quality and performance,"I never used them in a collision, which is the contingency for which I bought them, but I did use them a lot for having my children sit in them. <br",positive,positive,positive,both_correct,31,True
5783,2,safety for babies and children,"I never used them in a collision, which is the contingency for which I bought them, but I did use them a lot for having my children sit in them. <br",positive,positive,positive,both_correct,31,True
5783,3,product quality and performance,/>The worst thing is the mushy harness buckles.,negative,negative,negative,both_correct,8,False
5783,3,"design, appearance and looks",/>The worst thing is the mushy harness buckles.,negative,negative,negative,both_correct,8,False
5783,4,product quality and performance,"I can never tell if they're secured because they don't click, the metal tab goes in and it just mushes.",negative,negative,negative,both_correct,20,True
5783,5,"durability, washability and longevity","It's been that way since they were brand new, on both seats purchased different stores a year apart.",negative,negative,positive,bert_introduces_new_error,18,False
5783,5,product quality and performance,"It's been that way since they were brand new, on both seats purchased different stores a year apart.",negative,negative,positive,bert_introduces_new_error,18,False
5783,6,"design, appearance and looks",The buckle design is bad. <br,negative,negative,negative,both_correct,6,False
5783,6,product quality and performance,The buckle design is bad. <br,negative,negative,negative,both_correct,6,False
5783,7,product quality and performance,/>The seat covers are kind of fiddly and don't always stay on.,negative,negative,negative,both_correct,12,True
5783,7,safety for babies and children,/>The seat covers are kind of fiddly and don't always stay on.,negative,negative,negative,both_correct,12,True
5783,8,product quality and performance,They pull over the edges too easily. <br,negative,negative,negative,both_correct,8,False
5783,10,product quality and performance,Britax has resolved this design problem in later models such as the Frontier 85 I have now. <br,positive,positive,negative,bert_introduces_new_error,18,False
5783,10,"design, appearance and looks",Britax has resolved this design problem in later models such as the Frontier 85 I have now. <br,positive,positive,negative,bert_introduces_new_error,18,False
5783,11,product quality and performance,"/>Finally, the tilt base doesn't really work in one position.",negative,negative,negative,both_correct,10,True
5783,12,"size, dimensions and fit","I have fitted the Marathon in a car, a truck, and an SUV all with completely different seats.",negative,positive,positive,both_wrong,18,False
5783,12,product quality and performance,"I have fitted the Marathon in a car, a truck, and an SUV all with completely different seats.",negative,positive,negative,bert_fixes_baseline_error,18,False
5783,13,product quality and performance,The tilt base is worthless.,negative,negative,negative,both_correct,5,False
5783,14,product quality and performance,It only works one way both forward facing and reverse facing.,negative,positive,negative,bert_fixes_baseline_error,11,False
5783,15,product quality and performance,"Maybe in somebody else's car it does something. I have two Frontier 85's now, going to buy 2 more so I will have 6 Britax.",negative,negative,negative,both_correct,25,False
5783,16,"durability, washability and longevity",I still use all of them (kids are 28 and 31 pounds).,positive,negative,positive,bert_fixes_baseline_error,12,False
5783,16,product quality and performance,I still use all of them (kids are 28 and 31 pounds).,positive,negative,positive,bert_fixes_baseline_error,12,False
5783,17,"size, dimensions and fit",The Frontiers are better feature wise but they have a longer seat base and work best with kids over 40 inches tall.,positive,positive,positive,both_correct,22,True
5783,17,product quality and performance,The Frontiers are better feature wise but they have a longer seat base and work best with kids over 40 inches tall.,positive,positive,positive,both_correct,22,True
5783,18,safety for babies and children,Shorter kids cannot bend their knees over the edge so their legs stick forward.,positive,negative,positive,bert_fixes_baseline_error,14,True
5783,18,"size, dimensions and fit",Shorter kids cannot bend their knees over the edge so their legs stick forward.,positive,negative,positive,bert_fixes_baseline_error,14,True
5783,19,product quality and performance,That's where the Marathon still works better.,negative,positive,positive,both_wrong,7,False
5783,19,"ease of use, assembly and convenience",That's where the Marathon still works better.,negative,positive,positive,both_wrong,7,False
5787,0,product quality and performance,It's a car seat and it works but the straps REALLY irritate me.,negative,positive,negative,bert_fixes_baseline_error,13,True
5787,1,product quality and performance,The straps are thin and always fold and twist through the buckle piece just about every time I try to pull them out from under my daughter to strap her in.,negative,negative,negative,both_correct,31,False
5787,1,safety for babies and children,The straps are thin and always fold and twist through the buckle piece just about every time I try to pull them out from under my daughter to strap her in.,negative,negative,negative,both_correct,31,False
5787,2,safety for babies and children,I have to sit there and try and fold the strap back through the buckle so that her straps aren't twisted.,negative,negative,negative,both_correct,21,True
5787,2,product quality and performance,I have to sit there and try and fold the strap back through the buckle so that her straps aren't twisted.,negative,negative,negative,both_correct,21,True
5787,4,product quality and performance,"Also, it's extremely difficult to tighten and loosen the straps which makes the buckle situation unavoidable.",negative,negative,negative,both_correct,16,False
5787,7,"ease of use, assembly and convenience",my car seat came with a cup holder.. there is a spot in the actual car seat to attach it but there's not a hole in the cover so you can't get to it..,negative,negative,negative,both_correct,34,True
5787,7,safety for babies and children,my car seat came with a cup holder.. there is a spot in the actual car seat to attach it but there's not a hole in the cover so you can't get to it..,negative,negative,negative,both_correct,34,True
5797,0,"comfort, softness and texture",Love this soppy cup for my son,positive,positive,positive,both_correct,7,False
5797,0,"design, appearance and looks",Love this soppy cup for my son,positive,positive,positive,both_correct,7,False
5804,0,"price, cost and value for money",Very cute they fit very well and good price.,positive,positive,positive,both_correct,9,False
5804,0,product quality and performance,Very cute they fit very well and good price.,positive,positive,positive,both_correct,9,False
5804,0,"design, appearance and looks",Very cute they fit very well and good price.,positive,positive,positive,both_correct,9,False
5804,0,"size, dimensions and fit",Very cute they fit very well and good price.,positive,positive,positive,both_correct,9,False
5804,1,safety for babies and children,My son is 4 months 16 pounds.,positive,negative,negative,both_wrong,7,False
5804,1,"size, dimensions and fit",My son is 4 months 16 pounds.,positive,negative,negative,both_wrong,7,False
5804,2,product quality and performance,These are better than huggies.,positive,positive,positive,both_correct,5,False
5804,2,"comfort, softness and texture",These are better than huggies.,positive,positive,positive,both_correct,5,False
5804,3,safety for babies and children,Huggies have the pee smell right after they pee and huggies run small.,negative,negative,negative,both_correct,13,False
5804,3,product quality and performance,Huggies have the pee smell right after they pee and huggies run small.,negative,negative,negative,both_correct,13,False
5823,0,product quality and performance,"This two pack is perfect, you always have one to switch out to, if/when you need to wash one.",positive,positive,positive,both_correct,19,False
5823,0,"ease of use, assembly and convenience","This two pack is perfect, you always have one to switch out to, if/when you need to wash one.",positive,positive,positive,both_correct,19,False
5823,0,"durability, washability and longevity","This two pack is perfect, you always have one to switch out to, if/when you need to wash one.",positive,positive,positive,both_correct,19,False
5823,1,"design, appearance and looks",The patterns match my baby's woodland-theme.,positive,positive,positive,both_correct,6,False
5823,1,"comfort, softness and texture",The patterns match my baby's woodland-theme.,positive,positive,positive,both_correct,6,False
5823,2,"comfort, softness and texture",They're soft and pretty much wrinkle-free out of the dryer.,positive,positive,positive,both_correct,10,False
5823,2,product quality and performance,They're soft and pretty much wrinkle-free out of the dryer.,positive,positive,positive,both_correct,10,False
5823,2,"design, appearance and looks",They're soft and pretty much wrinkle-free out of the dryer.,positive,positive,positive,both_correct,10,False
5823,3,product quality and performance,They're lightweight which is great bc my son is chubby and runs hot when he sleeps.,negative,positive,negative,bert_fixes_baseline_error,16,False
5823,3,"comfort, softness and texture",They're lightweight which is great bc my son is chubby and runs hot when he sleeps.,negative,positive,negative,bert_fixes_baseline_error,16,False
5823,4,product quality and performance,10/10 would recommend !,positive,positive,positive,both_correct,4,False
5823,4,"ease of use, assembly and convenience",10/10 would recommend !,positive,positive,positive,both_correct,4,False
5847,0,product quality and performance,Excellent size.,positive,positive,positive,both_correct,2,False
5847,0,"ease of use, assembly and convenience",Excellent size.,positive,positive,positive,both_correct,2,False
5847,0,"size, dimensions and fit",Excellent size.,positive,positive,positive,both_correct,2,False
5847,1,product quality and performance,Works well for many things.,positive,positive,positive,both_correct,5,False
5849,1,"durability, washability and longevity",Don't recommend flushing.,negative,negative,negative,both_correct,3,True
5849,1,safety for babies and children,Don't recommend flushing.,negative,negative,negative,both_correct,3,True
5859,0,"comfort, softness and texture",The softest yet!,positive,positive,positive,both_correct,3,False
5859,0,product quality and performance,The softest yet!,positive,positive,positive,both_correct,3,False
5859,1,"comfort, softness and texture",And warm!,positive,positive,positive,both_correct,2,False
5859,1,product quality and performance,And warm!,positive,positive,positive,both_correct,2,False
5859,3,"durability, washability and longevity",The directions stated that it should be hung on a line to dry after washing.,negative,negative,negative,both_correct,15,False
5859,4,"durability, washability and longevity",I washed it in my washing machine - without fabric softener - and put it in the dryer - without fabric softener sheets.,negative,negative,negative,both_correct,23,False
5859,4,"ease of use, assembly and convenience",I washed it in my washing machine - without fabric softener - and put it in the dryer - without fabric softener sheets.,negative,negative,negative,both_correct,23,False
5859,5,"comfort, softness and texture",Wonderfully soft outcome; no shrinkage.,positive,positive,positive,both_correct,5,True
5859,5,product quality and performance,Wonderfully soft outcome; no shrinkage.,positive,positive,positive,both_correct,5,True
5859,6,"size, dimensions and fit","As the seller's description states: ""Extra large-",positive,negative,positive,bert_fixes_baseline_error,7,False
5859,7,"size, dimensions and fit","Compared with standard size ones, this throw blanket measured by 50"" x 70"" suits better for you to wrap up.",negative,negative,negative,both_correct,20,False
5859,7,"comfort, softness and texture","Compared with standard size ones, this throw blanket measured by 50"" x 70"" suits better for you to wrap up.",negative,negative,negative,both_correct,20,False
5859,9,"price, cost and value for money",Price is right also.,positive,positive,positive,both_correct,4,False
5923,0,product quality and performance,These are awesome,positive,positive,positive,both_correct,3,False
5923,0,"design, appearance and looks",These are awesome,positive,positive,positive,both_correct,3,False
5926,0,"comfort, softness and texture","Delicious smell from past era, very refreshing",positive,negative,positive,bert_fixes_baseline_error,7,False
5949,0,"ease of use, assembly and convenience",The knob covers are easy to put on the knobs and simple to snap open when you want to cook.,positive,negative,positive,bert_fixes_baseline_error,20,False
5949,0,product quality and performance,The knob covers are easy to put on the knobs and simple to snap open when you want to cook.,positive,negative,positive,bert_fixes_baseline_error,20,False
5949,1,product quality and performance,I got these after moving in with someone who owns a cat.,negative,negative,negative,both_correct,12,False
5949,1,"design, appearance and looks",I got these after moving in with someone who owns a cat.,negative,negative,positive,bert_introduces_new_error,12,False
5949,4,product quality and performance,"These are a great option for people with gas stoves, who want to keep the stove from lighting up or gassing from a cat playing on it.",negative,positive,positive,both_wrong,27,False
5949,5,"ease of use, assembly and convenience","To put the knobs on, you slide each one off, put the knob inside, and slide the knobs back on the stove with the safety cap opened so you can get the knobs back on.",negative,negative,negative,both_correct,35,False
5949,6,"ease of use, assembly and convenience",Then you snap the covers shut.,negative,negative,negative,both_correct,6,False
5949,6,safety for babies and children,Then you snap the covers shut.,negative,negative,negative,both_correct,6,False
5949,7,"ease of use, assembly and convenience",The knob cover leaves plenty of room around the knob so a cat paw will not be able to twist the stove knob on.,negative,negative,negative,both_correct,24,True
5949,7,product quality and performance,The knob cover leaves plenty of room around the knob so a cat paw will not be able to twist the stove knob on.,negative,negative,negative,both_correct,24,True
5949,8,product quality and performance,"If a cat paw touches the cover, the cover will move around and jiggle but not snap open or fall off or move the knob.",positive,negative,positive,bert_fixes_baseline_error,25,True
5949,8,"comfort, softness and texture","If a cat paw touches the cover, the cover will move around and jiggle but not snap open or fall off or move the knob.",positive,negative,positive,bert_fixes_baseline_error,25,True
5956,0,"comfort, softness and texture",My little guy loves these.,positive,positive,positive,both_correct,5,False
5956,0,"design, appearance and looks",My little guy loves these.,positive,positive,positive,both_correct,5,False
5956,1,safety for babies and children,"I actually ended up buying two, one for home and one for his diaper bag for when we're out.",negative,negative,negative,both_correct,19,False
5956,1,"price, cost and value for money","I actually ended up buying two, one for home and one for his diaper bag for when we're out.",negative,negative,negative,both_correct,19,False
5956,2,"comfort, softness and texture","He loves chewing on them, slapping them, shaking them.",negative,positive,positive,both_wrong,9,False
5956,2,"design, appearance and looks","He loves chewing on them, slapping them, shaking them.",negative,positive,positive,both_wrong,9,False
5956,3,product quality and performance,"We follow the instructions, chill occasionally in the fridge, although he mostly just likes to play with them room temperature, and he's always excited to play with them!",positive,positive,positive,both_correct,28,True
5956,3,"ease of use, assembly and convenience","We follow the instructions, chill occasionally in the fridge, although he mostly just likes to play with them room temperature, and he's always excited to play with them!",positive,positive,positive,both_correct,28,True
5995,0,"design, appearance and looks",Seems like a nice enough seat.,positive,positive,positive,both_correct,6,False
5995,0,"comfort, softness and texture",Seems like a nice enough seat.,positive,positive,positive,both_correct,6,False
5995,1,"ease of use, assembly and convenience",The easy removability is what attracted me to this at first,positive,positive,positive,both_correct,11,False
5995,1,product quality and performance,The easy removability is what attracted me to this at first,positive,positive,positive,both_correct,11,False
6011,3,"design, appearance and looks",I like the design and think it's nice.,positive,positive,positive,both_correct,8,False
6011,3,"comfort, softness and texture",I like the design and think it's nice.,positive,positive,positive,both_correct,8,False
6011,4,"comfort, softness and texture",Mesh seems nice and like it could be secure.,positive,positive,positive,both_correct,9,False
6011,4,"design, appearance and looks",Mesh seems nice and like it could be secure.,positive,positive,positive,both_correct,9,False
6017,0,"design, appearance and looks",[[VIDEOID:5d9d247a3ee88c586c31d51758d2ad02]] These seem very cute for my one year old.,positive,negative,positive,bert_fixes_baseline_error,10,False
6017,1,"design, appearance and looks",I like the design for him a lot The,positive,positive,positive,both_correct,9,False
6017,1,"ease of use, assembly and convenience",I like the design for him a lot The,positive,positive,positive,both_correct,9,False
6017,2,"comfort, softness and texture",look is cute and the feel is soft but sturdy.,positive,positive,positive,both_correct,10,True
6017,2,"design, appearance and looks",look is cute and the feel is soft but sturdy.,positive,positive,positive,both_correct,10,True
6017,3,safety for babies and children,The straw cup I am especially excited for as i think it'll be a good for my baby to use and learn to drink carefully,positive,positive,positive,both_correct,25,False
6017,3,"design, appearance and looks",The straw cup I am especially excited for as i think it'll be a good for my baby to use and learn to drink carefully,positive,positive,positive,both_correct,25,False
6037,0,"comfort, softness and texture",Nice bowl and masher.,positive,positive,positive,both_correct,4,False
6037,0,product quality and performance,Nice bowl and masher.,positive,positive,positive,both_correct,4,False
6037,2,"comfort, softness and texture",like the spoons a lot.,positive,positive,positive,both_correct,5,False
6037,2,"design, appearance and looks",like the spoons a lot.,positive,positive,positive,both_correct,5,False
6037,3,"ease of use, assembly and convenience",Makes feeding the baby very easy.,positive,negative,positive,bert_fixes_baseline_error,6,False
6037,3,product quality and performance,Makes feeding the baby very easy.,positive,negative,positive,bert_fixes_baseline_error,6,False
6037,4,product quality and performance,I've got a 11 month old and these spoons worked well for apple sauce.,positive,positive,positive,both_correct,14,False
6037,4,safety for babies and children,I've got a 11 month old and these spoons worked well for apple sauce.,positive,positive,positive,both_correct,14,False
6039,0,"ease of use, assembly and convenience",[[VIDEOID:cf0ac7cef497edbe106863f3cad7807c]] Cute light for kids. Plugs in easily and you pretty much just need to turn it on.,positive,negative,positive,bert_fixes_baseline_error,18,False
6039,0,product quality and performance,[[VIDEOID:cf0ac7cef497edbe106863f3cad7807c]] Cute light for kids. Plugs in easily and you pretty much just need to turn it on.,positive,negative,positive,bert_fixes_baseline_error,18,False
6039,0,"design, appearance and looks",[[VIDEOID:cf0ac7cef497edbe106863f3cad7807c]] Cute light for kids. Plugs in easily and you pretty much just need to turn it on.,positive,negative,positive,bert_fixes_baseline_error,18,False
6039,1,product quality and performance,It works great from there. <br,positive,positive,positive,both_correct,6,False
6039,1,"ease of use, assembly and convenience",It works great from there. <br,positive,positive,positive,both_correct,6,False
6039,3,"design, appearance and looks",colors is easy and I like the design.,positive,positive,positive,both_correct,8,False
6039,3,"ease of use, assembly and convenience",colors is easy and I like the design.,positive,positive,positive,both_correct,8,False
6039,4,"design, appearance and looks",This is cute for a kids room who likes unicorns,positive,positive,positive,both_correct,10,False
6053,0,safety for babies and children,[[VIDEOID:198f8afa0b46e5dcaf5141453c0681f2]] This is a good idea to have for kids.,positive,positive,positive,both_correct,10,False
6053,1,"ease of use, assembly and convenience",We check their temperate all the time with one just like this. It's easy to use.,positive,positive,positive,both_correct,16,False
6053,1,product quality and performance,We check their temperate all the time with one just like this. It's easy to use.,positive,positive,positive,both_correct,16,False
6053,2,"ease of use, assembly and convenience",Put it near someone's forehead and hit the button.,negative,negative,negative,both_correct,9,False
6053,3,"ease of use, assembly and convenience",Super simple Seems accurate from when we used it on ourselves.,positive,positive,positive,both_correct,11,False
6053,3,product quality and performance,Super simple Seems accurate from when we used it on ourselves.,positive,positive,positive,both_correct,11,False
6053,4,product quality and performance,I think it works well,positive,positive,positive,both_correct,5,False
6053,4,"design, appearance and looks",I think it works well,positive,positive,positive,both_correct,5,False
6054,0,product quality and performance,Overall seems nice.,positive,positive,positive,both_correct,3,False
6054,0,"design, appearance and looks",Overall seems nice.,positive,positive,positive,both_correct,3,False
6054,1,"comfort, softness and texture",Material looks good,positive,positive,positive,both_correct,3,False
6054,1,"design, appearance and looks",Material looks good,positive,positive,positive,both_correct,3,False
6059,0,"price, cost and value for money",Seem nice but they're expensive for wipes,negative,positive,negative,bert_fixes_baseline_error,7,True
6059,0,"design, appearance and looks",Seem nice but they're expensive for wipes,negative,positive,negative,bert_fixes_baseline_error,7,True
6065,0,"design, appearance and looks",[[VIDEOID:9119b32e96ce88e01e5a0ef423d8bf07]] This is a nice fan!,positive,positive,positive,both_correct,6,False
6065,0,"comfort, softness and texture",[[VIDEOID:9119b32e96ce88e01e5a0ef423d8bf07]] This is a nice fan!,positive,positive,positive,both_correct,6,False
6065,1,product quality and performance,It clips in really well - even got it to clip to my breakfast bar. <br,positive,negative,positive,bert_fixes_baseline_error,16,False
6065,1,"ease of use, assembly and convenience",It clips in really well - even got it to clip to my breakfast bar. <br,positive,negative,positive,bert_fixes_baseline_error,16,False
6065,4,product quality and performance,Very easy to use and operate. Finish is nice and seems to move a lot of air to give a nice breeze.,positive,positive,positive,both_correct,22,False
6065,4,"design, appearance and looks",Very easy to use and operate. Finish is nice and seems to move a lot of air to give a nice breeze.,positive,positive,positive,both_correct,22,False
6065,4,"ease of use, assembly and convenience",Very easy to use and operate. Finish is nice and seems to move a lot of air to give a nice breeze.,positive,positive,positive,both_correct,22,False
6065,6,"design, appearance and looks",I've grabbed a few of these to ensure my kids are going to be cool in the stroller. <br,positive,positive,positive,both_correct,19,False
6065,6,safety for babies and children,I've grabbed a few of these to ensure my kids are going to be cool in the stroller. <br,positive,positive,positive,both_correct,19,False
6065,9,"comfort, softness and texture",and my first impression is very good,positive,positive,positive,both_correct,7,False
6065,9,product quality and performance,and my first impression is very good,positive,positive,positive,both_correct,7,False
6076,0,"design, appearance and looks",So I got the mirror for my car but thought it was hard to see my baby at night. Got,negative,negative,negative,both_correct,20,True
6076,0,"price, cost and value for money",So I got the mirror for my car but thought it was hard to see my baby at night. Got,negative,negative,negative,both_correct,20,True
6076,1,"ease of use, assembly and convenience",the light from the same brand as I thought it made sense to easily attach the mirror to the light.,negative,positive,positive,both_wrong,20,False
6076,1,"design, appearance and looks",the light from the same brand as I thought it made sense to easily attach the mirror to the light.,negative,positive,positive,both_wrong,20,False
6076,2,product quality and performance,This was correct. It worked great.,positive,positive,positive,both_correct,6,False
6076,2,"ease of use, assembly and convenience",This was correct. It worked great.,positive,positive,positive,both_correct,6,False
6076,3,"ease of use, assembly and convenience",It was easy to attach.,positive,positive,positive,both_correct,5,False
6076,3,"design, appearance and looks",It was easy to attach.,positive,positive,positive,both_correct,5,False
6076,4,"ease of use, assembly and convenience",It's got a lot of light options and brightness level. It's easy to control and adjust.,positive,positive,positive,both_correct,16,False
6076,4,product quality and performance,It's got a lot of light options and brightness level. It's easy to control and adjust.,positive,positive,positive,both_correct,16,False
6076,5,product quality and performance,I like it a lot.,positive,positive,positive,both_correct,5,False
6076,5,"design, appearance and looks",I like it a lot.,positive,positive,positive,both_correct,5,False
6082,0,product quality and performance,My kids like this and it works well enough.,positive,positive,positive,both_correct,9,False
6082,1,safety for babies and children,They still get some tears but we are working in keeping eyes closed during bath time,positive,positive,negative,bert_introduces_new_error,16,True
6100,0,product quality and performance,[[VIDEOID:3ae8f896efe16f4306d31f2bb68cdca]] This fit my Huggies wipes perfect.,positive,positive,positive,both_correct,7,False
6100,0,"comfort, softness and texture",[[VIDEOID:3ae8f896efe16f4306d31f2bb68cdca]] This fit my Huggies wipes perfect.,positive,positive,positive,both_correct,7,False
6100,0,"size, dimensions and fit",[[VIDEOID:3ae8f896efe16f4306d31f2bb68cdca]] This fit my Huggies wipes perfect.,positive,negative,positive,bert_fixes_baseline_error,7,False
6100,1,"ease of use, assembly and convenience",Let's you put a lot in and it's very easy to pull them out. <br,positive,positive,positive,both_correct,15,False
6100,1,"durability, washability and longevity",Let's you put a lot in and it's very easy to pull them out. <br,positive,positive,positive,both_correct,15,False
6100,2,product quality and performance,/>The material is nice and feels sturdy too.,positive,positive,positive,both_correct,8,False
6100,2,"comfort, softness and texture",/>The material is nice and feels sturdy too.,positive,positive,positive,both_correct,8,False
6100,3,product quality and performance,I don't think it'll rip or anything in the future,negative,negative,negative,both_correct,10,True
6100,3,"durability, washability and longevity",I don't think it'll rip or anything in the future,negative,negative,negative,both_correct,10,True
6108,0,product quality and performance,Seems ok but my son (6 months) didn't really like it much,negative,negative,negative,both_correct,12,True
6111,0,safety for babies and children,"[[VIDEOID:f2374f3f4488c1b246bcf31032d36cf0]] I've got three kids - five year old, 2.5 year old and a 6 month old.",negative,positive,negative,bert_fixes_baseline_error,17,False
6111,1,"ease of use, assembly and convenience",This would work for any of them I think. <br,positive,positive,negative,bert_introduces_new_error,10,False
6111,2,"ease of use, assembly and convenience",/>Putting this together was easy - it basically comes assembled right out of the box.,negative,negative,negative,both_correct,15,False
6111,2,product quality and performance,/>Putting this together was easy - it basically comes assembled right out of the box.,negative,negative,negative,both_correct,15,False
6111,3,"ease of use, assembly and convenience",You just need to add the wheels (snap right in) and then the safety bar and cup holder.,negative,positive,negative,bert_fixes_baseline_error,18,False
6111,3,"design, appearance and looks",You just need to add the wheels (snap right in) and then the safety bar and cup holder.,negative,positive,negative,bert_fixes_baseline_error,18,False
6111,4,"ease of use, assembly and convenience",Very easy. <br,positive,positive,positive,both_correct,3,False
6111,4,"comfort, softness and texture",Very easy. <br,positive,positive,positive,both_correct,3,False
6111,5,safety for babies and children,/>My two year old of course climbed right in.,positive,positive,positive,both_correct,9,False
6111,6,"size, dimensions and fit",She had plenty of room to get in and get comfortable.,negative,negative,negative,both_correct,11,False
6111,6,"ease of use, assembly and convenience",She had plenty of room to get in and get comfortable.,negative,negative,negative,both_correct,11,False
6111,6,"comfort, softness and texture",She had plenty of room to get in and get comfortable.,negative,negative,negative,both_correct,11,False
6111,7,product quality and performance,I was able to navigate this around my house with ease.,positive,positive,positive,both_correct,11,False
6111,7,"ease of use, assembly and convenience",I was able to navigate this around my house with ease.,positive,positive,positive,both_correct,11,False
6111,8,"design, appearance and looks",It's got great maneuverability. This looks great as well - very Upscale and fancy,positive,positive,positive,both_correct,14,False
6111,8,product quality and performance,It's got great maneuverability. This looks great as well - very Upscale and fancy,positive,positive,positive,both_correct,14,False
6122,0,product quality and performance,Overall these felt a bit flimsy and I wasn't really impressed with them overall.,negative,positive,negative,bert_fixes_baseline_error,14,True
6122,0,"design, appearance and looks",Overall these felt a bit flimsy and I wasn't really impressed with them overall.,negative,positive,negative,bert_fixes_baseline_error,14,True
6122,1,"durability, washability and longevity",Thought then could be a bit better for long term but i don't think they'll be cleaning for long,negative,negative,negative,both_correct,19,True
6122,1,product quality and performance,Thought then could be a bit better for long term but i don't think they'll be cleaning for long,negative,negative,negative,both_correct,19,True
6123,0,product quality and performance,These are just ok.,positive,positive,positive,both_correct,4,False
6123,0,"design, appearance and looks",These are just ok.,positive,positive,positive,both_correct,4,False
6140,1,product quality and performance,They're nothing special.,negative,negative,negative,both_correct,3,True
6140,2,product quality and performance,They did a decent job holding in #2 so that was nice.,positive,positive,positive,both_correct,12,False
6167,0,"design, appearance and looks",Bought an Oster single blender and the lids are horrible and don't latch well.,negative,negative,negative,both_correct,14,True
6167,0,product quality and performance,Bought an Oster single blender and the lids are horrible and don't latch well.,negative,negative,negative,both_correct,14,True
6167,1,"ease of use, assembly and convenience","These are the same size, stay closed and have a loop to grab on to or hang to your bag.",negative,negative,negative,both_correct,20,False
6167,1,product quality and performance,"These are the same size, stay closed and have a loop to grab on to or hang to your bag.",negative,negative,negative,both_correct,20,False
6167,1,"size, dimensions and fit","These are the same size, stay closed and have a loop to grab on to or hang to your bag.",negative,negative,negative,both_correct,20,False
6167,2,"design, appearance and looks",Love this!!,positive,positive,positive,both_correct,2,False
6167,2,"comfort, softness and texture",Love this!!,positive,positive,positive,both_correct,2,False
6168,0,product quality and performance,I got this before my son's first birthday and am not impressed at all.,negative,negative,negative,both_correct,14,True
6168,2,"price, cost and value for money",It's really cheaply made slightly thicker than cardboard.,negative,negative,negative,both_correct,8,False
6168,2,"design, appearance and looks",It's really cheaply made slightly thicker than cardboard.,negative,negative,negative,both_correct,8,False
6168,3,"design, appearance and looks",It hangs by a little ribbon.,positive,positive,positive,both_correct,6,False
6168,4,safety for babies and children,My son is 18 months and kept ripping it off of the wall.,negative,negative,negative,both_correct,13,False
6168,4,product quality and performance,My son is 18 months and kept ripping it off of the wall.,negative,negative,negative,both_correct,13,False
6168,5,"ease of use, assembly and convenience","We just took it down, folded it up and put in in the closet.",negative,negative,negative,both_correct,14,False
6168,5,"design, appearance and looks","We just took it down, folded it up and put in in the closet.",negative,negative,negative,both_correct,14,False
6168,7,"design, appearance and looks",Don't like it.,negative,negative,negative,both_correct,3,True
6168,7,product quality and performance,Don't like it.,negative,negative,negative,both_correct,3,True
6174,1,product quality and performance,"For the price, it exceeding my expectations and needs.",positive,negative,positive,bert_fixes_baseline_error,9,False
6174,1,"price, cost and value for money","For the price, it exceeding my expectations and needs.",positive,negative,positive,bert_fixes_baseline_error,9,False
6174,3,product quality and performance,"Works fine, it is not heavy duty quality but that's okay it.",positive,positive,positive,both_correct,12,True
6174,4,"ease of use, assembly and convenience",It is light and very easy to secure to the door passageway.,positive,positive,positive,both_correct,12,False
6174,4,product quality and performance,It is light and very easy to secure to the door passageway.,positive,positive,positive,both_correct,12,False
6175,0,safety for babies and children,We got climber.. 10 months she is using little square to walk up the side and tip it over.,positive,negative,positive,bert_fixes_baseline_error,19,False
6175,1,"ease of use, assembly and convenience",We attached it to wall so.now,negative,positive,negative,bert_fixes_baseline_error,6,False
6175,1,"design, appearance and looks",We attached it to wall so.now,negative,positive,negative,bert_fixes_baseline_error,6,False
6175,3,"design, appearance and looks",Very unsafe I will purchase diagonal bar design enclosure.,negative,negative,negative,both_correct,9,False
6175,4,"design, appearance and looks",Looks friendly and cute but defiantly not for active kids.,positive,positive,positive,both_correct,10,True
6175,4,safety for babies and children,Looks friendly and cute but defiantly not for active kids.,positive,positive,positive,both_correct,10,True
6184,0,safety for babies and children,I bought this for my sister who recently had a baby.,positive,positive,positive,both_correct,11,False
6184,0,"price, cost and value for money",I bought this for my sister who recently had a baby.,positive,positive,positive,both_correct,11,False
6184,1,safety for babies and children,She does a lot of volunteer work and takes the baby with her.,positive,positive,positive,both_correct,13,False
6184,3,product quality and performance,"He likes napping in it, but he has used it a lot more than I expected.",positive,positive,positive,both_correct,16,True
6184,3,"comfort, softness and texture","He likes napping in it, but he has used it a lot more than I expected.",positive,positive,positive,both_correct,16,True
6184,4,"comfort, softness and texture",He loves bouncing in it and playing.,positive,positive,positive,both_correct,7,False
6184,4,product quality and performance,He loves bouncing in it and playing.,positive,positive,positive,both_correct,7,False
6184,5,safety for babies and children,It's a much better option than simply laying him on the floor.,negative,positive,negative,bert_fixes_baseline_error,12,False
6184,5,product quality and performance,It's a much better option than simply laying him on the floor.,negative,positive,positive,both_wrong,12,False
6184,6,"design, appearance and looks",He's propped up so he can see what's going on and stay engaged with the people around him.,positive,positive,positive,both_correct,18,False
6184,7,safety for babies and children,There's a little seat belt so he can't fall down.,positive,negative,positive,bert_fixes_baseline_error,10,True
6184,7,product quality and performance,There's a little seat belt so he can't fall down.,positive,negative,positive,bert_fixes_baseline_error,10,True
6184,8,"design, appearance and looks","It's not too restrictive, but he looks safe and secure.",positive,positive,positive,both_correct,10,True
6184,8,"comfort, softness and texture","It's not too restrictive, but he looks safe and secure.",positive,positive,positive,both_correct,10,True
6184,9,"comfort, softness and texture",It's very lightweight,negative,negative,negative,both_correct,3,False
6184,9,product quality and performance,It's very lightweight,negative,negative,negative,both_correct,3,False
6184,10,"ease of use, assembly and convenience",so it's easy to transport.,positive,positive,positive,both_correct,5,False
6184,10,product quality and performance,so it's easy to transport.,positive,positive,positive,both_correct,5,False
6184,11,"ease of use, assembly and convenience",She can easily hold it with one hand and it weighs less than the diaper bag.,negative,positive,negative,bert_fixes_baseline_error,16,False
6184,11,product quality and performance,She can easily hold it with one hand and it weighs less than the diaper bag.,negative,positive,negative,bert_fixes_baseline_error,16,False
6188,0,product quality and performance,The fabric is awful.,negative,negative,negative,both_correct,4,False
6188,0,"design, appearance and looks",The fabric is awful.,negative,negative,negative,both_correct,4,False
6188,1,product quality and performance,It feels so scratchy and uncomfortable.,negative,negative,negative,both_correct,6,False
6200,1,"ease of use, assembly and convenience",We like to take the pack in play with us when we go camping,positive,positive,positive,both_correct,14,False
6200,1,"comfort, softness and texture",We like to take the pack in play with us when we go camping,positive,positive,positive,both_correct,14,False
6200,2,"ease of use, assembly and convenience",and I thought this would come in handy.,positive,positive,positive,both_correct,8,False
6200,2,"durability, washability and longevity",and I thought this would come in handy.,positive,positive,positive,both_correct,8,False
6200,3,"ease of use, assembly and convenience",It's very easy to install because the fabric is super stretchy.,negative,negative,negative,both_correct,11,False
6200,3,"comfort, softness and texture",It's very easy to install because the fabric is super stretchy.,negative,negative,negative,both_correct,11,False
6200,4,"ease of use, assembly and convenience","It's easier with two people, but can be done easily with one.",positive,positive,positive,both_correct,12,True
6200,5,product quality and performance,It blocks out light so he can sleep comfortably and protects him from the sun.,negative,positive,positive,both_wrong,15,False
6200,5,safety for babies and children,It blocks out light so he can sleep comfortably and protects him from the sun.,negative,positive,positive,both_wrong,15,False
6200,6,safety for babies and children,"There's a ""escape hatch"" on top so you can check on the baby without having to remove the cover.",positive,negative,positive,bert_fixes_baseline_error,19,False
6200,6,"ease of use, assembly and convenience","There's a ""escape hatch"" on top so you can check on the baby without having to remove the cover.",positive,negative,positive,bert_fixes_baseline_error,19,False
6227,0,"design, appearance and looks",I bought these to use on a diaper cake.,negative,positive,negative,bert_fixes_baseline_error,9,False
6227,0,"ease of use, assembly and convenience",I bought these to use on a diaper cake.,negative,negative,negative,both_correct,9,False
6227,1,"design, appearance and looks",They seem well made,positive,positive,positive,both_correct,4,False
6227,1,product quality and performance,They seem well made,positive,positive,positive,both_correct,4,False
6231,1,product quality and performance,Wrong—-put in dryer with wool ball and the really expanded.,negative,positive,negative,bert_fixes_baseline_error,10,False
6231,1,"comfort, softness and texture",Wrong—-put in dryer with wool ball and the really expanded.,negative,positive,negative,bert_fixes_baseline_error,10,False
6231,2,"comfort, softness and texture",Delighted.,positive,positive,positive,both_correct,1,False
6231,2,product quality and performance,Delighted.,positive,positive,positive,both_correct,1,False
6237,0,"size, dimensions and fit","Meh, awkward to hang so that it doesn't dump everything out.",negative,negative,negative,both_correct,11,True
6237,2,safety for babies and children,I will need at least two more for my toddlers animals which I will not be getting.,negative,negative,negative,both_correct,17,True
6237,2,"price, cost and value for money",I will need at least two more for my toddlers animals which I will not be getting.,negative,negative,negative,both_correct,17,True
6237,3,"design, appearance and looks",That would look hideous..,negative,negative,negative,both_correct,4,False
6237,4,product quality and performance,"The quality is fine, it feels and looks sturdy at the seams.",positive,positive,positive,both_correct,12,False
6237,4,"design, appearance and looks","The quality is fine, it feels and looks sturdy at the seams.",positive,positive,positive,both_correct,12,False
6237,5,product quality and performance,The mounting hardware is terrible.,negative,negative,negative,both_correct,5,False
6237,6,product quality and performance,"The anchors are week, the hooks are okay. It will work for now.",positive,positive,positive,both_correct,13,False
6256,0,"ease of use, assembly and convenience",Purchased to use in my bathroom for daily items I do not want to store under the sink.,negative,negative,negative,both_correct,18,True
6256,0,"price, cost and value for money",Purchased to use in my bathroom for daily items I do not want to store under the sink.,negative,negative,negative,both_correct,18,True
6256,1,"ease of use, assembly and convenience","Hair brushes, straightner.. has cardboard pieces that slip into side pockets and the fabric cardboard bottom",negative,negative,negative,both_correct,16,False
6256,2,"durability, washability and longevity",so it's fairly rigid and stury.,negative,positive,negative,bert_fixes_baseline_error,6,False
6256,2,product quality and performance,so it's fairly rigid and stury.,negative,positive,negative,bert_fixes_baseline_error,6,False
6256,3,product quality and performance,I paid 8$ as couldn't ask for better product.,negative,negative,negative,both_correct,9,True
6256,3,"price, cost and value for money",I paid 8$ as couldn't ask for better product.,negative,negative,negative,both_correct,9,True
6258,0,"design, appearance and looks",My son loves this.,positive,positive,positive,both_correct,4,False
6258,0,product quality and performance,My son loves this.,positive,positive,positive,both_correct,4,False
6258,1,"ease of use, assembly and convenience",He is 11 months and uses only sippys and this is perfect for on the go.,positive,positive,positive,both_correct,16,False
6258,1,product quality and performance,He is 11 months and uses only sippys and this is perfect for on the go.,positive,positive,positive,both_correct,16,False
6258,2,"design, appearance and looks",It has threads on both the top and bottom for different size water bottles.,negative,negative,negative,both_correct,14,False
6258,2,"ease of use, assembly and convenience",It has threads on both the top and bottom for different size water bottles.,negative,negative,negative,both_correct,14,False
6258,2,"size, dimensions and fit",It has threads on both the top and bottom for different size water bottles.,negative,negative,negative,both_correct,14,False
6258,3,"ease of use, assembly and convenience",I use the smaller threads on the regular size bottles and flip it for the 8 oz mini bottles.,negative,negative,negative,both_correct,19,False
6258,3,"design, appearance and looks",I use the smaller threads on the regular size bottles and flip it for the 8 oz mini bottles.,negative,negative,negative,both_correct,19,False
6258,4,product quality and performance,The water bottle does crunch in but this doesn't prevent him from getting every last drop.,negative,negative,negative,both_correct,16,True
6258,5,product quality and performance,Doesn't leak.,positive,positive,positive,both_correct,2,True
6258,5,"durability, washability and longevity",Doesn't leak.,positive,positive,positive,both_correct,2,True
6258,6,product quality and performance,Has not had an issue with getting out the liquids.,negative,positive,positive,both_wrong,10,True
6280,0,product quality and performance,I've used this for 2 babies and it's been good to me - don't really have anything to compare it to. It does sit low to the ground and it doesn't collapse easily for storage.,positive,negative,positive,bert_fixes_baseline_error,35,True
6280,1,"ease of use, assembly and convenience",But it is easy to disassemble.,negative,positive,negative,bert_fixes_baseline_error,6,True
6283,0,product quality and performance,Great stroller,positive,positive,positive,both_correct,2,False
6283,0,"design, appearance and looks",Great stroller,positive,positive,positive,both_correct,2,False
6293,1,"design, appearance and looks",Boy Blue from Disney's Glidden paint collection.,negative,positive,positive,both_wrong,7,False
6293,1,"comfort, softness and texture",Boy Blue from Disney's Glidden paint collection.,negative,positive,positive,both_wrong,7,False
6293,2,product quality and performance,A-freakin'-dorable!,positive,negative,negative,both_wrong,1,False
6293,2,"design, appearance and looks",A-freakin'-dorable!,positive,negative,negative,both_wrong,1,False
6317,0,product quality and performance,"If you like the MAM pacifiers, it's very likely that you will love this version which actually glows in the dark if held up to a lamp for a few minutes prior to turning off the lights.",positive,positive,positive,both_correct,37,False
6317,0,"design, appearance and looks","If you like the MAM pacifiers, it's very likely that you will love this version which actually glows in the dark if held up to a lamp for a few minutes prior to turning off the lights.",positive,positive,positive,both_correct,37,False
6317,1,"ease of use, assembly and convenience","Since we read together every night for at least 15 minutes before bed, we have the perfect opportunity to place the pacis underneath a lamp, then he takes one to bed.",positive,positive,positive,both_correct,31,False
6317,1,safety for babies and children,"Since we read together every night for at least 15 minutes before bed, we have the perfect opportunity to place the pacis underneath a lamp, then he takes one to bed.",positive,positive,negative,bert_introduces_new_error,31,False
6317,2,"design, appearance and looks","Younger kids may not benefit from the glow, but a 2 year old certainly appreciates being able to find it himself.",positive,positive,positive,both_correct,21,True
6317,3,"comfort, softness and texture","The colors of the pair I have is gender neutral, the stars draw together the soothing emotion he gets from the stars glowing on the ceiling from his nightlight.",positive,negative,positive,bert_fixes_baseline_error,29,False
6317,3,"design, appearance and looks","The colors of the pair I have is gender neutral, the stars draw together the soothing emotion he gets from the stars glowing on the ceiling from his nightlight.",positive,negative,positive,bert_fixes_baseline_error,29,False
6318,0,safety for babies and children,I tried my hardest to compare the ingredients in the baby Dove shampoo with the baby Dove tip to toe wash and the only ingredient in the shampoo that is not in the wash is Dimethiconol.,negative,negative,negative,both_correct,36,True
6318,1,safety for babies and children,"The order is a little different, but I was curious if both baby Dove products are necessary for a baby.",negative,positive,negative,bert_fixes_baseline_error,20,True
6318,3,product quality and performance,Both are a silicon-based polymer and both function as antifoaming or skin conditioning agents.,negative,positive,negative,bert_fixes_baseline_error,14,False
6318,3,"comfort, softness and texture",Both are a silicon-based polymer and both function as antifoaming or skin conditioning agents.,negative,positive,negative,bert_fixes_baseline_error,14,False
6318,4,product quality and performance,I think that both of these baby Dove products would be fine for head to toe use and would probably purchase the other instead of this one next time.,negative,negative,negative,both_correct,29,False
6318,4,"durability, washability and longevity",I think that both of these baby Dove products would be fine for head to toe use and would probably purchase the other instead of this one next time.,negative,negative,negative,both_correct,29,False
6318,5,"durability, washability and longevity",Three bottles of 13 ounces will last a long time since the baby doesn't have his hair washed every day.,negative,negative,negative,both_correct,20,True
6318,5,safety for babies and children,Three bottles of 13 ounces will last a long time since the baby doesn't have his hair washed every day.,negative,negative,negative,both_correct,20,True
6318,6,"design, appearance and looks",He also doesn't have a lot of hair since he's an infant.,negative,negative,negative,both_correct,12,True
6318,7,product quality and performance,"His older toddler brother has more hair, so this is really a better product for him.",negative,positive,negative,bert_fixes_baseline_error,16,False
6318,7,safety for babies and children,"His older toddler brother has more hair, so this is really a better product for him.",negative,positive,negative,bert_fixes_baseline_error,16,False
6318,8,"comfort, softness and texture",I like the feel of the lotion and don't mind the unscented scent.,negative,positive,positive,both_wrong,13,True
6318,8,product quality and performance,I like the feel of the lotion and don't mind the unscented scent.,negative,positive,positive,both_wrong,13,True
6318,9,product quality and performance,"It cleans well and doesn't make a lot of suds, so rinsing is quick.",negative,positive,negative,bert_fixes_baseline_error,14,True
6318,9,"durability, washability and longevity","It cleans well and doesn't make a lot of suds, so rinsing is quick.",negative,positive,negative,bert_fixes_baseline_error,14,True
6318,10,safety for babies and children,"I do not like having to open a cap, tilt and pour the shampoo since I have only two hands and one is used to hold the baby.",negative,negative,negative,both_correct,28,True
6318,10,"ease of use, assembly and convenience","I do not like having to open a cap, tilt and pour the shampoo since I have only two hands and one is used to hold the baby.",negative,negative,negative,both_correct,28,True
6318,11,"ease of use, assembly and convenience",A pump top would be a much better idea for safety and ease of use.,negative,negative,negative,both_correct,15,False
6318,11,product quality and performance,A pump top would be a much better idea for safety and ease of use.,negative,negative,negative,both_correct,15,False
6326,0,"durability, washability and longevity",We have used assorted Eucerin products for many years as well as others by Beiersdorf.,negative,positive,negative,bert_fixes_baseline_error,15,False
6326,0,product quality and performance,We have used assorted Eucerin products for many years as well as others by Beiersdorf.,negative,positive,negative,bert_fixes_baseline_error,15,False
6326,1,"comfort, softness and texture",The new baby wash and shampoo is wonderful and I am tempted to use it on my adult skin because I like it so much.,positive,positive,positive,both_correct,25,False
6326,1,product quality and performance,The new baby wash and shampoo is wonderful and I am tempted to use it on my adult skin because I like it so much.,positive,positive,positive,both_correct,25,False
6326,2,"comfort, softness and texture",The pump bottle makes it easy to dispense and the soap and fragrance free thick liquid develops a nice sudsy and soft texture when mixed with water on the skin and hair.,positive,positive,positive,both_correct,32,False
6326,2,"ease of use, assembly and convenience",The pump bottle makes it easy to dispense and the soap and fragrance free thick liquid develops a nice sudsy and soft texture when mixed with water on the skin and hair.,positive,positive,positive,both_correct,32,False
6326,4,"comfort, softness and texture","Not only is the baby clean and soft, but my hands feel fabulous after bathing him.",positive,positive,positive,both_correct,16,True
6326,4,product quality and performance,"Not only is the baby clean and soft, but my hands feel fabulous after bathing him.",positive,positive,positive,both_correct,16,True
6326,5,"comfort, softness and texture",This is my new favorite baby washing product.,positive,positive,positive,both_correct,8,False
6326,5,product quality and performance,This is my new favorite baby washing product.,positive,positive,positive,both_correct,8,False
6326,5,"durability, washability and longevity",This is my new favorite baby washing product.,positive,positive,positive,both_correct,8,False
6356,0,product quality and performance,The double gusset is like a safety feature and the velcro closure of the [[ASIN:B00FFSRGDQ,negative,negative,negative,both_correct,15,False
6356,0,"design, appearance and looks",The double gusset is like a safety feature and the velcro closure of the [[ASIN:B00FFSRGDQ,negative,negative,negative,both_correct,15,False
6356,1,"comfort, softness and texture","Thirsties Duo Wrap Diaper Cover with Hook and Loop, Blackbird, Size 1]] makes it comfortable for the baby while she is on her tummy.",positive,positive,positive,both_correct,24,False
6356,1,safety for babies and children,"Thirsties Duo Wrap Diaper Cover with Hook and Loop, Blackbird, Size 1]] makes it comfortable for the baby while she is on her tummy.",positive,positive,positive,both_correct,24,False
6356,1,"size, dimensions and fit","Thirsties Duo Wrap Diaper Cover with Hook and Loop, Blackbird, Size 1]] makes it comfortable for the baby while she is on her tummy.",positive,positive,positive,both_correct,24,False
6356,2,"design, appearance and looks","With a gender neutral design, this diaper cover is not only functional but nice to look at and adorable with a simple top when the weather is accommodating.",positive,positive,positive,both_correct,28,True
6356,2,product quality and performance,"With a gender neutral design, this diaper cover is not only functional but nice to look at and adorable with a simple top when the weather is accommodating.",positive,positive,positive,both_correct,28,True
6356,4,"durability, washability and longevity","If you opt for cloth diapers, this cover is recommended.",positive,positive,positive,both_correct,10,False
6356,4,"comfort, softness and texture","If you opt for cloth diapers, this cover is recommended.",positive,positive,positive,both_correct,10,False
6356,5,"price, cost and value for money",I only wish they were more affordable so that more consumers would use them.,negative,negative,negative,both_correct,14,False
6360,0,product quality and performance,"Made of 100% Polyester with Polyurethane coating, the [[ASIN:B00EDIISBS",negative,negative,negative,both_correct,9,False
6360,0,"durability, washability and longevity","Made of 100% Polyester with Polyurethane coating, the [[ASIN:B00EDIISBS",negative,negative,negative,both_correct,9,False
6360,1,"design, appearance and looks","Munchkin 6 Count Waterproof Changing Pad Liners]] were received in two plastic packages, each containing 3 nicely rolled and displayed waterproof liners.",positive,negative,positive,bert_fixes_baseline_error,22,False
6360,1,safety for babies and children,"Munchkin 6 Count Waterproof Changing Pad Liners]] were received in two plastic packages, each containing 3 nicely rolled and displayed waterproof liners.",positive,negative,positive,bert_fixes_baseline_error,22,False
6360,2,"design, appearance and looks","They are described as having, ""neutral design blends with home decors,"" and they are indeed neutral - white with a well done narrow bias trim edging of black on white.",positive,positive,positive,both_correct,30,False
6360,3,product quality and performance,They were made in China.,negative,negative,negative,both_correct,5,False
6360,4,product quality and performance,"Because their corners are quite rounded, the pads offer less protection than more square corners would, but they can be rolled into a more compact form with this shape.",negative,negative,negative,both_correct,29,True
6360,4,"ease of use, assembly and convenience","Because their corners are quite rounded, the pads offer less protection than more square corners would, but they can be rolled into a more compact form with this shape.",negative,negative,negative,both_correct,29,True
6360,5,"comfort, softness and texture","Since they are very lightweight, they are good for travel and they can also function as a bib or burp cloth when necessary.",positive,negative,positive,bert_fixes_baseline_error,23,False
6360,5,"ease of use, assembly and convenience","Since they are very lightweight, they are good for travel and they can also function as a bib or burp cloth when necessary.",positive,negative,positive,bert_fixes_baseline_error,23,False
6360,6,"size, dimensions and fit",I am currently using one for my 12 pound dog to protect her new bed although it's a little small for that purpose.,negative,negative,negative,both_correct,23,True
6360,6,product quality and performance,I am currently using one for my 12 pound dog to protect her new bed although it's a little small for that purpose.,negative,negative,negative,both_correct,23,True
6360,7,"size, dimensions and fit","These pads are not intended to be as protective as the pads we used for Mom for the past few years of her life, nor are they large enough for a typical adult's bottom, but they can be used horizontally underneath the baby's rear as they outgrow the space provided when she/he is positioned on the pad vertically.",negative,negative,negative,both_correct,58,True
6360,7,safety for babies and children,"These pads are not intended to be as protective as the pads we used for Mom for the past few years of her life, nor are they large enough for a typical adult's bottom, but they can be used horizontally underneath the baby's rear as they outgrow the space provided when she/he is positioned on the pad vertically.",negative,negative,negative,both_correct,58,True
6360,8,"design, appearance and looks","They are made very, very well, the packaging and presentation are well done, thereby making this a great item to include in a newborn baby's gift ensemble.",positive,positive,positive,both_correct,27,False
6360,8,product quality and performance,"They are made very, very well, the packaging and presentation are well done, thereby making this a great item to include in a newborn baby's gift ensemble.",positive,positive,positive,both_correct,27,False
6360,9,"size, dimensions and fit",Their size is most suitable for a young infant and they are definitely gender non-specific.,negative,positive,positive,both_wrong,15,False
6360,9,safety for babies and children,Their size is most suitable for a young infant and they are definitely gender non-specific.,negative,positive,positive,both_wrong,15,False
6360,10,"design, appearance and looks",I like them but would prefer they be a few inches larger in all directions.,positive,negative,negative,both_wrong,15,True
6360,10,"size, dimensions and fit",I like them but would prefer they be a few inches larger in all directions.,positive,negative,negative,both_wrong,15,True
6375,0,"ease of use, assembly and convenience",I bought this product for easy temperature readings of those in my household whenever needed.,negative,negative,negative,both_correct,15,True
6375,1,"price, cost and value for money",The price was also reasonable.,positive,negative,positive,bert_fixes_baseline_error,5,False
6375,1,product quality and performance,The price was also reasonable.,positive,negative,positive,bert_fixes_baseline_error,5,False
6380,0,"size, dimensions and fit",I use this XL for our dog toys.,negative,negative,negative,both_correct,8,False
6380,0,product quality and performance,I use this XL for our dog toys.,negative,negative,negative,both_correct,8,False
6380,1,"comfort, softness and texture","Yes, we have spoiled dogs.",negative,positive,negative,bert_fixes_baseline_error,5,False
6380,2,"design, appearance and looks",😆 I love this look of this basket.,positive,positive,positive,both_correct,8,False
6380,2,"comfort, softness and texture",😆 I love this look of this basket.,positive,positive,positive,both_correct,8,False
6380,4,"ease of use, assembly and convenience",The good side is that it can be reshaped easily.,positive,positive,positive,both_correct,10,False
6380,4,"design, appearance and looks",The good side is that it can be reshaped easily.,positive,positive,positive,both_correct,10,False
6380,5,"price, cost and value for money","Overall, I would buy another and may if we buy more toys.. 🤣",negative,negative,negative,both_correct,13,True
6380,5,product quality and performance,"Overall, I would buy another and may if we buy more toys.. 🤣",negative,negative,negative,both_correct,13,True
6382,1,"price, cost and value for money",You gain and my loss.,negative,positive,positive,both_wrong,5,False
6388,0,"ease of use, assembly and convenience",Great for grandparents making the child restraint easy to release,positive,positive,positive,both_correct,10,False
6388,0,safety for babies and children,Great for grandparents making the child restraint easy to release,positive,positive,positive,both_correct,10,False
6393,0,product quality and performance,For travelling is good.,positive,positive,positive,both_correct,4,False
6409,1,product quality and performance,They are hard to suck out of.,positive,negative,negative,both_wrong,7,False
6409,2,"ease of use, assembly and convenience",It's easier for my 10mo old to just suck out of the end of the pouch in a pinch.,negative,negative,negative,both_correct,19,False
6409,2,safety for babies and children,It's easier for my 10mo old to just suck out of the end of the pouch in a pinch.,negative,negative,negative,both_correct,19,False
6430,0,product quality and performance,love the suction stay in place idea.,positive,positive,positive,both_correct,7,False
6430,0,"durability, washability and longevity",love the suction stay in place idea.,positive,positive,positive,both_correct,7,False
6445,0,"ease of use, assembly and convenience","So safe, easy to install, not too hard to get into when you need to switch plugs.",positive,positive,positive,both_correct,17,True
6445,0,product quality and performance,"So safe, easy to install, not too hard to get into when you need to switch plugs.",positive,positive,positive,both_correct,17,True
6492,0,product quality and performance,"It's actually nice and quiet, and spins smoothly, once the music is cut, which is pretty easy to do with four small Philips head screws and scissors, just cut one of the wires going to the single speaker!",positive,negative,positive,bert_fixes_baseline_error,38,False
6492,0,"ease of use, assembly and convenience","It's actually nice and quiet, and spins smoothly, once the music is cut, which is pretty easy to do with four small Philips head screws and scissors, just cut one of the wires going to the single speaker!",positive,negative,positive,bert_fixes_baseline_error,38,False
6493,0,"design, appearance and looks","For my daughter's 5th birthday, she asked for a garden party theme since she loves flowers and butterflies.",negative,positive,positive,both_wrong,18,False
6493,1,"design, appearance and looks","In my search for decorations, I came across these and thought I'd try them out.",negative,negative,negative,both_correct,15,False
6493,2,"design, appearance and looks",We have purchased wall decals before when we decorated the kid's bedrooms but hadn't thought to use them for party decorations until now.,negative,negative,negative,both_correct,23,True
6493,3,"design, appearance and looks",I spread these flowers around the dining room walls and they look great.,positive,positive,positive,both_correct,13,False
6493,4,product quality and performance,These are much better and cheaper than other party decorations I have bought!,positive,positive,positive,both_correct,13,False
6493,4,"price, cost and value for money",These are much better and cheaper than other party decorations I have bought!,positive,positive,positive,both_correct,13,False
6493,5,product quality and performance,I personally didn't have any problems with them ripping or bubbling and they didn't feel or look cheap at all.,negative,negative,positive,bert_introduces_new_error,20,True
6493,5,"design, appearance and looks",I personally didn't have any problems with them ripping or bubbling and they didn't feel or look cheap at all.,negative,negative,positive,bert_introduces_new_error,20,True
6493,5,"price, cost and value for money",I personally didn't have any problems with them ripping or bubbling and they didn't feel or look cheap at all.,negative,negative,positive,bert_introduces_new_error,20,True
6493,6,"ease of use, assembly and convenience",They were super easy to peel and stick on the walls and I have no doubt they will come off just as easily.,positive,negative,positive,bert_fixes_baseline_error,23,True
6493,6,product quality and performance,They were super easy to peel and stick on the walls and I have no doubt they will come off just as easily.,positive,negative,positive,bert_fixes_baseline_error,23,True
6493,7,"design, appearance and looks","Of course, they look so cute we may not want to remove them for a while.",positive,positive,positive,both_correct,16,True
6493,8,product quality and performance,These are great and I would definitely purchase them again.,positive,positive,positive,both_correct,10,False
6493,8,"design, appearance and looks",These are great and I would definitely purchase them again.,positive,positive,positive,both_correct,10,False
6493,9,safety for babies and children,"In fact, I'm thinking of getting another set to use on the kid's bathroom.",negative,negative,negative,both_correct,14,True
6493,9,"design, appearance and looks","In fact, I'm thinking of getting another set to use on the kid's bathroom.",negative,negative,negative,both_correct,14,True
6523,0,"price, cost and value for money",I purchased this twice with both my kids.,positive,positive,positive,both_correct,8,False
6523,0,product quality and performance,I purchased this twice with both my kids.,positive,positive,positive,both_correct,8,False
6523,1,product quality and performance,This cradle cap brush is the only one that helps it disappeared.,negative,negative,negative,both_correct,12,False
6523,1,safety for babies and children,This cradle cap brush is the only one that helps it disappeared.,negative,negative,negative,both_correct,12,False
6523,2,product quality and performance,It brushes out most of it in the first couple uses.,negative,negative,negative,both_correct,11,False
6523,3,product quality and performance,Definently does the job.,positive,positive,positive,both_correct,4,False
6523,3,"ease of use, assembly and convenience",Definently does the job.,positive,positive,positive,both_correct,4,False
6523,4,"comfort, softness and texture",Massage a bit of coconut oil than give bath.,negative,negative,negative,both_correct,9,False
6538,0,product quality and performance,I had higher expectations for this.,negative,negative,negative,both_correct,6,False
6538,1,product quality and performance,It is NOT what I thought it would be.,negative,negative,negative,both_correct,9,True
6538,2,"design, appearance and looks",It's a light..,positive,positive,positive,both_correct,3,False
6538,2,"comfort, softness and texture",It's a light..,positive,positive,positive,both_correct,3,False
6538,3,"design, appearance and looks",it changes colors..,positive,positive,positive,both_correct,3,False
6538,5,"price, cost and value for money","If I still do that I will have to take it out of the ""cheap"" looking box it came in and use a gift bag.",negative,negative,negative,both_correct,25,False
6538,5,"design, appearance and looks","If I still do that I will have to take it out of the ""cheap"" looking box it came in and use a gift bag.",negative,negative,negative,both_correct,25,False
6538,5,"packaging, shipping and delivery","If I still do that I will have to take it out of the ""cheap"" looking box it came in and use a gift bag.",negative,negative,negative,both_correct,25,False
6543,1,safety for babies and children,Kept my little girls legs from getting stuck between the crib bars.,positive,negative,positive,bert_fixes_baseline_error,12,False
6543,1,product quality and performance,Kept my little girls legs from getting stuck between the crib bars.,positive,negative,positive,bert_fixes_baseline_error,12,False
6546,1,product quality and performance,I have no issue with this and find the 2 different sizes to be practical without being obtrusive in the room they are going to be used.,positive,negative,positive,bert_fixes_baseline_error,27,True
6546,1,"design, appearance and looks",I have no issue with this and find the 2 different sizes to be practical without being obtrusive in the room they are going to be used.,positive,negative,positive,bert_fixes_baseline_error,27,True
6546,2,product quality and performance,For the price the quality seems to be very good and while I haven't had them for a long time I think they will last without any flaws or other problems.,positive,positive,positive,both_correct,31,True
6546,2,"price, cost and value for money",For the price the quality seems to be very good and while I haven't had them for a long time I think they will last without any flaws or other problems.,positive,positive,positive,both_correct,31,True
6546,2,"durability, washability and longevity",For the price the quality seems to be very good and while I haven't had them for a long time I think they will last without any flaws or other problems.,positive,positive,positive,both_correct,31,True
6546,3,"design, appearance and looks",The color is neutral which is good for using in a variety of rooms and colors of the decor.,positive,positive,positive,both_correct,19,False
6546,4,"size, dimensions and fit",I have the larger size in my upstairs master bedroom and the smaller one in my downstairs sunroom - both being used for magazines.,negative,negative,negative,both_correct,24,False
6546,5,"ease of use, assembly and convenience","Also I want to mention that the handles are leather and are attached securely, enough so to be used to pick up the baskets and move them around the house even when they have things in it.",positive,positive,positive,both_correct,37,False
6546,5,product quality and performance,"Also I want to mention that the handles are leather and are attached securely, enough so to be used to pick up the baskets and move them around the house even when they have things in it.",positive,positive,positive,both_correct,37,False
6546,6,"design, appearance and looks",Since it's said that a picture is worth a thousand words I will try to attach a few of the smaller one to show how they look in person.,negative,negative,positive,bert_introduces_new_error,29,False
6574,0,safety for babies and children,This is a good product for the kitchen island to protect our grandson from hurting himself on the corners.,positive,positive,positive,both_correct,19,False
6574,0,product quality and performance,This is a good product for the kitchen island to protect our grandson from hurting himself on the corners.,positive,positive,positive,both_correct,19,False
6574,1,"comfort, softness and texture",Also protects parent's hips.,positive,positive,positive,both_correct,4,False
6574,1,safety for babies and children,Also protects parent's hips.,positive,positive,positive,both_correct,4,False
6578,0,"design, appearance and looks",Made a great baby gift and the personalization on the blanket is very nice and well done,positive,positive,positive,both_correct,17,False
6578,0,product quality and performance,Made a great baby gift and the personalization on the blanket is very nice and well done,positive,positive,positive,both_correct,17,False
6579,0,safety for babies and children,Our three month old grandson kind of tense up when you put a cold wipe on his tush!,negative,negative,negative,both_correct,18,False
6579,1,product quality and performance,This thing fits the bill just right!,positive,positive,positive,both_correct,7,False
6579,1,"ease of use, assembly and convenience",This thing fits the bill just right!,positive,positive,positive,both_correct,7,False
6579,1,"size, dimensions and fit",This thing fits the bill just right!,positive,positive,positive,both_correct,7,False
6579,2,safety for babies and children,We don't have to use it all the time because we just babysit every now and then,negative,negative,positive,bert_introduces_new_error,17,True
6579,2,"price, cost and value for money",We don't have to use it all the time because we just babysit every now and then,negative,negative,positive,bert_introduces_new_error,17,True
6579,3,"comfort, softness and texture",but it's nice to have it when he comes.,positive,positive,positive,both_correct,9,True
6579,3,"ease of use, assembly and convenience",but it's nice to have it when he comes.,positive,positive,positive,both_correct,9,True
6599,0,product quality and performance,"This product worked okay a few times, but when I tried a different brand, I noticed a huge difference.",positive,positive,positive,both_correct,19,True
6599,1,product quality and performance,"This item was not nearly as sharp and precise, so I just threw this one away.",negative,negative,negative,both_correct,16,True
6616,0,product quality and performance,These diapers are great.,positive,positive,positive,both_correct,4,False
6616,0,"comfort, softness and texture",These diapers are great.,positive,positive,positive,both_correct,4,False
6616,1,product quality and performance,No leaks yet or rashes and this is my second box.,negative,negative,positive,bert_introduces_new_error,11,True
6616,1,"durability, washability and longevity",No leaks yet or rashes and this is my second box.,negative,negative,positive,bert_introduces_new_error,11,True
6620,0,"ease of use, assembly and convenience",Super cute and very easy to install.,positive,positive,positive,both_correct,7,False
6620,0,"design, appearance and looks",Super cute and very easy to install.,positive,positive,positive,both_correct,7,False
6644,0,"price, cost and value for money",I buy a box of these for puppies whenever we have a litter.,negative,negative,negative,both_correct,13,True
6644,0,"comfort, softness and texture",I buy a box of these for puppies whenever we have a litter.,negative,negative,negative,both_correct,13,True
6644,1,safety for babies and children,Because it does not gum up and cause a choking problem like some baby cookies or treats do.,negative,negative,negative,both_correct,18,True
6644,1,product quality and performance,Because it does not gum up and cause a choking problem like some baby cookies or treats do.,negative,positive,negative,bert_fixes_baseline_error,18,True
6649,0,"size, dimensions and fit","You can't flush TP in an RV and, the room is too small for a trash can, but diaper genie fits, and can hide the smell of a weeks worth of disgusting tissue.",negative,negative,negative,both_correct,33,True
6649,1,"durability, washability and longevity","Before this purchase I was using plastic grocery bags hanging from the TP holder, the bag had to be changed at least twice a day to control oder, even if there were only 2 or 3 wads.",negative,negative,negative,both_correct,37,False
6649,1,product quality and performance,"Before this purchase I was using plastic grocery bags hanging from the TP holder, the bag had to be changed at least twice a day to control oder, even if there were only 2 or 3 wads.",negative,negative,negative,both_correct,37,False
6649,2,product quality and performance,"In essence, diaper genie is saving the planet one go at a time 😂 Thought I'd lost my mind paying over 40.00 for a bathroom trash can but trust me, it could be the best 40 bucks I ever spent!",positive,positive,positive,both_correct,40,True
6649,2,"price, cost and value for money","In essence, diaper genie is saving the planet one go at a time 😂 Thought I'd lost my mind paying over 40.00 for a bathroom trash can but trust me, it could be the best 40 bucks I ever spent!",positive,positive,positive,both_correct,40,True
6654,0,product quality and performance,"Bought for my grand daughter, beautifully made, and sturdy.",positive,positive,positive,both_correct,9,False
6654,0,"design, appearance and looks","Bought for my grand daughter, beautifully made, and sturdy.",positive,positive,positive,both_correct,9,False
6671,1,"ease of use, assembly and convenience",Thats it no paper no clip to hold it still its just the ink pad and it's tiny and you can probably get about 3 tries from it so don't mess up.,positive,positive,positive,both_correct,32,True
6671,1,product quality and performance,Thats it no paper no clip to hold it still its just the ink pad and it's tiny and you can probably get about 3 tries from it so don't mess up.,positive,negative,positive,bert_fixes_baseline_error,32,True
6671,2,customer service and seller support,But it does come with a card that claims you wom a free gift that when you try to claim it keeps saying opps something went wrong.,negative,positive,negative,bert_fixes_baseline_error,27,True
6674,0,"price, cost and value for money",I got this to keep my dog out of the laundry room.,negative,negative,negative,both_correct,12,False
6674,1,product quality and performance,It's working perfectly.,positive,positive,positive,both_correct,3,False
6674,2,"ease of use, assembly and convenience",It seems to be pretty durable and can be set up in less than 5 minutes,positive,positive,positive,both_correct,16,False
6674,2,product quality and performance,It seems to be pretty durable and can be set up in less than 5 minutes,positive,positive,positive,both_correct,16,False
6684,0,"ease of use, assembly and convenience",Great value and very handy.,positive,positive,positive,both_correct,5,False
6684,0,product quality and performance,Great value and very handy.,positive,positive,positive,both_correct,5,False
6684,0,"price, cost and value for money",Great value and very handy.,positive,positive,positive,both_correct,5,False
6684,1,"durability, washability and longevity",Hold quite a bit,positive,positive,positive,both_correct,4,False
6684,1,"comfort, softness and texture",Hold quite a bit,positive,positive,positive,both_correct,4,False
6717,0,"design, appearance and looks",Purchased 2 of these.,positive,positive,negative,bert_introduces_new_error,4,False
6717,0,"price, cost and value for money",Purchased 2 of these.,positive,positive,positive,both_correct,4,False
6717,2,product quality and performance,Easy to use and accurate.,positive,positive,positive,both_correct,5,False
6717,2,"ease of use, assembly and convenience",Easy to use and accurate.,positive,positive,positive,both_correct,5,False
6724,0,"comfort, softness and texture",Material is nice.,positive,positive,positive,both_correct,3,False
6724,0,product quality and performance,Material is nice.,positive,positive,positive,both_correct,3,False
6724,1,"size, dimensions and fit",We bought the medium size.,positive,positive,positive,both_correct,5,False
6724,1,"price, cost and value for money",We bought the medium size.,positive,positive,positive,both_correct,5,False
6724,2,"price, cost and value for money",Almost bought the next size down because my baby was about 12 lbs when this was bought.,negative,negative,negative,both_correct,17,False
6724,2,"size, dimensions and fit",Almost bought the next size down because my baby was about 12 lbs when this was bought.,negative,negative,negative,both_correct,17,False
6724,4,"comfort, softness and texture",It fits so snug.,negative,positive,negative,bert_fixes_baseline_error,4,False
6724,4,product quality and performance,It fits so snug.,negative,positive,negative,bert_fixes_baseline_error,4,False
6724,4,"size, dimensions and fit",It fits so snug.,negative,positive,negative,bert_fixes_baseline_error,4,False
6724,6,product quality and performance,We almost had a hard time zipping it up.,negative,negative,negative,both_correct,9,False
6724,6,"size, dimensions and fit",We almost had a hard time zipping it up.,negative,negative,negative,both_correct,9,False
6724,7,"size, dimensions and fit",There's no way a bigger baby could've fit into this.,negative,negative,negative,both_correct,10,True
6724,7,safety for babies and children,There's no way a bigger baby could've fit into this.,negative,negative,negative,both_correct,10,True
6724,8,safety for babies and children,My baby hated having her arms stuck in the up position.,negative,negative,positive,bert_introduces_new_error,11,False
6724,9,product quality and performance,"I thought it would be a good transition swaddle, boy was I wrong.",negative,positive,negative,bert_fixes_baseline_error,13,False
6724,9,safety for babies and children,"I thought it would be a good transition swaddle, boy was I wrong.",negative,positive,negative,bert_fixes_baseline_error,13,False
6724,10,product quality and performance,"To be fair, it could all be baby's preference, but this did not work for us at all.",negative,negative,negative,both_correct,18,True
6724,10,"design, appearance and looks","To be fair, it could all be baby's preference, but this did not work for us at all.",negative,negative,negative,both_correct,18,True
6724,11,product quality and performance,We didn't get any sleep the one night we tried it.,negative,negative,negative,both_correct,11,True
6724,12,"price, cost and value for money",Very disappointing considering how much it was.,negative,negative,negative,both_correct,7,False
6724,12,product quality and performance,Very disappointing considering how much it was.,negative,negative,negative,both_correct,7,False
6744,0,product quality and performance,This over the door storage organizer is perfect.,positive,positive,positive,both_correct,8,False
6744,0,"ease of use, assembly and convenience",This over the door storage organizer is perfect.,positive,positive,positive,both_correct,8,False
6744,1,"ease of use, assembly and convenience","My son was able to store a ton of his stuffed animals, even large ones like a stuffed snake AND several of his Nerf weapons. <br",positive,negative,negative,both_wrong,26,False
6744,1,"size, dimensions and fit","My son was able to store a ton of his stuffed animals, even large ones like a stuffed snake AND several of his Nerf weapons. <br",positive,negative,negative,both_wrong,26,False
6744,2,"ease of use, assembly and convenience","/>It took my husband about five minutes to set this up and then my son filled it within about thirty minutes. The best thing about this organizer is that you can see everything in the pouches, no more digging through toys trying to find the right one.",negative,negative,negative,both_correct,47,True
6744,2,product quality and performance,"/>It took my husband about five minutes to set this up and then my son filled it within about thirty minutes. The best thing about this organizer is that you can see everything in the pouches, no more digging through toys trying to find the right one.",negative,negative,negative,both_correct,47,True
6744,3,"design, appearance and looks",I've seen these organizers for years and the only reason I didn't get one was because we were always renters and I was worried that it might leave a mark on the top of the door and that we would end up losing our entire deposit.,negative,negative,negative,both_correct,46,True
6744,4,product quality and performance,"Well, so far, it hasn't left a mark). The stuffed animals in the top pouches are, of course, very lightweight, but Nerf weapons are heavy, especially the larger pieces and so far, this organizer is showing zero signs that this is a problem.",negative,negative,negative,both_correct,43,True
6744,4,"durability, washability and longevity","Well, so far, it hasn't left a mark). The stuffed animals in the top pouches are, of course, very lightweight, but Nerf weapons are heavy, especially the larger pieces and so far, this organizer is showing zero signs that this is a problem.",negative,negative,negative,both_correct,43,True
6744,5,product quality and performance,"But, I wonder how it will do with repeated opening and closing of the door.",negative,negative,negative,both_correct,15,False
6744,5,"durability, washability and longevity","But, I wonder how it will do with repeated opening and closing of the door.",negative,negative,negative,both_correct,15,False
6745,0,safety for babies and children,Swaddling is the way to go with infants and this blaket is perfection. I,positive,positive,positive,both_correct,14,False
6745,0,"comfort, softness and texture",Swaddling is the way to go with infants and this blaket is perfection. I,positive,positive,positive,both_correct,14,False
6745,1,"design, appearance and looks","don't know how durable it is, I doubt this will hold up to more than a years worth of washings before turning into a flimsy, threadbare rag, but you can get a lot of valuable soothing swaddling out of it in that year. The stars are pretty and seem suited to either gender or for a genderless treatment. <br",positive,negative,positive,bert_fixes_baseline_error,59,True
6745,1,"durability, washability and longevity","don't know how durable it is, I doubt this will hold up to more than a years worth of washings before turning into a flimsy, threadbare rag, but you can get a lot of valuable soothing swaddling out of it in that year. The stars are pretty and seem suited to either gender or for a genderless treatment. <br",positive,negative,positive,bert_fixes_baseline_error,59,True
6745,2,"design, appearance and looks","/>I washed this on warm with like minded colors and dried on gentle, removing it from the dryer before the cycle was over to hang it up for a day, so it might be worth it to buy two of these swaddling blankets so that you don't have to wait for it to be ready in between washes. All in all a really nice and pretty baby blanket.",positive,positive,positive,both_correct,68,True
6745,2,"durability, washability and longevity","/>I washed this on warm with like minded colors and dried on gentle, removing it from the dryer before the cycle was over to hang it up for a day, so it might be worth it to buy two of these swaddling blankets so that you don't have to wait for it to be ready in between washes. All in all a really nice and pretty baby blanket.",positive,positive,positive,both_correct,68,True
6759,0,product quality and performance,My most helpful review will be to compare the Evenflo DLX to the this Evenflo LX. Both are sturdy seats and fine when installed.,positive,positive,positive,both_correct,24,False
6759,0,"ease of use, assembly and convenience",My most helpful review will be to compare the Evenflo DLX to the this Evenflo LX. Both are sturdy seats and fine when installed.,positive,positive,positive,both_correct,24,False
6759,1,"ease of use, assembly and convenience",Both have the same easy release system which makes removing the seat a snap.<br,negative,positive,negative,bert_fixes_baseline_error,14,False
6759,1,product quality and performance,Both have the same easy release system which makes removing the seat a snap.<br,negative,positive,negative,bert_fixes_baseline_error,14,False
6759,2,"ease of use, assembly and convenience","DLX seemed heavier, with more padding. However, the DLX has a ratchet system on one side, which makes tightening the seat very easy.",negative,positive,negative,bert_fixes_baseline_error,23,True
6759,2,product quality and performance,"DLX seemed heavier, with more padding. However, the DLX has a ratchet system on one side, which makes tightening the seat very easy.",negative,negative,negative,both_correct,23,True
6759,3,"ease of use, assembly and convenience","No pushing down, no straining, no grunting.",negative,negative,negative,both_correct,7,True
6759,3,safety for babies and children,"No pushing down, no straining, no grunting.",negative,negative,negative,both_correct,7,True
6759,5,"price, cost and value for money","I grunted, I groaned, I pulled hard on the strap. It probably would have been a lot easier to install on a vehicle with more interior space. Mine is a Ford Fusion Sedan. If financially feasible, I would recommend springing for the higher priced DLX.",negative,negative,negative,both_correct,45,False
6759,5,product quality and performance,"I grunted, I groaned, I pulled hard on the strap. It probably would have been a lot easier to install on a vehicle with more interior space. Mine is a Ford Fusion Sedan. If financially feasible, I would recommend springing for the higher priced DLX.",negative,negative,negative,both_correct,45,False
6759,6,product quality and performance,You won't regret it. FYI. <br,positive,positive,positive,both_correct,6,True
6759,7,safety for babies and children,/>Both car seats are installed on a 2017 Ford Fusion Platinum. The,positive,negative,positive,bert_fixes_baseline_error,12,False
6759,7,product quality and performance,/>Both car seats are installed on a 2017 Ford Fusion Platinum. The,positive,negative,positive,bert_fixes_baseline_error,12,False
6759,12,safety for babies and children,The tether straps come from the manufacturer hooked into the seat.,negative,negative,negative,both_correct,11,False
6759,13,"durability, washability and longevity",They should remain that way if you use seat belts.,negative,negative,negative,both_correct,10,False
6759,14,safety for babies and children,"If you use the tether straps, you need to pull downwards on the red ribbons, to release the hooks from the seat.",negative,negative,negative,both_correct,22,False
6759,15,safety for babies and children,"I went to You Tube to try to figure it out, and the videos did not show how to release the straps from the seat, for initial tether use.",negative,negative,negative,both_correct,29,True
6759,16,product quality and performance,"They also only showed videos of the DLX, which had the ratchets for tightening.",negative,negative,negative,both_correct,14,False
6759,16,"ease of use, assembly and convenience","They also only showed videos of the DLX, which had the ratchets for tightening.",negative,negative,negative,both_correct,14,False
6759,17,product quality and performance,I don't remember having that issue with the DLX. I mentioned my car is the Fusion Platinum for a reason.,negative,negative,negative,both_correct,20,True
6759,17,"design, appearance and looks",I don't remember having that issue with the DLX. I mentioned my car is the Fusion Platinum for a reason.,negative,negative,negative,both_correct,20,True
6759,18,"design, appearance and looks",It has a very high padded bump on the front of the seat.,negative,positive,negative,bert_fixes_baseline_error,13,False
6759,18,"comfort, softness and texture",It has a very high padded bump on the front of the seat.,negative,positive,negative,bert_fixes_baseline_error,13,False
6759,19,"size, dimensions and fit","Because of this, I wasn't able to get a good fit on the rear facing DLX I installed.",negative,negative,negative,both_correct,18,True
6759,19,product quality and performance,"Because of this, I wasn't able to get a good fit on the rear facing DLX I installed.",negative,negative,negative,both_correct,18,True
6759,20,safety for babies and children,"With a rear facing seat holding an infant, the recline must be carefully set.",negative,positive,negative,bert_fixes_baseline_error,14,False
6759,21,safety for babies and children,"I took it to an Evenflow car seat clinic, sponsored by our local children's hospital.",negative,negative,negative,both_correct,15,False
6759,21,customer service and seller support,"I took it to an Evenflow car seat clinic, sponsored by our local children's hospital.",negative,negative,negative,both_correct,15,False
6759,22,safety for babies and children,"They put a towel underneath the car seat, to level it.",negative,negative,negative,both_correct,11,False
6759,22,product quality and performance,"They put a towel underneath the car seat, to level it.",negative,negative,negative,both_correct,11,False
6759,24,safety for babies and children,"don't think that's necessary on a front facing seat holding a toddler, or older child.",negative,negative,negative,both_correct,15,True
6759,24,"design, appearance and looks","don't think that's necessary on a front facing seat holding a toddler, or older child.",negative,negative,negative,both_correct,15,True
6771,0,product quality and performance,"Purchased the wrong product, but the quality is good.",positive,positive,positive,both_correct,9,True
6771,1,product quality and performance,"Turns out I needed cord guides, not cleats. No reason to give it less than 5 stars.",negative,negative,negative,both_correct,17,True
6776,0,"comfort, softness and texture",Why should babies get all the calming fun products?,negative,positive,negative,bert_fixes_baseline_error,9,False
6776,2,product quality and performance,It has so many great natural ingredients in it including natural honey.,positive,positive,positive,both_correct,12,False
6776,2,"comfort, softness and texture",It has so many great natural ingredients in it including natural honey.,positive,positive,positive,both_correct,12,False
6776,3,"comfort, softness and texture",I use this after showering but also use it as a hand lotion during the day.,negative,negative,negative,both_correct,16,True
6776,3,"durability, washability and longevity",I use this after showering but also use it as a hand lotion during the day.,negative,negative,negative,both_correct,16,True
6776,4,"comfort, softness and texture",It is so calming and healing.,positive,positive,positive,both_correct,6,False
6776,6,product quality and performance,Like all of Mee's beauty products this one is a winner.,positive,positive,positive,both_correct,11,False
6776,6,"design, appearance and looks",Like all of Mee's beauty products this one is a winner.,positive,positive,positive,both_correct,11,False
6776,7,product quality and performance,I especially like using this in the winter when the air is dry and your skin feels itchy.,negative,positive,negative,bert_fixes_baseline_error,18,False
6776,7,"comfort, softness and texture",I especially like using this in the winter when the air is dry and your skin feels itchy.,negative,positive,negative,bert_fixes_baseline_error,18,False
6776,8,"comfort, softness and texture","This lotion is magic, you just have to try it. <br",positive,positive,negative,bert_introduces_new_error,11,False
6776,8,product quality and performance,"This lotion is magic, you just have to try it. <br",positive,negative,negative,both_wrong,11,False
6793,0,product quality and performance,Leak proof unless it is beaten on the floor😳but it works very well.,negative,positive,positive,both_wrong,13,True
6793,0,"durability, washability and longevity",Leak proof unless it is beaten on the floor😳but it works very well.,negative,positive,positive,both_wrong,13,True
6793,1,safety for babies and children,Great for toddlers and handles to hold on to.,positive,positive,positive,both_correct,9,False
6793,1,"comfort, softness and texture",Great for toddlers and handles to hold on to.,positive,positive,positive,both_correct,9,False
6793,2,"design, appearance and looks",Pretty colors that don't fade.,positive,positive,positive,both_correct,5,True
6793,2,"durability, washability and longevity",Pretty colors that don't fade.,positive,positive,positive,both_correct,5,True
6796,0,"comfort, softness and texture",Nice cover for a mini crib mattress.,positive,positive,positive,both_correct,7,False
6796,0,"design, appearance and looks",Nice cover for a mini crib mattress.,positive,positive,positive,both_correct,7,False
6813,1,product quality and performance,This lotion won't irritate their skin and keep their skin smooth and hydrated.,positive,positive,positive,both_correct,13,True
6813,1,"comfort, softness and texture",This lotion won't irritate their skin and keep their skin smooth and hydrated.,positive,positive,positive,both_correct,13,True
6813,2,product quality and performance,We all happy to use it.,positive,positive,positive,both_correct,6,False
6813,2,"ease of use, assembly and convenience",We all happy to use it.,positive,positive,positive,both_correct,6,False
6818,0,"design, appearance and looks",This bottle brush is great for Hubby's water bottle.,positive,positive,positive,both_correct,9,False
6818,0,product quality and performance,This bottle brush is great for Hubby's water bottle.,positive,positive,positive,both_correct,9,False
6818,1,"ease of use, assembly and convenience",It's the little things like this that make life easier!,positive,positive,positive,both_correct,10,False
6823,0,product quality and performance,Fence works great!,positive,positive,positive,both_correct,3,False
6823,0,"ease of use, assembly and convenience",Fence works great!,positive,positive,positive,both_correct,3,False
6823,1,"durability, washability and longevity",I have bought 3 to use in various places!,positive,positive,positive,both_correct,9,False
6823,1,"ease of use, assembly and convenience",I have bought 3 to use in various places!,positive,positive,positive,both_correct,9,False
6825,0,product quality and performance,Great Quality!,positive,positive,positive,both_correct,2,False
6825,0,"durability, washability and longevity",Great Quality!,positive,positive,positive,both_correct,2,False
6825,1,"design, appearance and looks",Kids love it!,positive,positive,positive,both_correct,3,False
6834,0,product quality and performance,It works on smaller openings.,positive,positive,positive,both_correct,5,False
6834,0,"ease of use, assembly and convenience",It works on smaller openings.,positive,positive,positive,both_correct,5,False
6834,1,product quality and performance,"Got this to keep my puppy in certain rooms, and she learned how to jump it, move it and get around it in less than a month.",positive,negative,negative,both_wrong,27,False
6834,1,"ease of use, assembly and convenience","Got this to keep my puppy in certain rooms, and she learned how to jump it, move it and get around it in less than a month.",positive,negative,positive,bert_fixes_baseline_error,27,False
6838,0,product quality and performance,"My friend said she likes it, but has flaws.",negative,negative,negative,both_correct,9,True
6838,0,"design, appearance and looks","My friend said she likes it, but has flaws.",negative,negative,negative,both_correct,9,True
6838,2,"design, appearance and looks",It looks nice and is handy,positive,positive,positive,both_correct,6,False
6838,2,product quality and performance,It looks nice and is handy,positive,positive,positive,both_correct,6,False
6840,0,safety for babies and children,Needed to protect a plug from my kid.,negative,negative,negative,both_correct,8,False
6840,1,customer service and seller support,"He wants to help, amd iniust don't trust him.",negative,negative,negative,both_correct,9,True
6840,2,product quality and performance,"This is an ok one, it is a tad flimsy, and easier to open then other brands, but for where it is, it will work",positive,positive,positive,both_correct,25,True
6840,2,"ease of use, assembly and convenience","This is an ok one, it is a tad flimsy, and easier to open then other brands, but for where it is, it will work",positive,positive,positive,both_correct,25,True
6855,0,product quality and performance,We would have loved to use these.,positive,positive,positive,both_correct,7,False
6855,0,"design, appearance and looks",We would have loved to use these.,positive,positive,positive,both_correct,7,False
6855,1,product quality and performance,Sadly they do not line up correctly to our light plates.,negative,negative,negative,both_correct,11,True
6855,1,"design, appearance and looks",Sadly they do not line up correctly to our light plates.,negative,negative,negative,both_correct,11,True
6855,2,"size, dimensions and fit","We live in the USA, and the screw holes are too far apart from each other.",negative,negative,negative,both_correct,16,False
6855,2,product quality and performance,"We live in the USA, and the screw holes are too far apart from each other.",negative,negative,negative,both_correct,16,False
6855,3,product quality and performance,"if you screw them in, the light wont turn on.",positive,negative,positive,bert_fixes_baseline_error,10,False
6855,5,product quality and performance,"the screws they give, also turn when the light is turned on or off, and wiggle themselves loose.",negative,negative,negative,both_correct,18,False
6855,5,"ease of use, assembly and convenience","the screws they give, also turn when the light is turned on or off, and wiggle themselves loose.",negative,negative,negative,both_correct,18,False
6855,7,safety for babies and children,"did look cute, and the glow part worked, but safety is our first concern",positive,positive,positive,both_correct,14,True
6855,7,"design, appearance and looks","did look cute, and the glow part worked, but safety is our first concern",positive,positive,positive,both_correct,14,True
6858,2,product quality and performance,This is what his parents prefer to use.,positive,positive,positive,both_correct,8,False
6858,3,"comfort, softness and texture",His skin is soft and smooth.,positive,positive,positive,both_correct,6,False
6858,3,"design, appearance and looks",His skin is soft and smooth.,positive,positive,positive,both_correct,6,False
6884,0,product quality and performance,This did just perfect.,positive,positive,positive,both_correct,4,False
6884,0,"ease of use, assembly and convenience",This did just perfect.,positive,positive,positive,both_correct,4,False
6884,1,"size, dimensions and fit",I was a little worried that it wouldn't fit my son's pack n play mattress.,negative,negative,negative,both_correct,15,True
6884,1,safety for babies and children,I was a little worried that it wouldn't fit my son's pack n play mattress.,negative,negative,negative,both_correct,15,True
6884,2,product quality and performance,But I'm very impressed,positive,positive,positive,both_correct,4,True
6884,2,"design, appearance and looks",But I'm very impressed,positive,positive,positive,both_correct,4,True
6897,0,product quality and performance,Total game changer for the baby sleeping longer!,negative,negative,negative,both_correct,8,False
6897,1,"price, cost and value for money",Wish I purchased this sooner.,negative,negative,negative,both_correct,5,False
6897,2,safety for babies and children,Baby sleeps much better now and she loves getting zipped in.,positive,positive,positive,both_correct,11,False
6897,2,"comfort, softness and texture",Baby sleeps much better now and she loves getting zipped in.,positive,positive,positive,both_correct,11,False
6897,3,safety for babies and children,Do you and your baby a favor and build a baby body sleeping bag.,positive,positive,positive,both_correct,14,False
6897,3,"comfort, softness and texture",Do you and your baby a favor and build a baby body sleeping bag.,positive,positive,positive,both_correct,14,False
6912,0,product quality and performance,"The thing turned out to be very good, thanks for your service!",positive,positive,positive,both_correct,12,False
6912,0,customer service and seller support,"The thing turned out to be very good, thanks for your service!",positive,positive,positive,both_correct,12,False
6938,0,product quality and performance,"I started using the babybjorn when my baby was 4 days old, she used to go right to sleep in it.",negative,negative,negative,both_correct,21,False
6938,0,"comfort, softness and texture","I started using the babybjorn when my baby was 4 days old, she used to go right to sleep in it.",negative,negative,negative,both_correct,21,False
6938,1,product quality and performance,"Now she is 5 months old and while it's getting a little heavy for longer trips, it's great for shorter stops at the store or places like that.",positive,negative,positive,bert_fixes_baseline_error,28,False
6938,1,safety for babies and children,"Now she is 5 months old and while it's getting a little heavy for longer trips, it's great for shorter stops at the store or places like that.",positive,negative,positive,bert_fixes_baseline_error,28,False
6938,2,"comfort, softness and texture","Plus, she loves hanging out in it.",positive,positive,positive,both_correct,7,False
6938,2,"design, appearance and looks","Plus, she loves hanging out in it.",positive,positive,positive,both_correct,7,False
6938,3,safety for babies and children,"When really small the baby faces in, when older she faces out and gets to watch everyone and everything.",positive,negative,positive,bert_fixes_baseline_error,19,False
6938,4,product quality and performance,"It's much easier to use and more practical than other carriers like the moby wrap, which I barely use.",positive,negative,positive,bert_fixes_baseline_error,19,False
6938,4,"ease of use, assembly and convenience","It's much easier to use and more practical than other carriers like the moby wrap, which I barely use.",positive,negative,positive,bert_fixes_baseline_error,19,False
6943,0,product quality and performance,These baby wipes are great.,positive,positive,positive,both_correct,5,False
6943,0,"comfort, softness and texture",These baby wipes are great.,positive,positive,positive,both_correct,5,False
6943,1,product quality and performance,I tried Pampers before and my babies always seem to get red and irritated down there.,negative,negative,negative,both_correct,16,False
6943,1,safety for babies and children,I tried Pampers before and my babies always seem to get red and irritated down there.,negative,negative,negative,both_correct,16,False
6943,3,"comfort, softness and texture","They are so gentle, soft and smell great.",positive,positive,positive,both_correct,8,False
6943,3,product quality and performance,"They are so gentle, soft and smell great.",positive,positive,positive,both_correct,8,False
6943,4,"price, cost and value for money",Plus this big package was a great price,positive,positive,positive,both_correct,8,False
6943,4,product quality and performance,Plus this big package was a great price,positive,positive,positive,both_correct,8,False
6943,5,"design, appearance and looks",so I couldn't resist.,positive,negative,positive,bert_fixes_baseline_error,4,True
6945,0,"design, appearance and looks","The stickers look great, but we rubbed them hard onto the wall (freshly painted the previous month) and by the time we got to the last page of the stickers, the others were coming unstuck.",negative,negative,negative,both_correct,35,True
6945,0,product quality and performance,"The stickers look great, but we rubbed them hard onto the wall (freshly painted the previous month) and by the time we got to the last page of the stickers, the others were coming unstuck.",negative,negative,negative,both_correct,35,True
6945,1,product quality and performance,"None actually fell off for nearly three weeks, but arms of the stars have lifted up on nearly all the larger stickers by that time.",positive,negative,positive,bert_fixes_baseline_error,25,True
6945,1,"design, appearance and looks","None actually fell off for nearly three weeks, but arms of the stars have lifted up on nearly all the larger stickers by that time.",positive,negative,positive,bert_fixes_baseline_error,25,True
6945,2,safety for babies and children,"We put them in our nursery and I'm still a couple weeks from my due date, so they aren't being touched or picked at in any way, and nothing is disturbing them on the wall.",negative,negative,positive,bert_introduces_new_error,35,True
6945,2,"design, appearance and looks","We put them in our nursery and I'm still a couple weeks from my due date, so they aren't being touched or picked at in any way, and nothing is disturbing them on the wall.",negative,negative,positive,bert_introduces_new_error,35,True
6945,3,"design, appearance and looks","Still considering putting a clear coat over the whole wall to lock them in place, but that's the only thing I can think to keep them up.",negative,negative,negative,both_correct,27,True
6945,4,"design, appearance and looks",Great if you want a very temporary decoration.,positive,positive,positive,both_correct,8,False
6957,0,product quality and performance,Son loves it.,positive,positive,positive,both_correct,3,False
6957,0,"design, appearance and looks",Son loves it.,positive,positive,positive,both_correct,3,False
6966,1,"comfort, softness and texture",It is very sturdy and soft.,positive,positive,positive,both_correct,6,False
6966,1,product quality and performance,It is very sturdy and soft.,positive,positive,positive,both_correct,6,False
6966,3,"durability, washability and longevity",many layers!,positive,positive,positive,both_correct,2,False
6966,3,"packaging, shipping and delivery",many layers!,positive,positive,positive,both_correct,2,False
6966,4,"design, appearance and looks",It is sewn really nicely too with rounded corners.,positive,positive,positive,both_correct,9,False
6966,4,product quality and performance,It is sewn really nicely too with rounded corners.,positive,positive,positive,both_correct,9,False
6966,5,"design, appearance and looks",I really like the rounded corners. It's relatively lightweight for how thick and comfy it is.,positive,positive,positive,both_correct,16,False
6966,5,"comfort, softness and texture",I really like the rounded corners. It's relatively lightweight for how thick and comfy it is.,positive,positive,positive,both_correct,16,False
6966,6,"size, dimensions and fit",And it is big enough for older ages too.,positive,positive,positive,both_correct,9,False
6966,7,"durability, washability and longevity",It won't be out grown too fast in other words.,positive,negative,positive,bert_fixes_baseline_error,10,True
6966,7,product quality and performance,It won't be out grown too fast in other words.,positive,negative,positive,bert_fixes_baseline_error,10,True
6966,8,"comfort, softness and texture",I can definitely be see this becoming the favorite blankety from a baby to a kiddo. I,positive,positive,positive,both_correct,17,False
6966,8,safety for babies and children,I can definitely be see this becoming the favorite blankety from a baby to a kiddo. I,positive,positive,positive,both_correct,17,False
6966,9,"comfort, softness and texture",like that it's organic cotton.,positive,positive,positive,both_correct,5,False
6966,9,product quality and performance,like that it's organic cotton.,positive,positive,positive,both_correct,5,False
6966,10,"price, cost and value for money",That is also really good for the cost of the blanket.,positive,positive,positive,both_correct,11,False
6966,10,product quality and performance,That is also really good for the cost of the blanket.,positive,positive,positive,both_correct,11,False
6966,12,"design, appearance and looks",A lot! The pattern is also really cute.,positive,positive,positive,both_correct,8,False
6966,13,"design, appearance and looks",It's not too busy but offers enough design to look attractive. <br,positive,positive,positive,both_correct,12,True
7018,0,product quality and performance,These are great but I find that they fit too snug.,negative,positive,negative,bert_fixes_baseline_error,11,True
7018,0,"size, dimensions and fit",These are great but I find that they fit too snug.,negative,positive,negative,bert_fixes_baseline_error,11,True
7037,0,product quality and performance,Worthwhile purchase,positive,positive,positive,both_correct,2,False
7037,0,"price, cost and value for money",Worthwhile purchase,positive,positive,positive,both_correct,2,False
7057,0,safety for babies and children,Must have for cribs,negative,negative,negative,both_correct,4,False
7057,0,"comfort, softness and texture",Must have for cribs,negative,negative,negative,both_correct,4,False
7082,0,product quality and performance,These never get all the way full before you can no longer close the diaper pail.,negative,negative,negative,both_correct,16,True
7082,0,safety for babies and children,These never get all the way full before you can no longer close the diaper pail.,negative,negative,negative,both_correct,16,True
7082,1,product quality and performance,However they keel the smell out well!,positive,negative,positive,bert_fixes_baseline_error,7,True
7103,2,product quality and performance,These are the only diapers i have found that can hold it all in.,negative,positive,negative,bert_fixes_baseline_error,14,False
7103,2,safety for babies and children,These are the only diapers i have found that can hold it all in.,negative,positive,negative,bert_fixes_baseline_error,14,False
7103,3,safety for babies and children,I was given these when she was born in the hospital at the time i had already been given different brands,negative,negative,negative,both_correct,21,False
7103,3,product quality and performance,I was given these when she was born in the hospital at the time i had already been given different brands,negative,negative,negative,both_correct,21,False
7103,4,"design, appearance and looks",so i figured i would use those first.,negative,negative,negative,both_correct,8,False
7103,4,"ease of use, assembly and convenience",so i figured i would use those first.,negative,negative,negative,both_correct,8,False
7103,5,product quality and performance,Time after time with other brands she would wake up soaked and her bed soaked.,negative,negative,negative,both_correct,15,False
7103,5,"price, cost and value for money",Time after time with other brands she would wake up soaked and her bed soaked.,negative,negative,negative,both_correct,15,False
7103,6,product quality and performance,I eventually stopped using the other brands and switched back to these.,negative,negative,negative,both_correct,12,False
7103,6,"price, cost and value for money",I eventually stopped using the other brands and switched back to these.,negative,negative,negative,both_correct,12,False
7103,7,"durability, washability and longevity",They are the best over night and long term diaper i have used.,positive,positive,positive,both_correct,13,False
7103,7,product quality and performance,They are the best over night and long term diaper i have used.,positive,positive,positive,both_correct,13,False
7103,8,"comfort, softness and texture",They are also very soft on the outside and now that she is older she is excited elmo is on the outside of them.,positive,negative,positive,bert_fixes_baseline_error,24,False
7103,8,"design, appearance and looks",They are also very soft on the outside and now that she is older she is excited elmo is on the outside of them.,positive,negative,positive,bert_fixes_baseline_error,24,False
7128,0,product quality and performance,They fit great in our frontier click tight!,positive,positive,positive,both_correct,8,False
7128,0,"ease of use, assembly and convenience",They fit great in our frontier click tight!,positive,positive,positive,both_correct,8,False
7128,0,"size, dimensions and fit",They fit great in our frontier click tight!,positive,positive,positive,both_correct,8,False
7128,2,product quality and performance,So far we love them.,positive,positive,positive,both_correct,5,False
7128,2,"design, appearance and looks",So far we love them.,positive,positive,positive,both_correct,5,False
7132,1,product quality and performance,Great present for my best friends new baby,positive,positive,positive,both_correct,8,False
7133,0,product quality and performance,I'm really a big fan of this!,positive,positive,positive,both_correct,7,False
7133,0,"design, appearance and looks",I'm really a big fan of this!,positive,positive,positive,both_correct,7,False
7133,1,product quality and performance,"I bought another brand originally and it came broken in the box, I was super upset about it, so I bought this one instead, and hoped for the best.",negative,negative,negative,both_correct,29,True
7133,1,"packaging, shipping and delivery","I bought another brand originally and it came broken in the box, I was super upset about it, so I bought this one instead, and hoped for the best.",negative,negative,negative,both_correct,29,True
7133,2,product quality and performance,I was very pleased!,positive,positive,positive,both_correct,4,False
7133,2,"design, appearance and looks",I was very pleased!,positive,positive,positive,both_correct,4,False
7133,3,product quality and performance,"My two-year-old loves the wings, its high quality, super nice colors, good material, sturdy, very adjustable, and well worth the money.",positive,positive,positive,both_correct,21,False
7133,3,"design, appearance and looks","My two-year-old loves the wings, its high quality, super nice colors, good material, sturdy, very adjustable, and well worth the money.",positive,positive,positive,both_correct,21,False
7133,3,"price, cost and value for money","My two-year-old loves the wings, its high quality, super nice colors, good material, sturdy, very adjustable, and well worth the money.",positive,positive,positive,both_correct,21,False
7133,4,product quality and performance,10/10 recommend.,positive,positive,positive,both_correct,2,False
7133,4,"ease of use, assembly and convenience",10/10 recommend.,positive,positive,positive,both_correct,2,False
7146,0,"size, dimensions and fit",A little heavy to carry but its fits in my routine now.,positive,positive,positive,both_correct,12,True
7146,0,product quality and performance,A little heavy to carry but its fits in my routine now.,positive,positive,positive,both_correct,12,True
7151,0,product quality and performance,I expected that Amazon brand diapers will be a little better but they are not.,negative,negative,negative,both_correct,15,True
7151,0,"price, cost and value for money",I expected that Amazon brand diapers will be a little better but they are not.,negative,negative,negative,both_correct,15,True
7151,1,product quality and performance,They absorb 30% less than standard brand name diapers.,negative,negative,negative,both_correct,9,False
7151,1,"price, cost and value for money",They absorb 30% less than standard brand name diapers.,negative,negative,negative,both_correct,9,False
7161,0,"design, appearance and looks",Girls loved it,positive,positive,positive,both_correct,3,False
7161,0,product quality and performance,Girls loved it,positive,positive,positive,both_correct,3,False
7177,0,"design, appearance and looks",Perfect for my tiny car. Her,positive,positive,positive,both_correct,6,False
7177,0,"size, dimensions and fit",Perfect for my tiny car. Her,positive,positive,positive,both_correct,6,False
7177,1,safety for babies and children,4ever carseat left my older son squished between two carseats.,negative,negative,negative,both_correct,10,False
7177,1,"size, dimensions and fit",4ever carseat left my older son squished between two carseats.,negative,negative,negative,both_correct,10,False
7177,2,"size, dimensions and fit",Now he has plenty of room,negative,positive,negative,bert_fixes_baseline_error,6,False
7185,0,product quality and performance,So happy with my purchase. I,positive,positive,positive,both_correct,6,False
7185,0,"design, appearance and looks",So happy with my purchase. I,positive,positive,positive,both_correct,6,False
7185,2,"ease of use, assembly and convenience",Love the wipe pocket and designated bottle pouch<,positive,positive,positive,both_correct,8,False
7185,2,"design, appearance and looks",Love the wipe pocket and designated bottle pouch<,positive,negative,positive,bert_fixes_baseline_error,8,False
7185,3,"design, appearance and looks",br />All,positive,positive,positive,both_correct,2,False
7187,0,product quality and performance,The sides were splitting when she sat down (in every size we tried),negative,negative,negative,both_correct,13,False
7187,0,"size, dimensions and fit",The sides were splitting when she sat down (in every size we tried),negative,negative,negative,both_correct,13,False
7187,1,"price, cost and value for money",so we cancelled our subscription.,negative,negative,negative,both_correct,5,False
7187,2,safety for babies and children,Pampers you should really address the sides,positive,negative,positive,bert_fixes_baseline_error,7,False
7187,2,"design, appearance and looks",Pampers you should really address the sides,positive,negative,positive,bert_fixes_baseline_error,7,False
7188,1,"design, appearance and looks",I had intended to use the gate on a diagonal opening to my kitchen but had no way to attach it.,negative,negative,negative,both_correct,21,True
7216,0,"price, cost and value for money",Great product even better price when purchased on Prime Day $13!!,positive,positive,positive,both_correct,11,False
7216,0,product quality and performance,Great product even better price when purchased on Prime Day $13!!,positive,positive,positive,both_correct,11,False
7218,0,"design, appearance and looks",I love these baskets!,positive,positive,positive,both_correct,4,False
7218,0,"comfort, softness and texture",I love these baskets!,positive,positive,positive,both_correct,4,False
7218,1,"design, appearance and looks","The ears don't stand up straight, but that isn't a big deal to me.",negative,negative,negative,both_correct,14,True
7218,1,product quality and performance,"The ears don't stand up straight, but that isn't a big deal to me.",negative,negative,negative,both_correct,14,True
7218,2,"design, appearance and looks",The handles are sturdy and the print is adorable.,positive,positive,positive,both_correct,9,False
7218,2,product quality and performance,The handles are sturdy and the print is adorable.,positive,positive,positive,both_correct,9,False
7218,3,product quality and performance,They were perfect for gifts and Easter egg hunting.,positive,positive,positive,both_correct,9,False
7218,3,"design, appearance and looks",They were perfect for gifts and Easter egg hunting.,positive,positive,positive,both_correct,9,False
7222,0,product quality and performance,As advertised.,negative,negative,negative,both_correct,2,False
7222,0,"ease of use, assembly and convenience",As advertised.,negative,negative,negative,both_correct,2,False
7226,0,product quality and performance,Perfect!!,positive,positive,positive,both_correct,1,False
7226,0,"design, appearance and looks",Perfect!!,positive,positive,positive,both_correct,1,False
7226,1,product quality and performance,Just what I ordered!!,positive,positive,positive,both_correct,4,False
7226,1,"ease of use, assembly and convenience",Just what I ordered!!,positive,positive,positive,both_correct,4,False
7229,0,"price, cost and value for money","Love these diapers, get them monthly for my nephew on subscribe and save.",positive,positive,positive,both_correct,13,False
7229,0,"comfort, softness and texture","Love these diapers, get them monthly for my nephew on subscribe and save.",positive,positive,positive,both_correct,13,False
7229,1,product quality and performance,My nephew has never had a diaper rash and the diapers have never left a mark on him or anything!,negative,positive,positive,both_wrong,20,True
7229,1,"durability, washability and longevity",My nephew has never had a diaper rash and the diapers have never left a mark on him or anything!,negative,positive,positive,both_wrong,20,True
7229,2,"price, cost and value for money",They are the best priced diapers on amazon!,positive,positive,positive,both_correct,8,False
7229,2,product quality and performance,They are the best priced diapers on amazon!,positive,positive,positive,both_correct,8,False
7229,3,product quality and performance,"Great product, good quality, great price, product is what I expected and as described.",positive,positive,positive,both_correct,14,False
7229,3,"price, cost and value for money","Great product, good quality, great price, product is what I expected and as described.",positive,positive,positive,both_correct,14,False
7229,4,"durability, washability and longevity","My nephew has been wearing them since he was born, we've gone through all sizes, he just turned 1 and we are now in size 5.",positive,positive,positive,both_correct,26,False
7229,4,safety for babies and children,"My nephew has been wearing them since he was born, we've gone through all sizes, he just turned 1 and we are now in size 5.",positive,positive,positive,both_correct,26,False
7229,4,"size, dimensions and fit","My nephew has been wearing them since he was born, we've gone through all sizes, he just turned 1 and we are now in size 5.",positive,positive,positive,both_correct,26,False
7229,5,"design, appearance and looks","They do not have a stripe that turns colors, which is cool, that other brands have these days, but it's obvious when a diaper needs to be changed ha ha.",negative,negative,positive,bert_introduces_new_error,30,True
7229,5,product quality and performance,"They do not have a stripe that turns colors, which is cool, that other brands have these days, but it's obvious when a diaper needs to be changed ha ha.",negative,negative,positive,bert_introduces_new_error,30,True
7229,6,product quality and performance,"They are durable, never ripped or torn, they never leak and they hold a lot, we even went in the pool with one on and it didn't fall apart, so I honestly love Luvs Diapers!!",positive,positive,positive,both_correct,35,True
7229,6,"durability, washability and longevity","They are durable, never ripped or torn, they never leak and they hold a lot, we even went in the pool with one on and it didn't fall apart, so I honestly love Luvs Diapers!!",positive,positive,positive,both_correct,35,True
7245,2,product quality and performance,The nail file is still not easy for me to use but the clippers I've gotten the hang of,negative,negative,negative,both_correct,19,True
7284,0,"design, appearance and looks","I like snowmen a lot, this is so cute.",positive,positive,positive,both_correct,9,False
7292,0,"ease of use, assembly and convenience",I purchased these spoons because I wanted to be able to toss them into my purse so that I could quickly feed my son whenever we were on the go.,negative,negative,negative,both_correct,30,True
7292,0,safety for babies and children,I purchased these spoons because I wanted to be able to toss them into my purse so that I could quickly feed my son whenever we were on the go.,negative,negative,negative,both_correct,30,True
7292,1,"ease of use, assembly and convenience","The carrying case is very helpful for keeping ""gunk"" off of the spoon.",positive,positive,positive,both_correct,13,False
7292,1,safety for babies and children,"The carrying case is very helpful for keeping ""gunk"" off of the spoon.",positive,positive,positive,both_correct,13,False
7292,2,product quality and performance,The spoons themselves are the right size for my son's small mouth.,positive,positive,positive,both_correct,12,False
7292,2,"size, dimensions and fit",The spoons themselves are the right size for my son's small mouth.,positive,positive,positive,both_correct,12,False
7292,3,product quality and performance,This is a great product that is now a mainstay in our diaper bag.,positive,positive,positive,both_correct,14,False
7311,0,product quality and performance,Best rash healing and soothing skin cream on the market in every way.,positive,positive,positive,both_correct,13,False
7311,0,"comfort, softness and texture",Best rash healing and soothing skin cream on the market in every way.,positive,positive,positive,both_correct,13,False
7311,1,product quality and performance,"Absorbs into skin quickly and really helps with pain, as well as fast healing.",positive,positive,positive,both_correct,14,False
7311,1,"comfort, softness and texture","Absorbs into skin quickly and really helps with pain, as well as fast healing.",positive,positive,positive,both_correct,14,False
7311,2,product quality and performance,Babies and adults love it..mild odor goes away fast.,positive,positive,positive,both_correct,9,False
7311,2,"comfort, softness and texture",Babies and adults love it..mild odor goes away fast.,positive,positive,positive,both_correct,9,False
7324,0,"comfort, softness and texture","The Solimo Lavender scented baby oil had a calming fragrance for baby, and I like it because it's an excellent moisturizer for adult skin too!",positive,positive,positive,both_correct,25,False
7324,1,"design, appearance and looks",I learned a fantastic beauty tip when I was younger.,positive,positive,positive,both_correct,10,False
7324,2,"comfort, softness and texture",Use baby oil in the shower when your skin is still wet to seal in the moisture.,negative,negative,negative,both_correct,17,False
7324,2,safety for babies and children,Use baby oil in the shower when your skin is still wet to seal in the moisture.,negative,negative,negative,both_correct,17,False
7324,3,"comfort, softness and texture",Great for after shaving!,positive,positive,positive,both_correct,4,False
7324,3,product quality and performance,Great for after shaving!,positive,positive,positive,both_correct,4,False
7324,4,"price, cost and value for money",This is a pretty good value and it was delivered to my door the very next day with free shipping!,positive,positive,positive,both_correct,20,False
7324,4,"ease of use, assembly and convenience",This is a pretty good value and it was delivered to my door the very next day with free shipping!,positive,positive,positive,both_correct,20,False
7324,4,"packaging, shipping and delivery",This is a pretty good value and it was delivered to my door the very next day with free shipping!,positive,positive,positive,both_correct,20,False
7324,5,"price, cost and value for money",Can't beat that deal.,negative,negative,negative,both_correct,4,True
7324,5,"ease of use, assembly and convenience",Can't beat that deal.,negative,negative,negative,both_correct,4,True
7365,0,"price, cost and value for money",I feel like these are incredibly overpriced.,negative,positive,negative,bert_fixes_baseline_error,7,False
7365,1,safety for babies and children,"My son had one on, and when going to change him, the side busted, and the gel beads were EVERYWHERE.",negative,positive,negative,bert_fixes_baseline_error,20,False
7365,1,product quality and performance,"My son had one on, and when going to change him, the side busted, and the gel beads were EVERYWHERE.",negative,positive,negative,bert_fixes_baseline_error,20,False
7365,3,"price, cost and value for money","They are not very absorbent, and cost way too much.",negative,negative,negative,both_correct,10,True
7365,3,product quality and performance,"They are not very absorbent, and cost way too much.",negative,negative,negative,both_correct,10,True
7381,0,product quality and performance,This stuff works for a variety of things.,positive,positive,positive,both_correct,8,False
7381,1,"comfort, softness and texture",It is good for sensitive skin,positive,positive,positive,both_correct,6,False
7381,1,product quality and performance,It is good for sensitive skin,positive,positive,positive,both_correct,6,False
7384,0,product quality and performance,This is a cute piece and does work well but it does not stay together well and the arms fall over easily,negative,positive,negative,bert_fixes_baseline_error,22,True
7384,0,"design, appearance and looks",This is a cute piece and does work well but it does not stay together well and the arms fall over easily,negative,positive,negative,bert_fixes_baseline_error,22,True
7389,0,"comfort, softness and texture",Just what I needed on my deck to keep the dogs there.,positive,positive,positive,both_correct,12,False
7389,0,"design, appearance and looks",Just what I needed on my deck to keep the dogs there.,positive,positive,positive,both_correct,12,False
7401,0,product quality and performance,"After trying a lot of suction bowls and plates, these have worked the best.",positive,positive,positive,both_correct,14,False
7401,0,"comfort, softness and texture","After trying a lot of suction bowls and plates, these have worked the best.",positive,positive,positive,both_correct,14,False
7401,1,"ease of use, assembly and convenience",I like that I can put the entree in the big part and the fruit/veggies in the smaller compartments.,positive,negative,positive,bert_fixes_baseline_error,19,False
7401,1,"size, dimensions and fit",I like that I can put the entree in the big part and the fruit/veggies in the smaller compartments.,positive,negative,negative,both_wrong,19,False
7401,2,"durability, washability and longevity","Stays down 80% of the time, and wash easily.",negative,negative,negative,both_correct,9,False
7401,2,product quality and performance,"Stays down 80% of the time, and wash easily.",negative,negative,negative,both_correct,9,False
7408,0,product quality and performance,My little guy has loved this toy since he was able to sit up around 6 months.,positive,positive,positive,both_correct,17,False
7408,0,"comfort, softness and texture",My little guy has loved this toy since he was able to sit up around 6 months.,positive,positive,positive,both_correct,17,False
7408,1,"design, appearance and looks","I love the movement, the squishability, the colors and wood.",positive,positive,positive,both_correct,10,False
7408,1,"comfort, softness and texture","I love the movement, the squishability, the colors and wood.",positive,positive,positive,both_correct,10,False
7408,2,product quality and performance,"I am a little leery about it coming apart, which is apparently HIGHLY unlikely, but I always supervise him carefully with it.",positive,positive,positive,both_correct,22,True
7408,2,"durability, washability and longevity","I am a little leery about it coming apart, which is apparently HIGHLY unlikely, but I always supervise him carefully with it.",positive,positive,positive,both_correct,22,True
7408,3,"comfort, softness and texture","He enjoys tossing it, stepping on it, squishing it with his hands and waving it around.",positive,positive,positive,both_correct,16,False
7408,3,"design, appearance and looks","He enjoys tossing it, stepping on it, squishing it with his hands and waving it around.",positive,positive,positive,both_correct,16,False
7408,4,product quality and performance,Seems very durable and lots of fun.,positive,positive,positive,both_correct,7,False
7408,4,"design, appearance and looks",Seems very durable and lots of fun.,positive,positive,positive,both_correct,7,False
7408,4,"durability, washability and longevity",Seems very durable and lots of fun.,positive,positive,positive,both_correct,7,False
7411,0,product quality and performance,"The best diapers we have used, hands down.",positive,negative,positive,bert_fixes_baseline_error,8,False
7411,0,"comfort, softness and texture","The best diapers we have used, hands down.",positive,positive,positive,both_correct,8,False
7420,0,"durability, washability and longevity",Live this little coffee cup.,positive,positive,positive,both_correct,5,False
7420,0,product quality and performance,Live this little coffee cup.,positive,positive,positive,both_correct,5,False
7424,0,"design, appearance and looks",Love these super cute cloths!,positive,positive,positive,both_correct,5,False
7424,0,"comfort, softness and texture",Love these super cute cloths!,positive,positive,positive,both_correct,5,False
7424,1,"comfort, softness and texture",Very absorbent and love all the designs.,positive,positive,positive,both_correct,7,False
7424,1,"durability, washability and longevity",Very absorbent and love all the designs.,positive,positive,positive,both_correct,7,False
7425,0,"comfort, softness and texture",I love these sleepsacks.,positive,positive,positive,both_correct,4,False
7425,0,product quality and performance,I love these sleepsacks.,positive,positive,positive,both_correct,4,False
7425,2,safety for babies and children,It woke my baby up every time I opened or closed it.,positive,negative,positive,bert_fixes_baseline_error,12,False
7425,2,product quality and performance,It woke my baby up every time I opened or closed it.,positive,negative,positive,bert_fixes_baseline_error,12,False
7425,3,safety for babies and children,I also wish there was an option to take the wrap off and just use the sack.,negative,negative,negative,both_correct,17,False
7425,3,"packaging, shipping and delivery",I also wish there was an option to take the wrap off and just use the sack.,negative,negative,negative,both_correct,17,False
7425,4,"comfort, softness and texture",Other than that great material and comfy for baby.,positive,positive,positive,both_correct,9,False
7425,4,product quality and performance,Other than that great material and comfy for baby.,positive,positive,positive,both_correct,9,False
7442,0,"price, cost and value for money",Bought to use near Aerogarden to keep air circulating.,negative,negative,negative,both_correct,9,False
7442,1,"ease of use, assembly and convenience","Small, quiet and can run off wall plug so no recharging.",negative,negative,negative,both_correct,11,True
7442,1,product quality and performance,"Small, quiet and can run off wall plug so no recharging.",negative,negative,negative,both_correct,11,True
7446,0,"price, cost and value for money",Like it and it's cheap,negative,negative,negative,both_correct,5,False
7446,0,product quality and performance,Like it and it's cheap,negative,negative,negative,both_correct,5,False
7460,0,"comfort, softness and texture",10 month old daughter loves them,positive,positive,positive,both_correct,6,False
7460,0,"design, appearance and looks",10 month old daughter loves them,positive,positive,positive,both_correct,6,False
7462,0,product quality and performance,Great for sharp edges,positive,positive,positive,both_correct,4,False
7468,0,product quality and performance,This works really great for frothing milk for cappuccinos.,positive,positive,positive,both_correct,9,False
7468,1,product quality and performance,Very easy to use.,positive,positive,positive,both_correct,4,False
7468,1,"ease of use, assembly and convenience",Very easy to use.,positive,positive,positive,both_correct,4,False
7472,0,product quality and performance,It has been great for the past 2 months.,positive,positive,positive,both_correct,9,False
7472,1,product quality and performance,It has only been adjusted on the legs around 5-10 times.,negative,negative,negative,both_correct,11,False
7472,1,"size, dimensions and fit",It has only been adjusted on the legs around 5-10 times.,negative,negative,negative,both_correct,11,False
7472,3,product quality and performance,Not durable.,negative,negative,negative,both_correct,2,True
7483,0,product quality and performance,"Daughter loved this, made potty training easier since she liked the color (we had a hand me down blue one which ""was for boys"")",positive,positive,positive,both_correct,24,False
7483,0,"design, appearance and looks","Daughter loved this, made potty training easier since she liked the color (we had a hand me down blue one which ""was for boys"")",positive,positive,positive,both_correct,24,False
7499,0,"price, cost and value for money","Perfect for our daughter, and cheaper than the store.",positive,positive,positive,both_correct,9,False
7499,0,product quality and performance,"Perfect for our daughter, and cheaper than the store.",positive,positive,positive,both_correct,9,False
7499,1,"ease of use, assembly and convenience",Was extremely helpful to use subscribe and save and not need to remember to pick them up when you are busy with 101 other tasks with a newborn.,positive,positive,positive,both_correct,28,True
7499,1,safety for babies and children,Was extremely helpful to use subscribe and save and not need to remember to pick them up when you are busy with 101 other tasks with a newborn.,positive,positive,positive,both_correct,28,True
7524,0,safety for babies and children,"Nipple part is really hard, premature kids dont like.",negative,negative,negative,both_correct,9,False
7524,1,product quality and performance,But they are leak proof,negative,negative,negative,both_correct,5,True
7524,1,"durability, washability and longevity",But they are leak proof,negative,negative,negative,both_correct,5,True
7527,0,"design, appearance and looks",Daughter seems to like them,positive,positive,positive,both_correct,5,False
7527,0,"comfort, softness and texture",Daughter seems to like them,positive,positive,positive,both_correct,5,False
7528,0,product quality and performance,Love that a 1 year old or 5 year old love to use these!,positive,positive,positive,both_correct,14,False
7528,0,safety for babies and children,Love that a 1 year old or 5 year old love to use these!,positive,positive,positive,both_correct,14,False
7536,0,safety for babies and children,If you buy the seat for little baby you never have to buy one again.,positive,positive,positive,both_correct,15,True
7536,0,"ease of use, assembly and convenience",If you buy the seat for little baby you never have to buy one again.,positive,positive,positive,both_correct,15,True
7536,1,safety for babies and children,This grows with your child I highly recommend it,positive,positive,positive,both_correct,9,False
7544,0,"durability, washability and longevity",I use these for my yoga mat and blocks.,negative,negative,negative,both_correct,9,False
7544,0,product quality and performance,I use these for my yoga mat and blocks.,negative,negative,negative,both_correct,9,False
7544,1,product quality and performance,"I do have it next to a wall, so I'm not sure if it would fall over after a while..",negative,negative,negative,both_correct,20,True
7544,1,"design, appearance and looks","I do have it next to a wall, so I'm not sure if it would fall over after a while..",negative,negative,negative,both_correct,20,True
7544,2,"design, appearance and looks",but it looks nice next to my oak floors on the brick for the fireplace.,positive,positive,positive,both_correct,15,True
7544,2,"comfort, softness and texture",but it looks nice next to my oak floors on the brick for the fireplace.,positive,positive,positive,both_correct,15,True
7544,3,"comfort, softness and texture","It's not perfectly round without being stuffed full, but I also never ironed it, I just stuffed it with blankets when I first got it. <br",negative,negative,negative,both_correct,26,True
7544,3,"size, dimensions and fit","It's not perfectly round without being stuffed full, but I also never ironed it, I just stuffed it with blankets when I first got it. <br",negative,negative,negative,both_correct,26,True
7544,4,product quality and performance,"/>My yoga mat is the heavy natural rubber kind, so it seems pretty sturdy holding it up.",positive,positive,positive,both_correct,17,False
7544,4,"durability, washability and longevity","/>My yoga mat is the heavy natural rubber kind, so it seems pretty sturdy holding it up.",positive,positive,positive,both_correct,17,False
7544,5,product quality and performance,I've picked it up by the handles with stuff in it and it was fine.,positive,positive,positive,both_correct,15,False
7544,5,"ease of use, assembly and convenience",I've picked it up by the handles with stuff in it and it was fine.,positive,positive,positive,both_correct,15,False
7544,6,product quality and performance,Didn't notice a smell or anything either. It's a nice basket.,positive,positive,positive,both_correct,11,True
7544,6,"design, appearance and looks",Didn't notice a smell or anything either. It's a nice basket.,positive,positive,positive,both_correct,11,True
7552,0,"ease of use, assembly and convenience",I love these regalo gates this is the 4th one I've purchased they are easy for older kids to operate and easy to install also they come with pieces you can screw into the wall so they can't be pushed down the stairs,positive,positive,positive,both_correct,43,True
7552,0,product quality and performance,I love these regalo gates this is the 4th one I've purchased they are easy for older kids to operate and easy to install also they come with pieces you can screw into the wall so they can't be pushed down the stairs,positive,negative,positive,bert_fixes_baseline_error,43,True
7555,1,"price, cost and value for money","you're on a budget this works fine, if you have spare money to spend I would purchase the symphony he seems to be more comfortable in that car seat and falls asleep on the ride every time..",negative,positive,negative,bert_fixes_baseline_error,37,False
7555,1,product quality and performance,"you're on a budget this works fine, if you have spare money to spend I would purchase the symphony he seems to be more comfortable in that car seat and falls asleep on the ride every time..",negative,positive,negative,bert_fixes_baseline_error,37,False
7555,1,"comfort, softness and texture","you're on a budget this works fine, if you have spare money to spend I would purchase the symphony he seems to be more comfortable in that car seat and falls asleep on the ride every time..",negative,positive,negative,bert_fixes_baseline_error,37,False
7555,2,"size, dimensions and fit",the symphony is wider if you have other car seats but as far as space for me to move my seat back there is much more than with the stratos,positive,positive,positive,both_correct,30,True
7556,0,safety for babies and children,My baby isn't ready to sleep in his own crib yet since we can't hear him from our room,negative,negative,negative,both_correct,19,True
7556,4,safety for babies and children,I wish they made one for the pack n play I would take it with me everywhere I go,negative,negative,positive,bert_introduces_new_error,19,False
7556,4,"ease of use, assembly and convenience",I wish they made one for the pack n play I would take it with me everywhere I go,negative,negative,positive,bert_introduces_new_error,19,False
7560,0,"ease of use, assembly and convenience","This great OXO product enables us to take one wipe at a time, with just a fingertip to open the container.",positive,positive,positive,both_correct,21,False
7560,0,product quality and performance,"This great OXO product enables us to take one wipe at a time, with just a fingertip to open the container.",positive,positive,positive,both_correct,21,False
7560,1,product quality and performance,Kudos to the OXO team!,positive,positive,positive,both_correct,5,False
7560,1,customer service and seller support,Kudos to the OXO team!,positive,positive,positive,both_correct,5,False
7564,0,"comfort, softness and texture",Yummy!!,positive,positive,positive,both_correct,1,False
7579,0,product quality and performance,Fits with any color evenflo but gate not very sturdy,negative,negative,negative,both_correct,10,True
7597,0,"price, cost and value for money",This was a terrible Buy!,negative,negative,negative,both_correct,5,False
7597,1,product quality and performance,I have used huggies before and these are not it.,negative,negative,negative,both_correct,10,True
7597,1,safety for babies and children,I have used huggies before and these are not it.,negative,negative,negative,both_correct,10,True
7597,2,safety for babies and children,"The wipes are hard and rough, leaves foam behind, and gave my 2.2 years old daughter an extremely horrible case of diaper rash.",negative,negative,negative,both_correct,23,False
7597,2,product quality and performance,"The wipes are hard and rough, leaves foam behind, and gave my 2.2 years old daughter an extremely horrible case of diaper rash.",negative,negative,negative,both_correct,23,False
7597,3,safety for babies and children,My daughter has never had diaper rash up until we started using these particular wipes on her and within few days she had rash every where around the diaper area.,negative,negative,negative,both_correct,30,True
7597,3,product quality and performance,My daughter has never had diaper rash up until we started using these particular wipes on her and within few days she had rash every where around the diaper area.,negative,negative,negative,both_correct,30,True
7597,4,"price, cost and value for money",Never buying this again and preventing our other parent friends to do that same.,negative,negative,negative,both_correct,14,True
7597,4,safety for babies and children,Never buying this again and preventing our other parent friends to do that same.,negative,negative,negative,both_correct,14,True
7597,5,safety for babies and children,I am passing around these wipes for them to see what I am talking about.,positive,positive,negative,bert_introduces_new_error,15,False
7597,5,"durability, washability and longevity",I am passing around these wipes for them to see what I am talking about.,positive,positive,negative,bert_introduces_new_error,15,False
7597,6,"price, cost and value for money",WHAT A WASTE OF MONEY FOR SUCH A HORRIBLE HORRIBLE PRODUCT!,negative,negative,negative,both_correct,11,False
7597,7,safety for babies and children,we will use these wipes to wipe off tables and chairs when we go out but NEVER on our baby ever again.,negative,negative,negative,both_correct,22,True
7597,7,"price, cost and value for money",we will use these wipes to wipe off tables and chairs when we go out but NEVER on our baby ever again.,negative,negative,negative,both_correct,22,True
7597,8,safety for babies and children,"My daughter could not even walk due to her rash,",negative,negative,negative,both_correct,10,True
7644,0,product quality and performance,Baby loves it and it's easy to use.,positive,positive,positive,both_correct,8,False
7644,0,"comfort, softness and texture",Baby loves it and it's easy to use.,positive,positive,positive,both_correct,8,False
7644,0,"ease of use, assembly and convenience",Baby loves it and it's easy to use.,positive,positive,positive,both_correct,8,False
7675,0,safety for babies and children,Son muy pequeñas solo para bebé no como se ve en la foto.,negative,negative,negative,both_correct,13,True
7675,0,"size, dimensions and fit",Son muy pequeñas solo para bebé no como se ve en la foto.,negative,negative,negative,both_correct,13,True
7678,0,"design, appearance and looks","La mejor crema por encima de todas las marcas nuevas entre orgánicas , caras y de mucha propaganda.",negative,negative,negative,both_correct,18,False
7678,0,product quality and performance,"La mejor crema por encima de todas las marcas nuevas entre orgánicas , caras y de mucha propaganda.",negative,negative,negative,both_correct,18,False
7678,1,"comfort, softness and texture",Tiene un espesor en su textura que la hace verdaderamente protectora.,negative,negative,negative,both_correct,11,False
7678,1,product quality and performance,Tiene un espesor en su textura que la hace verdaderamente protectora.,negative,negative,negative,both_correct,11,False
7678,2,product quality and performance,No he tenido jamás un problema.,negative,negative,negative,both_correct,6,True
7678,3,product quality and performance,Dura increíblemente.,negative,negative,negative,both_correct,2,False
7702,0,"comfort, softness and texture",I love these Huggies wipes because of the softness and size.,positive,positive,positive,both_correct,11,False
7702,0,product quality and performance,I love these Huggies wipes because of the softness and size.,positive,positive,positive,both_correct,11,False
7702,1,"durability, washability and longevity",They are used continually in my house and also my car as I have 5 grandchildren and it is so easy for them to wipe their face and hands with them.,negative,positive,negative,bert_fixes_baseline_error,31,False
7702,1,"ease of use, assembly and convenience",They are used continually in my house and also my car as I have 5 grandchildren and it is so easy for them to wipe their face and hands with them.,negative,positive,negative,bert_fixes_baseline_error,31,False
7702,2,"comfort, softness and texture",They have a nice fresh scent and are soft against their skin.,positive,positive,positive,both_correct,12,False
7702,2,product quality and performance,They have a nice fresh scent and are soft against their skin.,positive,positive,positive,both_correct,12,False
7702,3,product quality and performance,I have found them also to be moister than a lot of brands therefore they don't dry up in the package.,positive,negative,positive,bert_fixes_baseline_error,21,True
7702,3,"comfort, softness and texture",I have found them also to be moister than a lot of brands therefore they don't dry up in the package.,positive,negative,positive,bert_fixes_baseline_error,21,True
7702,4,"ease of use, assembly and convenience",I use the refill packages as they are very easy to transport and there is a open and close tab on the top.,negative,negative,positive,bert_introduces_new_error,23,False
7702,4,"packaging, shipping and delivery",I use the refill packages as they are very easy to transport and there is a open and close tab on the top.,negative,negative,positive,bert_introduces_new_error,23,False
7702,5,"ease of use, assembly and convenience",I have ordered in bulk so we don't run out and always have them available for the children.,positive,negative,positive,bert_fixes_baseline_error,18,True
7702,5,safety for babies and children,I have ordered in bulk so we don't run out and always have them available for the children.,positive,negative,positive,bert_fixes_baseline_error,18,True
7706,1,"ease of use, assembly and convenience",These are to put on the handle.,positive,positive,negative,bert_introduces_new_error,7,False
7706,1,"design, appearance and looks",These are to put on the handle.,positive,positive,negative,bert_introduces_new_error,7,False
7706,2,product quality and performance,These are hard to try to open the door once they are on.,negative,negative,negative,both_correct,13,False
7706,3,product quality and performance,These are hard.,negative,negative,negative,both_correct,3,False
7706,4,product quality and performance,I've had similar before and never had a problem.,positive,negative,positive,bert_fixes_baseline_error,9,True
7706,4,customer service and seller support,I've had similar before and never had a problem.,positive,negative,positive,bert_fixes_baseline_error,9,True
7708,0,product quality and performance,The only thing I don't like is I can't close my door with these hangers.,negative,negative,negative,both_correct,15,True
7716,0,product quality and performance,"Nice scent, effective wipes for everyone in our household.",positive,positive,positive,both_correct,9,False
7716,0,"durability, washability and longevity","Nice scent, effective wipes for everyone in our household.",positive,positive,positive,both_correct,9,False
7716,1,"ease of use, assembly and convenience",I keep an extra pack in my truck for quick clean-ups.,negative,negative,negative,both_correct,11,False
7716,1,product quality and performance,I keep an extra pack in my truck for quick clean-ups.,negative,negative,negative,both_correct,11,False
7721,0,product quality and performance,"works as described, good quality",positive,positive,positive,both_correct,5,False
7721,0,"durability, washability and longevity","works as described, good quality",positive,positive,positive,both_correct,5,False
7731,0,"price, cost and value for money",mine came with no water had to ask for a refund it was a gift for my niece,negative,positive,negative,bert_fixes_baseline_error,18,True
7731,0,product quality and performance,mine came with no water had to ask for a refund it was a gift for my niece,negative,positive,negative,bert_fixes_baseline_error,18,True
7731,0,customer service and seller support,mine came with no water had to ask for a refund it was a gift for my niece,negative,positive,negative,bert_fixes_baseline_error,18,True
7734,0,"comfort, softness and texture",Great baby spoons,positive,positive,positive,both_correct,3,False
7734,0,product quality and performance,Great baby spoons,positive,positive,positive,both_correct,3,False
7738,0,"price, cost and value for money",This is fine for a more affordable option.,positive,positive,positive,both_correct,8,False
7738,0,product quality and performance,This is fine for a more affordable option.,positive,positive,positive,both_correct,8,False
7738,1,safety for babies and children,It hurts my back while carrying my baby for short periods of time.,negative,negative,negative,both_correct,13,False
7738,3,safety for babies and children,"I usually use an ergo, which I love, but my second baby prefers to face out.",negative,negative,positive,bert_introduces_new_error,16,True
7738,3,"comfort, softness and texture","I usually use an ergo, which I love, but my second baby prefers to face out.",negative,negative,positive,bert_introduces_new_error,16,True
7738,4,"price, cost and value for money",Since I didn't want to drop the cash on another expensive carrier this will have to do for now.,negative,positive,negative,bert_fixes_baseline_error,19,True
7738,4,"packaging, shipping and delivery",Since I didn't want to drop the cash on another expensive carrier this will have to do for now.,negative,positive,negative,bert_fixes_baseline_error,19,True
7779,0,"comfort, softness and texture",Soft and comfortable.,positive,positive,positive,both_correct,3,False
7779,0,product quality and performance,Soft and comfortable.,positive,positive,positive,both_correct,3,False
7791,2,product quality and performance,"It's stable, doesn't tip, and doesn't slide too fast away from baby because of the ability to adjust the speed of the wheels.",positive,negative,positive,bert_fixes_baseline_error,23,True
7791,2,safety for babies and children,"It's stable, doesn't tip, and doesn't slide too fast away from baby because of the ability to adjust the speed of the wheels.",positive,negative,positive,bert_fixes_baseline_error,23,True
7791,3,product quality and performance,"So for safety as a walker, I'd give this one 5 stars.",positive,positive,positive,both_correct,12,False
7791,5,safety for babies and children,"It's so poorly made that within 2 minutes my little 12 month old had pulled both panels off the front (and I could barely get them to stay back on, they're so loosely held on).",negative,negative,negative,both_correct,35,False
7791,5,product quality and performance,"It's so poorly made that within 2 minutes my little 12 month old had pulled both panels off the front (and I could barely get them to stay back on, they're so loosely held on).",negative,negative,negative,both_correct,35,False
7791,6,product quality and performance,"Another attempt at her opening them, they fell right off again.",negative,positive,negative,bert_fixes_baseline_error,11,True
7791,9,"ease of use, assembly and convenience",I think she might have really enjoyed putting the letters in the slots and taking them out.,negative,positive,negative,bert_fixes_baseline_error,17,False
7791,9,"design, appearance and looks",I think she might have really enjoyed putting the letters in the slots and taking them out.,negative,positive,negative,bert_fixes_baseline_error,17,False
7791,11,"design, appearance and looks",Right now the walker is just a plain white shell with nothing to do but walk and push.,negative,negative,negative,both_correct,18,True
7791,12,product quality and performance,That part works fine.,positive,positive,positive,both_correct,4,False
7809,0,product quality and performance,Used less than a year and did not hold up.,negative,negative,negative,both_correct,10,True
7809,0,"durability, washability and longevity",Used less than a year and did not hold up.,negative,negative,negative,both_correct,10,True
7809,2,"design, appearance and looks",Very thin product,negative,negative,negative,both_correct,3,False
7809,2,product quality and performance,Very thin product,negative,negative,negative,both_correct,3,False
7812,0,"ease of use, assembly and convenience",Holds everything I need but not too big,positive,negative,positive,bert_fixes_baseline_error,8,True
7812,0,product quality and performance,Holds everything I need but not too big,positive,negative,positive,bert_fixes_baseline_error,8,True
7812,0,"size, dimensions and fit",Holds everything I need but not too big,positive,negative,positive,bert_fixes_baseline_error,8,True
7816,0,safety for babies and children,"After my daughter suffered permanent scaring from diaper rash due to something in another type of 'organic' formula, a NICU mom recommended this to us and we ordered one can of babys only before my LO turned 1.",negative,positive,negative,bert_fixes_baseline_error,38,True
7816,1,product quality and performance,We were happy to see diaper rash fade quick and her belly went back to normal.,positive,positive,positive,both_correct,16,False
7816,1,safety for babies and children,We were happy to see diaper rash fade quick and her belly went back to normal.,positive,positive,positive,both_correct,16,False
7816,2,product quality and performance,We have no complaints&she seemed to love this,positive,positive,positive,both_correct,8,True
7820,0,"price, cost and value for money",Good quality bags at a great price.,positive,positive,positive,both_correct,7,False
7820,0,product quality and performance,Good quality bags at a great price.,positive,positive,positive,both_correct,7,False
7820,1,"size, dimensions and fit",Only issue is roll is to large to fit inside the diaper pail.,negative,negative,negative,both_correct,13,False
7820,1,safety for babies and children,Only issue is roll is to large to fit inside the diaper pail.,negative,negative,negative,both_correct,13,False
7820,2,"ease of use, assembly and convenience",Maybe two 50 rolls in the pack would make it easier.,negative,negative,negative,both_correct,11,False
7820,2,"packaging, shipping and delivery",Maybe two 50 rolls in the pack would make it easier.,negative,negative,negative,both_correct,11,False
7820,3,product quality and performance,Overall 5 stars,positive,positive,positive,both_correct,3,False
7828,0,product quality and performance,We have used this so much in so many situations that we now give them as baby gifts.,positive,positive,positive,both_correct,18,False
7828,0,"durability, washability and longevity",We have used this so much in so many situations that we now give them as baby gifts.,positive,positive,positive,both_correct,18,False
7828,1,product quality and performance,"I took the entire cover off, washed it in the machine and put it right back on with no problems.",positive,negative,positive,bert_fixes_baseline_error,20,True
7828,1,"durability, washability and longevity","I took the entire cover off, washed it in the machine and put it right back on with no problems.",positive,negative,positive,bert_fixes_baseline_error,20,True
7833,0,product quality and performance,"As you can see from the photo, this is a poor quality item.",negative,negative,negative,both_correct,13,False
7833,1,product quality and performance,The shelves lack support and the support beams bent in half after first use as they are made of thin/flimsy cardboard.,negative,negative,negative,both_correct,21,False
7833,2,product quality and performance,The hangers are also very flimsy and when you put clothes into it the hooks often come off the pole/rack.,negative,negative,negative,both_correct,20,False
7833,2,"design, appearance and looks",The hangers are also very flimsy and when you put clothes into it the hooks often come off the pole/rack.,negative,negative,negative,both_correct,20,False
7833,3,product quality and performance,I do not recommend this product.,negative,negative,negative,both_correct,6,True
7833,3,"price, cost and value for money",I do not recommend this product.,negative,negative,negative,both_correct,6,True
7833,4,product quality and performance,"Thought This would be a great product to organize my sons daily outfits because of its size, but clearly it's not.",negative,positive,negative,bert_fixes_baseline_error,21,True
7833,4,"design, appearance and looks","Thought This would be a great product to organize my sons daily outfits because of its size, but clearly it's not.",negative,positive,negative,bert_fixes_baseline_error,21,True
7865,0,"comfort, softness and texture","Love these, so cute and soft.",positive,positive,positive,both_correct,6,False
7865,0,"design, appearance and looks","Love these, so cute and soft.",positive,positive,positive,both_correct,6,False
7865,1,safety for babies and children,They zip on the pillow which keeps my little one from pulling off the case constantly.,negative,negative,negative,both_correct,16,False
7865,1,"ease of use, assembly and convenience",They zip on the pillow which keeps my little one from pulling off the case constantly.,negative,negative,negative,both_correct,16,False
7884,0,"ease of use, assembly and convenience",Always keep a pack of these in the rr next to the toilet paper.,negative,negative,negative,both_correct,14,False
7884,0,"durability, washability and longevity",Always keep a pack of these in the rr next to the toilet paper.,negative,negative,negative,both_correct,14,False
7884,1,"durability, washability and longevity",Keep yo booty clean.,positive,negative,positive,bert_fixes_baseline_error,4,False
7884,1,"design, appearance and looks",Keep yo booty clean.,positive,negative,positive,bert_fixes_baseline_error,4,False
7897,0,product quality and performance,These are my favorite wips they have never let me or anyone in the family down,positive,negative,positive,bert_fixes_baseline_error,16,True
7897,0,"durability, washability and longevity",These are my favorite wips they have never let me or anyone in the family down,positive,negative,positive,bert_fixes_baseline_error,16,True
7901,0,safety for babies and children,I just bought this for myself as I'm preparing for my first baby.,positive,positive,positive,both_correct,13,False
7901,0,"price, cost and value for money",I just bought this for myself as I'm preparing for my first baby.,positive,positive,positive,both_correct,13,False
7901,1,"price, cost and value for money","I have been adamant on having a designated changing table and everyone kept trying to talk me out of it, because they felt it was a waste of money.",negative,negative,negative,both_correct,29,False
7901,1,safety for babies and children,"I have been adamant on having a designated changing table and everyone kept trying to talk me out of it, because they felt it was a waste of money.",negative,negative,negative,both_correct,29,False
7901,2,safety for babies and children,"But we have dogs that are constantly jumping on the bed where EVERYONE keeps telling me to put the changing pad on for diaper changes and I don't need the dogs jumping on a newborn, etc.",negative,negative,negative,both_correct,36,True
7901,3,"ease of use, assembly and convenience","I found this on sale and I'm impressed with how sturdy it is, easy to assemble AND I can secure it with screws onto almost any dresser.",positive,positive,positive,both_correct,27,False
7901,3,product quality and performance,"I found this on sale and I'm impressed with how sturdy it is, easy to assemble AND I can secure it with screws onto almost any dresser.",positive,positive,positive,both_correct,27,False
7901,4,"ease of use, assembly and convenience","Which I'll be doing, securing it to a long dresser I have designated for the baby's belongings.",negative,negative,negative,both_correct,17,False
7901,4,safety for babies and children,"Which I'll be doing, securing it to a long dresser I have designated for the baby's belongings.",negative,negative,negative,both_correct,17,False
7901,5,product quality and performance,No issues with packaging or shipment and I'm definitely excited to use this as part of my DIY changing station!,positive,positive,positive,both_correct,20,True
7901,5,"ease of use, assembly and convenience",No issues with packaging or shipment and I'm definitely excited to use this as part of my DIY changing station!,positive,positive,positive,both_correct,20,True
7901,5,"packaging, shipping and delivery",No issues with packaging or shipment and I'm definitely excited to use this as part of my DIY changing station!,positive,positive,positive,both_correct,20,True
7901,6,product quality and performance,"If anything changes, I will update my review but for now this has been an amazing purchase!",positive,positive,positive,both_correct,17,True
7902,0,"price, cost and value for money","We recieved this as a baby shower gift, never actually realizing how much we would be in need of it!",negative,positive,positive,both_wrong,20,True
7902,0,safety for babies and children,"We recieved this as a baby shower gift, never actually realizing how much we would be in need of it!",negative,positive,positive,both_wrong,20,True
7902,1,"design, appearance and looks","It is very well made, very sturdy, looks like high quality and has good hanging options making it versatile for when you need to change up the nursery.",positive,positive,positive,both_correct,28,False
7902,1,product quality and performance,"It is very well made, very sturdy, looks like high quality and has good hanging options making it versatile for when you need to change up the nursery.",positive,positive,positive,both_correct,28,False
7902,3,"size, dimensions and fit",I honestly wish it was a bit bigger or slightly wider but the size works very well.,positive,positive,positive,both_correct,17,True
7902,3,product quality and performance,I honestly wish it was a bit bigger or slightly wider but the size works very well.,positive,positive,positive,both_correct,17,True
7902,5,"design, appearance and looks",I'm thinking of buying another one for the car lol.,negative,negative,negative,both_correct,10,True
7902,5,"price, cost and value for money",I'm thinking of buying another one for the car lol.,negative,negative,negative,both_correct,10,True
7902,6,product quality and performance,We really like it.,positive,positive,positive,both_correct,4,False
7902,6,"design, appearance and looks",We really like it.,positive,positive,positive,both_correct,4,False
7927,0,"price, cost and value for money",Got these since Cottonelle has been recalled.,negative,positive,positive,both_wrong,7,False
7927,0,"comfort, softness and texture",Got these since Cottonelle has been recalled.,negative,positive,positive,both_wrong,7,False
7927,1,product quality and performance,Not even close to being as good.,negative,negative,negative,both_correct,7,True
7927,2,product quality and performance,These are dry and flimsy.,negative,negative,negative,both_correct,5,False
7927,3,product quality and performance,"They're a good size but because of being so thin, a lot more wipes are required.",negative,negative,negative,both_correct,16,True
7927,3,"design, appearance and looks","They're a good size but because of being so thin, a lot more wipes are required.",negative,negative,negative,both_correct,16,True
7927,3,"size, dimensions and fit","They're a good size but because of being so thin, a lot more wipes are required.",negative,negative,negative,both_correct,16,True
7941,0,"durability, washability and longevity",Goes through the wash with everything else and the color hasn't fadded or shrank.,positive,negative,positive,bert_fixes_baseline_error,14,True
7941,0,product quality and performance,Goes through the wash with everything else and the color hasn't fadded or shrank.,positive,negative,positive,bert_fixes_baseline_error,14,True
7941,0,"design, appearance and looks",Goes through the wash with everything else and the color hasn't fadded or shrank.,positive,negative,positive,bert_fixes_baseline_error,14,True
7941,1,product quality and performance,Fits perfectly on my sons bed,positive,positive,positive,both_correct,6,False
7941,1,"comfort, softness and texture",Fits perfectly on my sons bed,positive,positive,positive,both_correct,6,False
7941,1,"size, dimensions and fit",Fits perfectly on my sons bed,positive,positive,positive,both_correct,6,False
7953,0,"comfort, softness and texture",Love this sleep sack!,positive,positive,positive,both_correct,4,False
7953,0,"design, appearance and looks",Love this sleep sack!,positive,positive,positive,both_correct,4,False
7965,0,"design, appearance and looks","Love the design, size and it holds smells in pretty well.",positive,positive,positive,both_correct,11,False
7965,0,product quality and performance,"Love the design, size and it holds smells in pretty well.",positive,positive,positive,both_correct,11,False
7969,0,product quality and performance,Works great no irritation,positive,positive,positive,both_correct,4,True
7969,0,"ease of use, assembly and convenience",Works great no irritation,positive,positive,positive,both_correct,4,True
7998,0,"design, appearance and looks",This is super cute when it's all put together!,positive,positive,positive,both_correct,9,False
7998,0,"ease of use, assembly and convenience",This is super cute when it's all put together!,positive,positive,positive,both_correct,9,False
7998,1,"design, appearance and looks",I love the shine that is on it and the pictures are vibrant! <br,positive,positive,positive,both_correct,14,False
7998,1,product quality and performance,I love the shine that is on it and the pictures are vibrant! <br,positive,positive,positive,both_correct,14,False
7998,2,"ease of use, assembly and convenience",/>We needed something that would allow my soon to be kindergartener to do her work on and this exceeds expectations actions as she can store things inside and turn it back into a bench when desk is not in use!! Super cute!,negative,negative,positive,bert_introduces_new_error,42,True
7998,2,product quality and performance,/>We needed something that would allow my soon to be kindergartener to do her work on and this exceeds expectations actions as she can store things inside and turn it back into a bench when desk is not in use!! Super cute!,negative,negative,positive,bert_introduces_new_error,42,True
7998,2,"design, appearance and looks",/>We needed something that would allow my soon to be kindergartener to do her work on and this exceeds expectations actions as she can store things inside and turn it back into a bench when desk is not in use!! Super cute!,negative,negative,positive,bert_introduces_new_error,42,True
7998,3,product quality and performance,We will see how it holds,positive,positive,positive,both_correct,6,False
7998,3,"durability, washability and longevity",We will see how it holds,positive,positive,positive,both_correct,6,False
7998,4,"size, dimensions and fit","up! I def will say since she is five, a year or two from now this will def be too small based on her height.",negative,negative,negative,both_correct,25,False
7998,4,safety for babies and children,"up! I def will say since she is five, a year or two from now this will def be too small based on her height.",negative,negative,negative,both_correct,25,False
7998,5,"price, cost and value for money",But well worth it for a toddler!!,positive,positive,positive,both_correct,7,True
7998,5,product quality and performance,But well worth it for a toddler!!,positive,positive,positive,both_correct,7,True
8006,0,"ease of use, assembly and convenience",These inserts are definatly my go to's that I grab first.,positive,negative,positive,bert_fixes_baseline_error,11,False
8006,0,product quality and performance,These inserts are definatly my go to's that I grab first.,positive,negative,positive,bert_fixes_baseline_error,11,False
8006,1,"design, appearance and looks",Very obsortbant and not overly thick.,positive,negative,positive,bert_fixes_baseline_error,6,True
8006,1,"durability, washability and longevity",Very obsortbant and not overly thick.,positive,negative,positive,bert_fixes_baseline_error,6,True
8017,0,product quality and performance,"Protection wise it's perfect with a good combination, the issue is the 3m self adhesive attached is garbage and constantly fell off, Had to use super glue to get them to stay.",negative,positive,negative,bert_fixes_baseline_error,32,False
8048,0,safety for babies and children,"This drink powder is for toddlers and includes probiotics to give their little tummies (technically, the digestive system) support for their digestion.",negative,negative,negative,both_correct,22,False
8051,0,"comfort, softness and texture",So babies should love this food.,positive,positive,positive,both_correct,6,False
8051,1,"design, appearance and looks",You can't detect many of the ingredients because they all look the same.,negative,negative,negative,both_correct,13,True
8051,2,product quality and performance,It tasted okay and my little dog liked it too.,positive,positive,positive,both_correct,10,False
8051,2,"comfort, softness and texture",It tasted okay and my little dog liked it too.,positive,positive,positive,both_correct,10,False
8051,3,safety for babies and children,I only let him lick the bowl.,negative,negative,negative,both_correct,7,False
8051,3,"comfort, softness and texture",I only let him lick the bowl.,negative,negative,negative,both_correct,7,False
8051,4,product quality and performance,These taste okay to me.,positive,positive,positive,both_correct,5,False
8051,4,"comfort, softness and texture",These taste okay to me.,positive,positive,positive,both_correct,5,False
8051,5,product quality and performance,I have found that these are just enough for my purposes.,positive,negative,positive,bert_fixes_baseline_error,11,False
8051,5,"ease of use, assembly and convenience",I have found that these are just enough for my purposes.,positive,negative,positive,bert_fixes_baseline_error,11,False
8051,6,safety for babies and children,"Make sure you follow directions to heat it up, because 20 seconds is long, but is enough to make it possibly too hot for your little one.",negative,positive,negative,bert_fixes_baseline_error,27,True
8051,7,safety for babies and children,"If you only feed a half of the container, refrigerate the remainder.",negative,negative,negative,both_correct,12,False
8092,0,product quality and performance,These diapers are special.,positive,positive,positive,both_correct,4,False
8092,0,"design, appearance and looks",These diapers are special.,positive,positive,positive,both_correct,4,False
8092,1,"comfort, softness and texture",They feel so soft.,positive,positive,positive,both_correct,4,False
8092,1,"design, appearance and looks",They feel so soft.,positive,positive,positive,both_correct,4,False
8092,2,"comfort, softness and texture",They are absorbant and they fit newborns like they should.,positive,positive,positive,both_correct,10,False
8092,2,product quality and performance,They are absorbant and they fit newborns like they should.,positive,positive,positive,both_correct,10,False
8092,2,"size, dimensions and fit",They are absorbant and they fit newborns like they should.,positive,positive,positive,both_correct,10,False
8092,4,"size, dimensions and fit",They will fit 7-14 pound babies.,positive,positive,positive,both_correct,6,False
8092,4,safety for babies and children,They will fit 7-14 pound babies.,positive,positive,positive,both_correct,6,False
8092,5,"durability, washability and longevity","This is actually nice, because you will get more than a couple of weeks out of these.",positive,positive,positive,both_correct,17,False
8092,5,product quality and performance,"This is actually nice, because you will get more than a couple of weeks out of these.",positive,positive,positive,both_correct,17,False
8092,6,product quality and performance,And the diapers are better than most for the environment.,positive,positive,positive,both_correct,10,False
8092,8,"ease of use, assembly and convenience",You can even use the bag they come in to carry other items around.,negative,negative,negative,both_correct,14,False
8096,0,"ease of use, assembly and convenience",The backpack style makes it easy to be handsfree to hold your baby.,positive,positive,positive,both_correct,13,False
8096,0,safety for babies and children,The backpack style makes it easy to be handsfree to hold your baby.,positive,positive,positive,both_correct,13,False
8096,1,"ease of use, assembly and convenience","When you need something, it is easy enough to remove from your back (easier if you have someone assist you if you are holding a baby) to get the supplies you need, like clothing, diapers, wipes, bottles, food, toys and more.",negative,negative,negative,both_correct,41,False
8096,1,safety for babies and children,"When you need something, it is easy enough to remove from your back (easier if you have someone assist you if you are holding a baby) to get the supplies you need, like clothing, diapers, wipes, bottles, food, toys and more.",negative,negative,negative,both_correct,41,False
8096,3,safety for babies and children,"This backpack has all kinds of room in it, including insulated areas for bottles.",negative,negative,negative,both_correct,14,False
8096,3,"ease of use, assembly and convenience","This backpack has all kinds of room in it, including insulated areas for bottles.",negative,negative,negative,both_correct,14,False
8096,4,"ease of use, assembly and convenience",Separation panels for organization.,positive,negative,positive,bert_fixes_baseline_error,4,False
8096,5,"ease of use, assembly and convenience",There are fourteen pockets altogether and some of them are removable.,negative,negative,negative,both_correct,11,False
8096,5,"durability, washability and longevity",There are fourteen pockets altogether and some of them are removable.,negative,negative,negative,both_correct,11,False
8097,0,safety for babies and children,This conditioning spray is for children and is much milder than adult conditioning spray.,negative,negative,negative,both_correct,14,False
8097,1,safety for babies and children,The girl will be using this spray when you comes over to swim in the pool - after she has showered and shampooed her hair.,negative,negative,negative,both_correct,25,False
8097,1,"design, appearance and looks",The girl will be using this spray when you comes over to swim in the pool - after she has showered and shampooed her hair.,negative,negative,negative,both_correct,25,False
8097,2,"comfort, softness and texture",She has thick hair that is wavy and needs the argan oil to get her hair brushed or combed.,negative,negative,negative,both_correct,19,False
8097,2,"design, appearance and looks",She has thick hair that is wavy and needs the argan oil to get her hair brushed or combed.,negative,negative,negative,both_correct,19,False
8097,3,product quality and performance,I can use this spray and use only a small amount on my fine hair and get good results.,positive,positive,positive,both_correct,19,False
8097,3,"ease of use, assembly and convenience",I can use this spray and use only a small amount on my fine hair and get good results.,positive,positive,positive,both_correct,19,False
8097,4,"comfort, softness and texture",I like the silk proteins in this too.,positive,positive,positive,both_correct,8,False
8097,4,product quality and performance,I like the silk proteins in this too.,positive,positive,positive,both_correct,8,False
8120,0,safety for babies and children,"If you have little ones, they will like being able to use this step stool with support handles to reach the counter by themselves.",negative,positive,positive,both_wrong,24,False
8120,0,"ease of use, assembly and convenience","If you have little ones, they will like being able to use this step stool with support handles to reach the counter by themselves.",negative,positive,positive,both_wrong,24,False
8120,2,safety for babies and children,"Because as soon as they learn they can hop onto the counter, it is time to remove the step stool.",negative,negative,negative,both_correct,20,False
8120,2,"ease of use, assembly and convenience","Because as soon as they learn they can hop onto the counter, it is time to remove the step stool.",negative,negative,negative,both_correct,20,False
8120,3,"design, appearance and looks",It is sturdy and I like the modern low key look.,positive,positive,positive,both_correct,11,False
8120,3,product quality and performance,It is sturdy and I like the modern low key look.,positive,positive,positive,both_correct,11,False
8126,0,product quality and performance,This Nanit Plus is the way to go.,positive,positive,positive,both_correct,8,False
8126,0,"price, cost and value for money",This Nanit Plus is the way to go.,positive,positive,positive,both_correct,8,False
8126,1,"price, cost and value for money",Sure it costs more.,negative,positive,positive,both_wrong,4,False
8126,2,product quality and performance,"But, it is so much better than the others.",positive,positive,positive,both_correct,9,False
8126,2,"design, appearance and looks","But, it is so much better than the others.",positive,positive,positive,both_correct,9,False
8126,3,"ease of use, assembly and convenience",It has the floor stand that you can either free stand or you can use the wall connector to put it up high enough as baby grows that they cannot touch the monitor.,negative,positive,negative,bert_fixes_baseline_error,33,True
8126,3,safety for babies and children,It has the floor stand that you can either free stand or you can use the wall connector to put it up high enough as baby grows that they cannot touch the monitor.,negative,positive,negative,bert_fixes_baseline_error,33,True
8126,4,"ease of use, assembly and convenience","The monitor comes with everything you need to set it up, including a 30 day free usage of the Nanit app, which has so many features, you want them available.",positive,positive,positive,both_correct,30,False
8126,7,product quality and performance,"You can check in on your baby any time of day or night, the video is going to be clear.",positive,negative,positive,bert_fixes_baseline_error,20,False
8126,7,safety for babies and children,"You can check in on your baby any time of day or night, the video is going to be clear.",positive,negative,positive,bert_fixes_baseline_error,20,False
8126,11,safety for babies and children,This is a private monitor and only the people who know how to access the app will be able to view the baby.,negative,negative,negative,both_correct,23,False
8145,3,safety for babies and children,Mom gets to stay conventionally covered and baby gets to nurse.,negative,positive,negative,bert_fixes_baseline_error,11,False
8145,4,"comfort, softness and texture","The material is like a t shirt, soft and cottony.",positive,positive,negative,bert_introduces_new_error,10,False
8145,4,product quality and performance,"The material is like a t shirt, soft and cottony.",positive,negative,negative,both_wrong,10,False
8145,5,"comfort, softness and texture",It is easy to wear and easy to wash.,negative,positive,negative,bert_fixes_baseline_error,9,False
8145,5,product quality and performance,It is easy to wear and easy to wash.,negative,negative,negative,both_correct,9,False
8145,5,"ease of use, assembly and convenience",It is easy to wear and easy to wash.,negative,positive,negative,bert_fixes_baseline_error,9,False
8145,5,"durability, washability and longevity",It is easy to wear and easy to wash.,negative,positive,negative,bert_fixes_baseline_error,9,False
8146,0,safety for babies and children,"This baby monitoring systems has remote camera steering, the ability to zoom in and out, talk to baby ability, temperature display in the room, 2 different color of night lights and automatic night vision.",positive,positive,positive,both_correct,34,False
8170,0,"ease of use, assembly and convenience",This swaddle is made to make it easier to swaddle your baby.,negative,positive,positive,both_wrong,12,False
8170,0,"comfort, softness and texture",This swaddle is made to make it easier to swaddle your baby.,negative,positive,positive,both_wrong,12,False
8170,1,safety for babies and children,This swaddle is for birth to 4 months.,negative,negative,negative,both_correct,8,False
8170,1,"comfort, softness and texture",This swaddle is for birth to 4 months.,negative,negative,negative,both_correct,8,False
8170,2,safety for babies and children,"You can swaddle with arms up from birth to 1 month, arms down for babies that are one to two months old, or arms out for babies from two to four months.",negative,negative,negative,both_correct,32,False
8170,2,"comfort, softness and texture","You can swaddle with arms up from birth to 1 month, arms down for babies that are one to two months old, or arms out for babies from two to four months.",negative,negative,negative,both_correct,32,False
8170,3,"ease of use, assembly and convenience",This swaddle also has an easy access for changing diapers.,positive,positive,positive,both_correct,10,False
8170,3,safety for babies and children,This swaddle also has an easy access for changing diapers.,positive,positive,positive,both_correct,10,False
8170,4,safety for babies and children,"Each position is for a reason, so swaddle as instructed.",negative,negative,positive,bert_introduces_new_error,10,False
8170,4,"comfort, softness and texture","Each position is for a reason, so swaddle as instructed.",negative,negative,positive,bert_introduces_new_error,10,False
8170,5,"comfort, softness and texture",The material is breathable cotton and spandex fabric.,positive,positive,positive,both_correct,8,False
8170,5,product quality and performance,The material is breathable cotton and spandex fabric.,positive,positive,positive,both_correct,8,False
8170,6,product quality and performance,Baby will sleep better and not be as fussy.,negative,negative,positive,bert_introduces_new_error,9,True
8170,6,"comfort, softness and texture",Baby will sleep better and not be as fussy.,negative,negative,positive,bert_introduces_new_error,9,True
8186,1,"ease of use, assembly and convenience",This 4-in-1 activity center grows with your baby and can be configured in different ways to accommodate growth.,positive,positive,positive,both_correct,18,False
8186,1,"size, dimensions and fit",This 4-in-1 activity center grows with your baby and can be configured in different ways to accommodate growth.,positive,positive,positive,both_correct,18,False
8186,4,"ease of use, assembly and convenience",It also has five linkable toys that can be removed and put on the car seat or stroller.,negative,negative,negative,both_correct,18,False
8186,4,safety for babies and children,It also has five linkable toys that can be removed and put on the car seat or stroller.,negative,negative,negative,both_correct,18,False
8194,0,product quality and performance,I am pleasantly surprised.,positive,positive,positive,both_correct,4,False
8194,2,safety for babies and children,The mini crib is suitable for a baby up to 18 months old.,positive,positive,positive,both_correct,13,False
8194,2,"size, dimensions and fit",The mini crib is suitable for a baby up to 18 months old.,positive,positive,positive,both_correct,13,False
8194,3,"size, dimensions and fit",Then you need either a full size crib and this mini-crib to a twin bed.,negative,negative,negative,both_correct,15,False
8194,3,safety for babies and children,Then you need either a full size crib and this mini-crib to a twin bed.,negative,negative,negative,both_correct,15,False
8194,4,"ease of use, assembly and convenience",I like how this can be used in different rooms.,positive,positive,positive,both_correct,10,False
8194,4,"design, appearance and looks",I like how this can be used in different rooms.,positive,positive,positive,both_correct,10,False
8194,5,"ease of use, assembly and convenience",Easy enough to take apart and put back together.,positive,negative,negative,both_wrong,9,False
8194,5,product quality and performance,Easy enough to take apart and put back together.,positive,negative,positive,bert_fixes_baseline_error,9,False
8194,6,product quality and performance,"The wood is sustainable New Zealand pine, so you don't feel like you are using up the earth's resources.",positive,negative,positive,bert_fixes_baseline_error,19,True
8204,2,"comfort, softness and texture","Warm 5 drops of baby oil and put it in your ear, while laying on your side, if you have an ear wax buildup, massage oil, remove eye makeup with a cotton ball and bath oil, remove bubble gum from hair, use as a wood oil to shine wooden furniture, use on your feet and hands for cracks and dry skin.",negative,negative,negative,both_correct,61,False
8204,5,product quality and performance,So the quality is there.,positive,positive,positive,both_correct,5,False
8204,7,safety for babies and children,No other baby oil has this type of guarantee.,negative,negative,negative,both_correct,9,True
8204,7,product quality and performance,No other baby oil has this type of guarantee.,negative,negative,negative,both_correct,9,True
8219,0,safety for babies and children,Babies between 14 and 21 pounds will be able to sleep comfortably in this swaddle sack.,negative,positive,negative,bert_fixes_baseline_error,16,False
8219,0,"comfort, softness and texture",Babies between 14 and 21 pounds will be able to sleep comfortably in this swaddle sack.,negative,positive,negative,bert_fixes_baseline_error,16,False
8219,1,"comfort, softness and texture",It is soft and stretchy and has easy zippered access for changing diapers.,negative,positive,negative,bert_fixes_baseline_error,13,False
8219,1,product quality and performance,It is soft and stretchy and has easy zippered access for changing diapers.,negative,positive,negative,bert_fixes_baseline_error,13,False
8219,1,"ease of use, assembly and convenience",It is soft and stretchy and has easy zippered access for changing diapers.,negative,positive,negative,bert_fixes_baseline_error,13,False
8219,2,"design, appearance and looks",It also has arms up mitten cuffs.,negative,negative,negative,both_correct,7,False
8219,2,"comfort, softness and texture",It also has arms up mitten cuffs.,negative,negative,negative,both_correct,7,False
8219,3,safety for babies and children,"If you want to use the mittens, you just have to fold the material over their little hands.",negative,negative,negative,both_correct,18,False
8219,3,"ease of use, assembly and convenience","If you want to use the mittens, you just have to fold the material over their little hands.",negative,negative,negative,both_correct,18,False
8219,4,"ease of use, assembly and convenience","This is also easy to put on the baby, it zips right up or down, with the two way zipper.",positive,negative,positive,bert_fixes_baseline_error,20,False
8219,4,product quality and performance,"This is also easy to put on the baby, it zips right up or down, with the two way zipper.",positive,negative,positive,bert_fixes_baseline_error,20,False
8219,5,safety for babies and children,The swaddle sack allows babies to self soothe and they are safer sleeping with their arms up.,negative,positive,negative,bert_fixes_baseline_error,17,False
8219,5,"comfort, softness and texture",The swaddle sack allows babies to self soothe and they are safer sleeping with their arms up.,negative,positive,negative,bert_fixes_baseline_error,17,False
8219,6,"comfort, softness and texture",The waist and leg area allows easy movement for baby.,positive,negative,positive,bert_fixes_baseline_error,10,False
8219,6,safety for babies and children,The waist and leg area allows easy movement for baby.,positive,negative,positive,bert_fixes_baseline_error,10,False
8219,6,"ease of use, assembly and convenience",The waist and leg area allows easy movement for baby.,positive,negative,positive,bert_fixes_baseline_error,10,False
8219,7,"design, appearance and looks","This pattern is confetti against a white background,",negative,negative,negative,both_correct,8,False
8219,7,"comfort, softness and texture","This pattern is confetti against a white background,",negative,negative,negative,both_correct,8,False
8228,0,"comfort, softness and texture",I love this baby blanket.,positive,positive,positive,both_correct,5,False
8228,0,"design, appearance and looks",I love this baby blanket.,positive,positive,positive,both_correct,5,False
8228,1,"comfort, softness and texture","It is made of 100% cotton, is breathable and is an open weave.",positive,positive,positive,both_correct,13,False
8228,1,product quality and performance,"It is made of 100% cotton, is breathable and is an open weave.",positive,positive,positive,both_correct,13,False
8228,2,"size, dimensions and fit","This blanket is sized at 44"" x 44"".",negative,negative,negative,both_correct,8,False
8228,2,"comfort, softness and texture","This blanket is sized at 44"" x 44"".",negative,negative,negative,both_correct,8,False
8228,3,"design, appearance and looks",It comes in a nice box with an open front that will make a lovely shower gift.,positive,positive,positive,both_correct,17,False
8228,3,"ease of use, assembly and convenience",It comes in a nice box with an open front that will make a lovely shower gift.,positive,positive,positive,both_correct,17,False
8228,4,"comfort, softness and texture",I love the blanket.,positive,positive,positive,both_correct,4,False
8228,4,"design, appearance and looks",I love the blanket.,positive,positive,positive,both_correct,4,False
8228,5,"durability, washability and longevity",It can be used year round with the open weave.,positive,negative,positive,bert_fixes_baseline_error,10,False
8228,5,"comfort, softness and texture",It can be used year round with the open weave.,positive,positive,positive,both_correct,10,False
8228,6,safety for babies and children,You can also swaddle babies if you are in a cooler environment.,positive,negative,positive,bert_fixes_baseline_error,12,False
8228,6,"comfort, softness and texture",You can also swaddle babies if you are in a cooler environment.,positive,negative,positive,bert_fixes_baseline_error,12,False
8228,8,"comfort, softness and texture",They use that type of blanket in hospitals too.,negative,negative,negative,both_correct,9,False
8228,8,safety for babies and children,They use that type of blanket in hospitals too.,negative,negative,negative,both_correct,9,False
8234,0,safety for babies and children,"I will confess, because I am so fair skinned, I use a baby sunscreen protector.",negative,positive,negative,bert_fixes_baseline_error,15,False
8234,3,"design, appearance and looks","I was concerned that with this being a mineral based lotion, that I would end up having white skin.",negative,negative,negative,both_correct,19,False
8234,4,product quality and performance,"Nope, it dries clear.",negative,negative,negative,both_correct,4,False
8234,4,"durability, washability and longevity","Nope, it dries clear.",negative,negative,negative,both_correct,4,False
8234,5,"durability, washability and longevity",I like that it is waterproof for up to 80 minutes.,positive,positive,positive,both_correct,11,False
8234,5,product quality and performance,I like that it is waterproof for up to 80 minutes.,positive,positive,positive,both_correct,11,False
8234,6,"ease of use, assembly and convenience","I like this container, which is smaller than the pump bottle that I have used for years, so it is easier to stick in a tote and go enjoy the great outdoors.",positive,positive,positive,both_correct,32,False
8234,6,"size, dimensions and fit","I like this container, which is smaller than the pump bottle that I have used for years, so it is easier to stick in a tote and go enjoy the great outdoors.",positive,positive,positive,both_correct,32,False
8234,7,product quality and performance,"It isn't going to weigh you down, either from the weight of the container or the weight of the product on your skin.",negative,negative,negative,both_correct,23,True
8234,7,"comfort, softness and texture","It isn't going to weigh you down, either from the weight of the container or the weight of the product on your skin.",negative,negative,negative,both_correct,23,True
8240,0,product quality and performance,These are two very nice newborn pacifiers for 2 months and under.,positive,positive,positive,both_correct,12,False
8240,0,"price, cost and value for money",These are two very nice newborn pacifiers for 2 months and under.,positive,positive,positive,both_correct,12,False
8240,2,product quality and performance,They are made of silicone and have a symmetrical design that supports oral development.,positive,positive,positive,both_correct,14,False
8240,2,safety for babies and children,They are made of silicone and have a symmetrical design that supports oral development.,positive,positive,positive,both_correct,14,False
8240,2,"design, appearance and looks",They are made of silicone and have a symmetrical design that supports oral development.,positive,positive,positive,both_correct,14,False
8240,3,"ease of use, assembly and convenience","These have been designed to allow baby to accept them more readily and if they are put in upside down, that is okay too.",positive,positive,positive,both_correct,24,False
8240,3,safety for babies and children,"These have been designed to allow baby to accept them more readily and if they are put in upside down, that is okay too.",positive,positive,positive,both_correct,24,False
8240,4,safety for babies and children,The hard portion of the pacifiers are made of polypropylene.,negative,negative,negative,both_correct,10,False
8240,4,product quality and performance,The hard portion of the pacifiers are made of polypropylene.,negative,negative,negative,both_correct,10,False
8240,6,product quality and performance,Make sure you follow directions on cleaning.,positive,negative,positive,bert_fixes_baseline_error,7,False
8242,4,product quality and performance,Who isn't going to want to use the ac adapter?,negative,negative,negative,both_correct,10,True
8247,0,safety for babies and children,"The Avent two ounce bottles with the natural nipple, is a perfect beginner size for newborns.",positive,positive,positive,both_correct,16,False
8247,1,"comfort, softness and texture","Babies can breast feed or use this, since it mimics a breast and makes it easier for the little one to latch on.",negative,negative,negative,both_correct,23,False
8247,2,"ease of use, assembly and convenience","The wide bottle fits most breast pumps, so you can pump directly into the bottle.",negative,negative,positive,bert_introduces_new_error,15,False
8247,2,"size, dimensions and fit","The wide bottle fits most breast pumps, so you can pump directly into the bottle.",negative,negative,positive,bert_introduces_new_error,15,False
8247,3,"size, dimensions and fit","And as the little one grows, they come in sizes with more ounces and different styles of nipples.",negative,positive,negative,bert_fixes_baseline_error,18,False
8260,1,product quality and performance,This one is just like the national brand that is so often used.,positive,positive,positive,both_correct,13,False
8260,1,"design, appearance and looks",This one is just like the national brand that is so often used.,positive,positive,positive,both_correct,13,False
8260,2,product quality and performance,"It is a white ointment but it is thinner, so you don't get that glop that you do from the national brand.",negative,negative,negative,both_correct,22,True
8260,2,"price, cost and value for money","It is a white ointment but it is thinner, so you don't get that glop that you do from the national brand.",negative,negative,negative,both_correct,22,True
8260,3,product quality and performance,"This goes on easily and protects the skin from wetness, which helps prevent chafing and diaper rash.",positive,positive,positive,both_correct,17,False
8260,3,"comfort, softness and texture","This goes on easily and protects the skin from wetness, which helps prevent chafing and diaper rash.",positive,positive,positive,both_correct,17,False
8260,5,safety for babies and children,Keep your baby comfortable.,positive,positive,positive,both_correct,4,False
8260,5,"comfort, softness and texture",Keep your baby comfortable.,positive,positive,positive,both_correct,4,False
8260,6,product quality and performance,Prevent rashes.,positive,positive,positive,both_correct,2,False
8263,0,"design, appearance and looks",I love this wall deor.,positive,positive,positive,both_correct,5,False
8263,0,"comfort, softness and texture",I love this wall deor.,positive,positive,positive,both_correct,5,False
8263,2,"design, appearance and looks","There is not too much pink, only in the background.",negative,negative,positive,bert_introduces_new_error,10,True
8263,3,"design, appearance and looks","The flamingo is all a golden color, as is the writing.",positive,positive,positive,both_correct,11,False
8263,4,"design, appearance and looks",It is in a shadowbox type frame with hardware on the back for hanging It is delightful.,positive,positive,positive,both_correct,17,False
8263,4,"comfort, softness and texture",It is in a shadowbox type frame with hardware on the back for hanging It is delightful.,positive,positive,positive,both_correct,17,False
8263,5,"design, appearance and looks","The only thing I didn't care for, is that the clear cover of the frame (may be glass, not sure) is loose fitting in the frame so that every time you move it, it makes noise and you think the clear panel is going to fall off.",negative,negative,negative,both_correct,47,True
8263,6,"design, appearance and looks","Other than that, I like it and would definitely hang in my room.",positive,positive,positive,both_correct,13,False
8263,6,"comfort, softness and texture","Other than that, I like it and would definitely hang in my room.",positive,positive,positive,both_correct,13,False
8264,0,"design, appearance and looks",This is an adorable shadowbox picture that is dimensional and great for a nursery or a child's room.,positive,positive,positive,both_correct,18,False
8264,0,"size, dimensions and fit",This is an adorable shadowbox picture that is dimensional and great for a nursery or a child's room.,positive,positive,positive,both_correct,18,False
8264,1,"comfort, softness and texture",It is even acceptable for anyone who likes elephants.,negative,positive,positive,both_wrong,9,False
8264,2,"comfort, softness and texture",Who doesn't like elephants?,negative,positive,negative,bert_fixes_baseline_error,4,True
8264,3,safety for babies and children,Especially babies with their mommies?,negative,positive,negative,bert_fixes_baseline_error,5,False
8264,3,"comfort, softness and texture",Especially babies with their mommies?,negative,positive,negative,bert_fixes_baseline_error,5,False
8264,4,"design, appearance and looks",This is just too cute and you can design a room around the color with all the soft pastel colors or the bolder colors.,positive,positive,positive,both_correct,24,False
8264,4,"comfort, softness and texture",This is just too cute and you can design a room around the color with all the soft pastel colors or the bolder colors.,positive,positive,positive,both_correct,24,False
8264,6,"design, appearance and looks",It is 11x14 and the little elephants are raised from the back to give it that dimensional look.,positive,negative,positive,bert_fixes_baseline_error,18,False
8264,6,"size, dimensions and fit",It is 11x14 and the little elephants are raised from the back to give it that dimensional look.,positive,negative,positive,bert_fixes_baseline_error,18,False
8270,0,"design, appearance and looks",These are the most well-thought-out baby bottles you can get.,positive,positive,positive,both_correct,10,False
8270,0,product quality and performance,These are the most well-thought-out baby bottles you can get.,positive,positive,positive,both_correct,10,False
8270,3,"ease of use, assembly and convenience","This set comes with 5 bottles, nipples and covers.",negative,negative,negative,both_correct,9,False
8270,3,safety for babies and children,"This set comes with 5 bottles, nipples and covers.",negative,negative,negative,both_correct,9,False
8270,4,"design, appearance and looks","3 covers are white and the nipple holder is white, while the other two are clear blue.",negative,negative,negative,both_correct,17,False
8270,6,safety for babies and children,"You also get 2 extra nipples, a teether and a pacifier.",negative,negative,negative,both_correct,11,False
8270,7,"comfort, softness and texture","If you want your baby to experience the closest thing to natural feeding, these are the bottles to get.",negative,positive,positive,both_wrong,19,False
8270,7,product quality and performance,"If you want your baby to experience the closest thing to natural feeding, these are the bottles to get.",negative,positive,positive,both_wrong,19,False
8282,0,"durability, washability and longevity",This is the 2nd pillow I bought as I left it at a hotel.,negative,positive,negative,bert_fixes_baseline_error,14,False
8282,0,"comfort, softness and texture",This is the 2nd pillow I bought as I left it at a hotel.,negative,positive,negative,bert_fixes_baseline_error,14,False
8282,1,"comfort, softness and texture",My son loves this pillow and will not part with it.,negative,positive,positive,both_wrong,11,True
8282,1,"durability, washability and longevity",My son loves this pillow and will not part with it.,negative,positive,positive,both_wrong,11,True
8282,2,safety for babies and children,Great for when kids can have them.,positive,positive,positive,both_correct,7,False
8282,2,product quality and performance,Great for when kids can have them.,positive,positive,positive,both_correct,7,False
8300,0,"ease of use, assembly and convenience",Ready for the Grandchildren to come for the Holidays!!,positive,positive,positive,both_correct,9,False
8300,0,"design, appearance and looks",Ready for the Grandchildren to come for the Holidays!!,positive,positive,positive,both_correct,9,False
8300,1,safety for babies and children,I remember as a kid teetering on the edge of a big potty and falling in the cold water.,negative,negative,negative,both_correct,19,False
8300,2,"comfort, softness and texture",No worries for the little ones with this fun seat.,positive,positive,positive,both_correct,10,True
8300,2,safety for babies and children,No worries for the little ones with this fun seat.,positive,positive,positive,both_correct,10,True
8300,3,customer service and seller support,Show them some love and understanding.,positive,positive,positive,both_correct,6,False
8305,0,"comfort, softness and texture",Should be called a slip and slide seat.,negative,negative,negative,both_correct,8,False
8305,0,"ease of use, assembly and convenience",Should be called a slip and slide seat.,negative,negative,negative,both_correct,8,False
8305,1,"price, cost and value for money",I gave up because no one will sit on this cheaply designed seat.,negative,negative,negative,both_correct,13,True
8305,1,"design, appearance and looks",I gave up because no one will sit on this cheaply designed seat.,negative,negative,negative,both_correct,13,True
8305,2,"ease of use, assembly and convenience",Round plastic screw in a long slot makes for a moving seat.,negative,negative,negative,both_correct,12,False
8305,2,product quality and performance,Round plastic screw in a long slot makes for a moving seat.,negative,negative,negative,both_correct,12,False
8305,3,"ease of use, assembly and convenience","Nop, save yourself the trouble.",negative,positive,negative,bert_fixes_baseline_error,5,False
8305,5,"durability, washability and longevity",I hadn't thrown out my old seat yet.,positive,negative,positive,bert_fixes_baseline_error,8,True
8305,5,"design, appearance and looks",I hadn't thrown out my old seat yet.,positive,negative,negative,both_wrong,8,True
8324,1,"comfort, softness and texture",Amazing for little people's delicate skin,positive,positive,positive,both_correct,6,False
8324,1,safety for babies and children,Amazing for little people's delicate skin,positive,positive,positive,both_correct,6,False
8325,0,"price, cost and value for money",Cheaply made.,negative,negative,negative,both_correct,2,False
8325,0,"ease of use, assembly and convenience",Cheaply made.,negative,negative,negative,both_correct,2,False
8325,1,product quality and performance,The hanger part is unusable.,negative,negative,negative,both_correct,5,False
8325,2,"price, cost and value for money",I wouldn't recommend,negative,negative,negative,both_correct,3,True
8329,0,"size, dimensions and fit",Ordered wrong size.,negative,negative,negative,both_correct,3,False
8329,0,customer service and seller support,Ordered wrong size.,negative,negative,negative,both_correct,3,False
8329,1,"design, appearance and looks",But very cute.,positive,positive,positive,both_correct,3,True
8331,0,"comfort, softness and texture","Bought it to be as comfy in the lady, but the lady in the pic is apparently a very short woman.",negative,negative,negative,both_correct,21,True
8331,0,product quality and performance,"Bought it to be as comfy in the lady, but the lady in the pic is apparently a very short woman.",negative,negative,negative,both_correct,21,True
8331,1,"size, dimensions and fit","The ""pillow"" part at the top is a bit too big for my taste, meaning that it feels weird to lay down in that position.",negative,negative,negative,both_correct,25,False
8331,1,product quality and performance,"The ""pillow"" part at the top is a bit too big for my taste, meaning that it feels weird to lay down in that position.",negative,negative,negative,both_correct,25,False
8331,2,"design, appearance and looks","Also, the pillow is actually pretty flat.",negative,negative,negative,both_correct,7,False
8331,2,product quality and performance,"Also, the pillow is actually pretty flat.",negative,negative,negative,both_correct,7,False
8331,3,"comfort, softness and texture","Like, way flatter than you'd imagine. That being said, I just turned it sideways, leveled one side against the wall as a headrest, and lay on the other side.",negative,positive,negative,bert_fixes_baseline_error,29,False
8331,3,"design, appearance and looks","Like, way flatter than you'd imagine. That being said, I just turned it sideways, leveled one side against the wall as a headrest, and lay on the other side.",negative,positive,negative,bert_fixes_baseline_error,29,False
8331,4,"comfort, softness and texture","plenty of room to put your arm under the pillow and then sacking out for the night. It's comfy, it's weird, but it works.",positive,positive,positive,both_correct,24,True
8331,4,product quality and performance,"plenty of room to put your arm under the pillow and then sacking out for the night. It's comfy, it's weird, but it works.",positive,positive,positive,both_correct,24,True
8331,5,"packaging, shipping and delivery","Worth trying out, but fair warning, it ships in a flat box that's pretty small compared to the full size of the pillow, and it's vacuum packed so it needs a bit to ""inflate"".",negative,negative,negative,both_correct,34,True
8331,5,"size, dimensions and fit","Worth trying out, but fair warning, it ships in a flat box that's pretty small compared to the full size of the pillow, and it's vacuum packed so it needs a bit to ""inflate"".",negative,negative,negative,both_correct,34,True
8344,0,product quality and performance,Worked amazingly well!,positive,positive,positive,both_correct,3,False
8344,0,"durability, washability and longevity",Worked amazingly well!,positive,positive,positive,both_correct,3,False
8344,1,safety for babies and children,Our 18 month old grandson was spending his first night at our house out of his crib and in to a twin bed.,negative,negative,negative,both_correct,23,False
8344,1,"size, dimensions and fit",Our 18 month old grandson was spending his first night at our house out of his crib and in to a twin bed.,negative,negative,negative,both_correct,23,False
8344,2,product quality and performance,It kept him safe and he could crawl out when ready.,negative,positive,positive,both_wrong,11,False
8344,2,safety for babies and children,It kept him safe and he could crawl out when ready.,negative,positive,positive,both_wrong,11,False
8356,0,safety for babies and children,I started using this on my son around 9 months.,negative,negative,negative,both_correct,10,False
8356,0,product quality and performance,I started using this on my son around 9 months.,negative,negative,negative,both_correct,10,False
8356,2,"comfort, softness and texture",It's soft and gentle on his gums.,positive,positive,positive,both_correct,7,False
8356,2,product quality and performance,It's soft and gentle on his gums.,positive,positive,positive,both_correct,7,False
8359,0,"design, appearance and looks",I bought this gate because it looks nice.,positive,positive,positive,both_correct,8,False
8359,0,product quality and performance,I bought this gate because it looks nice.,positive,positive,positive,both_correct,8,False
8359,2,"ease of use, assembly and convenience",Easy to open and close,positive,positive,positive,both_correct,5,False
8359,2,product quality and performance,Easy to open and close,positive,positive,positive,both_correct,5,False
8365,1,product quality and performance,"No mess, very faint smell.",negative,negative,negative,both_correct,5,True
8368,0,product quality and performance,As Described,positive,positive,positive,both_correct,2,False
8368,0,"design, appearance and looks",As Described,positive,positive,positive,both_correct,2,False
8390,0,product quality and performance,These are amazing!,positive,positive,positive,both_correct,3,False
8390,0,"design, appearance and looks",These are amazing!,positive,positive,positive,both_correct,3,False
8390,1,"comfort, softness and texture","Thick, soft, stretchy fabric that fits perfectly on our carseats.",positive,positive,positive,both_correct,10,False
8390,1,product quality and performance,"Thick, soft, stretchy fabric that fits perfectly on our carseats.",positive,positive,positive,both_correct,10,False
8390,1,"size, dimensions and fit","Thick, soft, stretchy fabric that fits perfectly on our carseats.",positive,positive,positive,both_correct,10,False
8390,2,product quality and performance,Exceptional value! Update 3/17 - This was wonderful while it lasted.,positive,positive,positive,both_correct,11,True
8390,2,"durability, washability and longevity",Exceptional value! Update 3/17 - This was wonderful while it lasted.,positive,positive,positive,both_correct,11,True
8390,3,safety for babies and children,"One of the top snaps tore away from the fabric and the second snap isn't strong enough on it's own, so now the material falls down onto our baby.",negative,positive,negative,bert_fixes_baseline_error,29,True
8390,3,product quality and performance,"One of the top snaps tore away from the fabric and the second snap isn't strong enough on it's own, so now the material falls down onto our baby.",negative,positive,negative,bert_fixes_baseline_error,29,True
8391,0,safety for babies and children,I bought thinking it might help my daughter.,negative,negative,negative,both_correct,8,False
8391,0,"price, cost and value for money",I bought thinking it might help my daughter.,negative,negative,negative,both_correct,8,False
8391,1,customer service and seller support,She was between sizes so I ended up returning it.,negative,negative,negative,both_correct,10,False
8391,1,"size, dimensions and fit",She was between sizes so I ended up returning it.,negative,negative,negative,both_correct,10,False
8402,0,"size, dimensions and fit",Review the size..,positive,negative,positive,bert_fixes_baseline_error,3,False
8405,0,"design, appearance and looks",love them.,positive,positive,positive,both_correct,2,False
8405,0,product quality and performance,love them.,positive,positive,positive,both_correct,2,False
8412,0,"design, appearance and looks",The reason I gave these 4 stars because not all of the kids match the cups which I find to be strange but also there's only 1 cap for all the cups.,negative,negative,negative,both_correct,32,True
8412,0,product quality and performance,The reason I gave these 4 stars because not all of the kids match the cups which I find to be strange but also there's only 1 cap for all the cups.,negative,negative,negative,both_correct,32,True
8412,1,product quality and performance,But other than that I've used these for both of my children and one of them is now 8.,negative,positive,negative,bert_fixes_baseline_error,19,True
8412,1,"durability, washability and longevity",But other than that I've used these for both of my children and one of them is now 8.,negative,positive,positive,both_wrong,19,True
8412,2,"price, cost and value for money",They're affordable.,positive,positive,positive,both_correct,2,False
8412,2,product quality and performance,They're affordable.,positive,positive,positive,both_correct,2,False
8412,3,"durability, washability and longevity",BPA Free and easy to clean.,positive,positive,positive,both_correct,6,False
8412,3,product quality and performance,BPA Free and easy to clean.,positive,positive,positive,both_correct,6,False
8412,5,"design, appearance and looks",Maybe it's because it makes his feel like a big boy with a big cup.,negative,negative,negative,both_correct,15,False
8412,5,"comfort, softness and texture",Maybe it's because it makes his feel like a big boy with a big cup.,negative,negative,negative,both_correct,15,False
8412,5,"size, dimensions and fit",Maybe it's because it makes his feel like a big boy with a big cup.,negative,negative,negative,both_correct,15,False
8412,6,product quality and performance,I would definitely purchase again.,positive,positive,positive,both_correct,5,False
8412,6,"design, appearance and looks",I would definitely purchase again.,positive,positive,positive,both_correct,5,False
8412,7,"durability, washability and longevity",I feel like they last a long time too.,negative,negative,negative,both_correct,9,False
8412,7,product quality and performance,I feel like they last a long time too.,negative,negative,negative,both_correct,9,False
8414,0,safety for babies and children,My son took one of them off in a few days.,negative,negative,negative,both_correct,11,False
8414,1,"durability, washability and longevity",The other ones did last.,positive,positive,positive,both_correct,5,False
8414,2,"design, appearance and looks",It did tear off someone the color on the furniture.,negative,negative,negative,both_correct,10,False
8432,0,"comfort, softness and texture",Super gentle lotion that is thin and doesn't leave a greasy film.,negative,negative,positive,bert_introduces_new_error,12,True
8432,0,product quality and performance,Super gentle lotion that is thin and doesn't leave a greasy film.,negative,negative,positive,bert_introduces_new_error,12,True
8432,1,product quality and performance,"It is really great for eczema and itchy, dry skin.",positive,positive,positive,both_correct,10,False
8432,2,"durability, washability and longevity",The price is right and lasts a long time.,positive,negative,positive,bert_fixes_baseline_error,9,False
8432,2,product quality and performance,The price is right and lasts a long time.,positive,negative,positive,bert_fixes_baseline_error,9,False
8432,2,"price, cost and value for money",The price is right and lasts a long time.,positive,negative,positive,bert_fixes_baseline_error,9,False
8435,0,safety for babies and children,"As a mom, i feel every mom needs these, From diaper blow outs in public to swimsuits at the pool.",negative,negative,negative,both_correct,20,False
8435,0,"durability, washability and longevity","As a mom, i feel every mom needs these, From diaper blow outs in public to swimsuits at the pool.",negative,negative,negative,both_correct,20,False
8435,2,"durability, washability and longevity",To woman that use cloth pads to ones that don't.,negative,negative,negative,both_correct,10,True
8435,2,"comfort, softness and texture",To woman that use cloth pads to ones that don't.,negative,negative,negative,both_correct,10,True
8435,3,product quality and performance,These bags are amazing.,positive,positive,positive,both_correct,4,False
8435,3,"design, appearance and looks",These bags are amazing.,positive,positive,positive,both_correct,4,False
8435,4,product quality and performance,There is no smell ((as long as you don't let stuff sit for a month)),negative,negative,negative,both_correct,15,True
8435,5,"durability, washability and longevity","They keep wet things, Bodily fluids contained..",negative,negative,negative,both_correct,7,False
8435,7,"size, dimensions and fit",The small one fits in a purse.,positive,negative,negative,both_wrong,7,False
8435,7,"ease of use, assembly and convenience",The small one fits in a purse.,positive,negative,negative,both_wrong,7,False
8435,8,"ease of use, assembly and convenience",The medium size or big size you can keep in your car with a change of clothes in it.,positive,negative,negative,both_wrong,19,False
8435,8,"size, dimensions and fit",The medium size or big size you can keep in your car with a change of clothes in it.,positive,negative,negative,both_wrong,19,False
8437,1,product quality and performance,very sturdy and well made !,positive,positive,positive,both_correct,6,False
8437,1,"durability, washability and longevity",very sturdy and well made !,positive,positive,positive,both_correct,6,False
8481,0,product quality and performance,This worked perfectly.,positive,positive,positive,both_correct,3,False
8481,1,safety for babies and children,When my twins were newborns I put it on my bed so that if they happene need to nap in bed with me I didn't have to worry about them rolling off.,positive,negative,positive,bert_fixes_baseline_error,32,True
8481,1,"ease of use, assembly and convenience",When my twins were newborns I put it on my bed so that if they happene need to nap in bed with me I didn't have to worry about them rolling off.,positive,positive,positive,both_correct,32,True
8481,3,product quality and performance,It works just as promised and provides comfort to me knowing my children have been safe in bed when this is in use.,positive,positive,positive,both_correct,23,False
8481,3,safety for babies and children,It works just as promised and provides comfort to me knowing my children have been safe in bed when this is in use.,positive,positive,positive,both_correct,23,False
8481,3,"comfort, softness and texture",It works just as promised and provides comfort to me knowing my children have been safe in bed when this is in use.,positive,positive,positive,both_correct,23,False
8483,0,product quality and performance,I loved these so much that I ordered several of them!,positive,positive,positive,both_correct,11,False
8483,0,"comfort, softness and texture",I loved these so much that I ordered several of them!,positive,positive,positive,both_correct,11,False
8483,2,product quality and performance,"This was a great option, and the best part is it's easily removable and transferable to different doors.",positive,positive,positive,both_correct,18,False
8483,2,"ease of use, assembly and convenience","This was a great option, and the best part is it's easily removable and transferable to different doors.",positive,positive,positive,both_correct,18,False
8483,3,safety for babies and children,"It leaves the door open a small but, which ensures no pinched fingers, and provides just enough room to peek in on a child if you're not in the same room.",positive,negative,positive,bert_fixes_baseline_error,31,True
8483,3,"design, appearance and looks","It leaves the door open a small but, which ensures no pinched fingers, and provides just enough room to peek in on a child if you're not in the same room.",positive,negative,positive,bert_fixes_baseline_error,31,True
8483,4,safety for babies and children,The only possible negative I can say is my son has gotten himself locked in rooms before by pulling the door closed when the hook was on.,negative,negative,negative,both_correct,27,False
8495,0,product quality and performance,"They do the job, but require drilling that could damage cabinets.",negative,negative,negative,both_correct,11,True
8495,0,"price, cost and value for money","They do the job, but require drilling that could damage cabinets.",negative,negative,negative,both_correct,11,True
8495,2,"size, dimensions and fit",That was a big bummer for us as we had a few cabinets where here wasn't enough space to install these.,negative,negative,negative,both_correct,21,True
8500,0,product quality and performance,"I've tried many wipes, and always find myself going back to this kind.",negative,negative,negative,both_correct,13,False
8500,0,"comfort, softness and texture","I've tried many wipes, and always find myself going back to this kind.",negative,negative,negative,both_correct,13,False
8500,1,product quality and performance,These are quality wipes that do a great job cleaning.,positive,positive,positive,both_correct,10,False
8500,1,"durability, washability and longevity",These are quality wipes that do a great job cleaning.,positive,positive,positive,both_correct,10,False
8500,3,product quality and performance,They are soft and effective.,positive,positive,positive,both_correct,5,False
8500,3,"comfort, softness and texture",They are soft and effective.,positive,positive,positive,both_correct,5,False
8500,4,"price, cost and value for money",With subscribe and save they're a great price on here.,positive,positive,positive,both_correct,10,False
8500,5,product quality and performance,I will continue buying these for sure.,positive,positive,positive,both_correct,7,False
8500,5,"durability, washability and longevity",I will continue buying these for sure.,positive,positive,positive,both_correct,7,False
8518,0,"price, cost and value for money",Good to have cheap cups around.,positive,positive,positive,both_correct,6,False
8518,0,"comfort, softness and texture",Good to have cheap cups around.,positive,positive,positive,both_correct,6,False
8518,1,"comfort, softness and texture",I like having a straw option.,negative,positive,positive,both_wrong,6,False
8518,1,"ease of use, assembly and convenience",I like having a straw option.,negative,positive,positive,both_wrong,6,False
8525,0,"comfort, softness and texture","Great Blankets, super soft.",positive,positive,positive,both_correct,4,False
8525,0,product quality and performance,"Great Blankets, super soft.",positive,positive,positive,both_correct,4,False
8528,0,product quality and performance,Sophie is the best!!,positive,positive,positive,both_correct,4,False
8528,0,customer service and seller support,Sophie is the best!!,positive,positive,positive,both_correct,4,False
8528,1,"comfort, softness and texture",My 4 month old grandson loves it.,positive,positive,positive,both_correct,7,False
8528,1,"design, appearance and looks",My 4 month old grandson loves it.,positive,positive,positive,both_correct,7,False
8528,2,"comfort, softness and texture","It's small enough to fit in his little hands, and light enough for him to hold.",positive,positive,positive,both_correct,16,False
8528,2,"size, dimensions and fit","It's small enough to fit in his little hands, and light enough for him to hold.",positive,positive,positive,both_correct,16,False
8533,0,product quality and performance,Great idea but not executed well.,negative,negative,negative,both_correct,6,True
8533,1,product quality and performance,"After using it for a few weeks, marker doesn't stain, which is a plus, but the whiteboard falls off the wall under its own weight, even after cleaning the wall.",negative,negative,negative,both_correct,30,True
8533,1,"design, appearance and looks","After using it for a few weeks, marker doesn't stain, which is a plus, but the whiteboard falls off the wall under its own weight, even after cleaning the wall.",negative,negative,negative,both_correct,30,True
8533,2,"design, appearance and looks",I have it taped up right now which makes it look ugly.,negative,positive,negative,bert_fixes_baseline_error,12,False
8533,3,"ease of use, assembly and convenience",It would of been easier just to hang a real whiteboard from the beginning.,negative,negative,negative,both_correct,14,False
8533,3,"design, appearance and looks",It would of been easier just to hang a real whiteboard from the beginning.,negative,negative,negative,both_correct,14,False
8552,0,product quality and performance,I love this carrier!,positive,positive,positive,both_correct,4,False
8552,0,"design, appearance and looks",I love this carrier!,positive,positive,positive,both_correct,4,False
8552,2,"ease of use, assembly and convenience",So I can have one in my van and one in my house and so I can wash mine and use the other.,negative,negative,negative,both_correct,23,False
8552,2,"durability, washability and longevity",So I can have one in my van and one in my house and so I can wash mine and use the other.,negative,negative,negative,both_correct,23,False
8552,3,product quality and performance,This carrier is amazing and MUCH cheaper than other carriers.,positive,positive,positive,both_correct,10,False
8552,3,"price, cost and value for money",This carrier is amazing and MUCH cheaper than other carriers.,positive,positive,positive,both_correct,10,False
8552,4,product quality and performance,I was actually surprised how much I love it considering how cheap it is.,positive,positive,positive,both_correct,14,False
8552,4,"price, cost and value for money",I was actually surprised how much I love it considering how cheap it is.,positive,positive,positive,both_correct,14,False
8552,5,"comfort, softness and texture",It is way easier to use than a woven wrap or a stretchy wrap (like the moby) but still gives that snugly wrapped up feeling and is more compact and (in my opinion) easier to use that a soft structured carrier (like the ergo or Tula).,positive,positive,positive,both_correct,46,True
8552,5,product quality and performance,It is way easier to use than a woven wrap or a stretchy wrap (like the moby) but still gives that snugly wrapped up feeling and is more compact and (in my opinion) easier to use that a soft structured carrier (like the ergo or Tula).,positive,positive,positive,both_correct,46,True
8552,6,"durability, washability and longevity",I've been using for 10 months now,negative,negative,negative,both_correct,7,False
8552,6,product quality and performance,I've been using for 10 months now,negative,negative,negative,both_correct,7,False
8552,8,"price, cost and value for money",It might not be for everyone but at this price I'd give it a try before going out and buying something more pricey.,negative,negative,negative,both_correct,23,True
8554,0,"comfort, softness and texture",These are y favorite wipes.,positive,positive,positive,both_correct,5,False
8554,0,product quality and performance,These are y favorite wipes.,positive,positive,positive,both_correct,5,False
8554,1,product quality and performance,"They clean up better than others I have tried and are pretty thick, which I like.",positive,positive,positive,both_correct,16,False
8554,1,"design, appearance and looks","They clean up better than others I have tried and are pretty thick, which I like.",positive,positive,positive,both_correct,16,False
8554,2,"comfort, softness and texture",I also LOVE the way these smell.,positive,positive,positive,both_correct,7,False
8554,2,product quality and performance,I also LOVE the way these smell.,positive,positive,positive,both_correct,7,False
8554,4,product quality and performance,I use them for everything.,positive,negative,positive,bert_fixes_baseline_error,5,False
8554,4,"ease of use, assembly and convenience",I use them for everything.,positive,negative,positive,bert_fixes_baseline_error,5,False
8556,0,"design, appearance and looks","This was packed more industrial like, rather than in individual packages.",negative,negative,negative,both_correct,11,False
8556,0,"packaging, shipping and delivery","This was packed more industrial like, rather than in individual packages.",negative,negative,negative,both_correct,11,False
8556,1,product quality and performance,It works fine if you have a container to add refills.,positive,positive,positive,both_correct,11,False
8556,2,"durability, washability and longevity",This box is heavy and has a ton of wipes.,negative,negative,negative,both_correct,10,False
8556,2,"packaging, shipping and delivery",This box is heavy and has a ton of wipes.,negative,negative,negative,both_correct,10,False
8559,0,"design, appearance and looks","I am pap,ears fan.",positive,positive,positive,both_correct,4,False
8559,0,"comfort, softness and texture","I am pap,ears fan.",positive,positive,positive,both_correct,4,False
8559,1,"comfort, softness and texture",First of all I love the light baby fragrance.,positive,positive,positive,both_correct,9,False
8559,2,"design, appearance and looks",The Sesame Street characters one the front of the diaper are cute and classic.,positive,positive,positive,both_correct,14,False
8559,3,product quality and performance,"The leg gussets fit my daughter well, so even when she soaks her diaper it is contained.",positive,positive,positive,both_correct,17,False
8559,3,safety for babies and children,"The leg gussets fit my daughter well, so even when she soaks her diaper it is contained.",positive,positive,positive,both_correct,17,False
8559,3,"size, dimensions and fit","The leg gussets fit my daughter well, so even when she soaks her diaper it is contained.",positive,positive,positive,both_correct,17,False
8559,4,product quality and performance,"With pampers my daughter has never had a ""blow out"" where poop comes out the sides of her diaper or up her back.",positive,negative,positive,bert_fixes_baseline_error,23,True
8559,4,safety for babies and children,"With pampers my daughter has never had a ""blow out"" where poop comes out the sides of her diaper or up her back.",positive,negative,positive,bert_fixes_baseline_error,23,True
8559,5,"durability, washability and longevity","Considering I like to dress her in nice outfits and prefer not to have them ruined or spend hours soaking and scrubbing them, this is great.",positive,positive,positive,both_correct,26,True
8559,5,product quality and performance,"Considering I like to dress her in nice outfits and prefer not to have them ruined or spend hours soaking and scrubbing them, this is great.",positive,positive,positive,both_correct,26,True
8559,6,product quality and performance,The tabs always stay secure and I have never had one randomly rip off when I am trying to secure the diaper (this happens with other diapers some times).,positive,positive,positive,both_correct,29,True
8559,6,"ease of use, assembly and convenience",The tabs always stay secure and I have never had one randomly rip off when I am trying to secure the diaper (this happens with other diapers some times).,positive,positive,positive,both_correct,29,True
8559,7,"price, cost and value for money","Finally as far as price I find with subscribe and save and coupons , I can get them at a really decent price.",positive,positive,positive,both_correct,23,False
8559,8,"price, cost and value for money","This most recent pack of size five cost me about 19 cents each, which for size five is very reasonable.",negative,negative,negative,both_correct,20,False
8559,9,"price, cost and value for money",I was getting them for about 13-14 cents in the size 2-3 range.,negative,negative,negative,both_correct,13,False
8559,9,"size, dimensions and fit",I was getting them for about 13-14 cents in the size 2-3 range.,negative,negative,negative,both_correct,13,False
8588,0,product quality and performance,"Great quality, thick!",positive,positive,positive,both_correct,3,False
8588,0,"design, appearance and looks","Great quality, thick!",positive,positive,positive,both_correct,3,False
8588,1,"comfort, softness and texture",And soft.,positive,positive,positive,both_correct,2,False
8588,2,"price, cost and value for money",Great price for how much you receive.,positive,positive,positive,both_correct,7,False
8605,0,product quality and performance,My 1 year old fits great and loves it!,positive,positive,positive,both_correct,9,False
8605,0,"comfort, softness and texture",My 1 year old fits great and loves it!,positive,positive,positive,both_correct,9,False
8605,0,"size, dimensions and fit",My 1 year old fits great and loves it!,positive,positive,positive,both_correct,9,False
8605,1,safety for babies and children,I put his snacks in the cupholder and he reaches in to grab them ha!,positive,negative,positive,bert_fixes_baseline_error,15,False
8605,1,"ease of use, assembly and convenience",I put his snacks in the cupholder and he reaches in to grab them ha!,positive,negative,positive,bert_fixes_baseline_error,15,False
8605,2,"ease of use, assembly and convenience",Easy to hook in the car!!,negative,positive,positive,both_wrong,6,False
8605,2,product quality and performance,Easy to hook in the car!!,negative,positive,positive,both_wrong,6,False
8626,0,"design, appearance and looks",Grandson loved these.,positive,positive,positive,both_correct,3,False
8626,0,product quality and performance,Grandson loved these.,positive,positive,positive,both_correct,3,False
8626,1,product quality and performance,Excellent buy,positive,positive,positive,both_correct,2,False
8626,1,"price, cost and value for money",Excellent buy,positive,positive,positive,both_correct,2,False
8634,0,product quality and performance,Very nice for my little granddaughter.,positive,positive,positive,both_correct,6,False
8634,0,"design, appearance and looks",Very nice for my little granddaughter.,positive,positive,positive,both_correct,6,False
8643,0,product quality and performance,Use these for the once or twice daily cat pan siftings.,negative,negative,negative,both_correct,11,False
8643,0,"ease of use, assembly and convenience",Use these for the once or twice daily cat pan siftings.,negative,negative,negative,both_correct,11,False
8643,1,"price, cost and value for money","Cheaper than other bags and, although the kitty litter deodorizes, the baby powder scent deodorizes the whole trash can.",negative,negative,positive,bert_introduces_new_error,19,True
8679,0,"comfort, softness and texture",I have to put on my husband at night to help him go to sleep.,negative,negative,negative,both_correct,15,False
8679,0,"design, appearance and looks",I have to put on my husband at night to help him go to sleep.,negative,negative,negative,both_correct,15,False
8679,1,product quality and performance,Works like a charm,positive,positive,positive,both_correct,4,False
8679,1,"durability, washability and longevity",Works like a charm,positive,positive,positive,both_correct,4,False
8705,0,product quality and performance,Prefer these over Nuk and others.. they don't leave a mark on my babys face as she is aggressive.,negative,positive,positive,both_wrong,19,True
8705,0,safety for babies and children,Prefer these over Nuk and others.. they don't leave a mark on my babys face as she is aggressive.,negative,positive,positive,both_wrong,19,True
8705,1,"ease of use, assembly and convenience",The steamer case they come in is very handy!,positive,positive,positive,both_correct,9,False
8705,1,product quality and performance,The steamer case they come in is very handy!,positive,positive,positive,both_correct,9,False
8713,0,product quality and performance,My son loved it.,positive,positive,positive,both_correct,4,False
8713,0,"design, appearance and looks",My son loved it.,positive,positive,positive,both_correct,4,False
8713,1,"durability, washability and longevity",Will probably last a lifetime.,negative,positive,positive,both_wrong,5,False
8713,1,product quality and performance,Will probably last a lifetime.,negative,positive,positive,both_wrong,5,False
8721,0,safety for babies and children,Use these plastic infant spoons instead.,negative,negative,negative,both_correct,6,False
8721,0,"comfort, softness and texture",Use these plastic infant spoons instead.,negative,negative,negative,both_correct,6,False
8721,1,"ease of use, assembly and convenience",They can easily turn into airplanes and choo-choos with just a little bit of imagination.,positive,negative,positive,bert_fixes_baseline_error,15,False
8742,0,product quality and performance,Very nice for the price get a command hook as the hanging tape does not last,negative,positive,negative,bert_fixes_baseline_error,16,True
8742,0,"price, cost and value for money",Very nice for the price get a command hook as the hanging tape does not last,negative,positive,negative,bert_fixes_baseline_error,16,True
8742,0,"durability, washability and longevity",Very nice for the price get a command hook as the hanging tape does not last,negative,positive,negative,bert_fixes_baseline_error,16,True
8748,0,"comfort, softness and texture","Great feel, no blow-outs.",positive,positive,positive,both_correct,4,True
8748,0,product quality and performance,"Great feel, no blow-outs.",positive,positive,positive,both_correct,4,True
8748,1,product quality and performance,These are my go-to brand!,positive,positive,positive,both_correct,5,False
8748,1,"comfort, softness and texture",These are my go-to brand!,positive,positive,positive,both_correct,5,False
8780,1,"size, dimensions and fit",Is still pretty big when it's folded but much smaller than other doubles I've tried.,positive,positive,negative,bert_introduces_new_error,15,True
8780,1,product quality and performance,Is still pretty big when it's folded but much smaller than other doubles I've tried.,positive,positive,negative,bert_introduces_new_error,15,True
8780,2,"comfort, softness and texture",Also not so heavy!,positive,negative,positive,bert_fixes_baseline_error,4,True
8780,2,"ease of use, assembly and convenience",Also not so heavy!,positive,negative,positive,bert_fixes_baseline_error,4,True
8824,0,product quality and performance,The best,positive,positive,positive,both_correct,2,False
8824,0,"design, appearance and looks",The best,positive,positive,positive,both_correct,2,False
8825,0,product quality and performance,"Yes, very please with this product.",positive,positive,positive,both_correct,6,False
8825,0,"comfort, softness and texture","Yes, very please with this product.",positive,positive,positive,both_correct,6,False
8871,0,"comfort, softness and texture",he loves it,positive,positive,positive,both_correct,3,False
8871,0,product quality and performance,he loves it,positive,positive,positive,both_correct,3,False
8892,0,"durability, washability and longevity",Sturdy and easy-to-clean booster option for dinner tasked and for travel.,positive,positive,positive,both_correct,11,False
8892,0,product quality and performance,Sturdy and easy-to-clean booster option for dinner tasked and for travel.,positive,positive,positive,both_correct,11,False
8892,0,"ease of use, assembly and convenience",Sturdy and easy-to-clean booster option for dinner tasked and for travel.,positive,positive,positive,both_correct,11,False
8913,0,"design, appearance and looks",Great silverware for kids,positive,positive,positive,both_correct,4,False
8913,0,product quality and performance,Great silverware for kids,positive,positive,positive,both_correct,4,False
8926,0,"price, cost and value for money",We have these on subscription.,negative,positive,negative,bert_fixes_baseline_error,5,False
8926,1,product quality and performance,"They do a good job of holding all the diapers, but we have noticed with the last few shipments, that the plastic rips easily, causing some waste of the bag.",negative,negative,negative,both_correct,30,True
8926,1,"packaging, shipping and delivery","They do a good job of holding all the diapers, but we have noticed with the last few shipments, that the plastic rips easily, causing some waste of the bag.",negative,negative,negative,both_correct,30,True
8927,0,"ease of use, assembly and convenience",Easy install great for doors,positive,positive,positive,both_correct,5,False
8927,0,product quality and performance,Easy install great for doors,positive,positive,positive,both_correct,5,False
8932,0,product quality and performance,Thanks to this my son was jumping all the time ; was able to leave his comfort zone and his body was up and running.,positive,positive,positive,both_correct,25,False
8932,0,safety for babies and children,Thanks to this my son was jumping all the time ; was able to leave his comfort zone and his body was up and running.,positive,positive,positive,both_correct,25,False
8932,1,product quality and performance,I think my son liked it a lot.,positive,positive,positive,both_correct,8,False
8947,0,"ease of use, assembly and convenience","Easy to assemble, I love the color, love the quality --> best tip--> buy a thicker changing pad, but the changing table is of good quality so far.",positive,positive,positive,both_correct,28,True
8947,0,product quality and performance,"Easy to assemble, I love the color, love the quality --> best tip--> buy a thicker changing pad, but the changing table is of good quality so far.",positive,positive,positive,both_correct,28,True
8947,0,"design, appearance and looks","Easy to assemble, I love the color, love the quality --> best tip--> buy a thicker changing pad, but the changing table is of good quality so far.",positive,positive,positive,both_correct,28,True
8968,0,safety for babies and children,I own both a diaper genie and the Dekor.,positive,negative,negative,both_wrong,9,False
8968,0,product quality and performance,I own both a diaper genie and the Dekor.,positive,negative,negative,both_wrong,9,False
8968,1,customer service and seller support,I literally threw the genie out and got a second Dekor.,negative,negative,negative,both_correct,11,False
8968,2,"price, cost and value for money",The money I save by not buying replacement bags is worth the cost of a new diaper pail.,negative,negative,negative,both_correct,18,True
8968,2,"durability, washability and longevity",The money I save by not buying replacement bags is worth the cost of a new diaper pail.,negative,negative,negative,both_correct,18,True
8968,3,product quality and performance,The Dekor is easier to use and I never smell anything coming from it.,negative,negative,negative,both_correct,14,True
8968,3,"ease of use, assembly and convenience",The Dekor is easier to use and I never smell anything coming from it.,negative,negative,negative,both_correct,14,True
8979,0,product quality and performance,These are just as good as the name brand but save so much money and not a lot of plastic rings going into the land field since you reuse the ring.,negative,positive,negative,bert_fixes_baseline_error,31,True
8979,0,"price, cost and value for money",These are just as good as the name brand but save so much money and not a lot of plastic rings going into the land field since you reuse the ring.,negative,positive,negative,bert_fixes_baseline_error,31,True
8979,1,"design, appearance and looks",Love these bags.,positive,positive,positive,both_correct,3,False
8979,1,"comfort, softness and texture",Love these bags.,positive,positive,positive,both_correct,3,False
8980,0,"packaging, shipping and delivery",Fast shipping.,positive,positive,positive,both_correct,2,False
8980,0,product quality and performance,Fast shipping.,positive,positive,positive,both_correct,2,False
8980,2,"design, appearance and looks",So cute.,positive,positive,positive,both_correct,2,False
8980,2,"comfort, softness and texture",So cute.,positive,positive,positive,both_correct,2,False
8998,0,"size, dimensions and fit","These were almost too small for my newborn, and she was small to begin with.",negative,negative,negative,both_correct,15,False
8998,0,safety for babies and children,"These were almost too small for my newborn, and she was small to begin with.",negative,negative,negative,both_correct,15,False
8998,1,"design, appearance and looks","They leave impression marks on her head, so she can't wear them for long periods of time, though they are very cute.",positive,positive,positive,both_correct,22,True
8998,1,safety for babies and children,"They leave impression marks on her head, so she can't wear them for long periods of time, though they are very cute.",positive,positive,positive,both_correct,22,True
9007,0,"ease of use, assembly and convenience",I love that you don't have to drill into any wood or walls.,positive,positive,positive,both_correct,13,True
9007,0,"comfort, softness and texture",I love that you don't have to drill into any wood or walls.,positive,positive,positive,both_correct,13,True
9007,1,safety for babies and children,"However, it is quite difficult to latch both the top and bottom at the same time.",negative,negative,negative,both_correct,16,True
9007,1,product quality and performance,"However, it is quite difficult to latch both the top and bottom at the same time.",negative,negative,negative,both_correct,16,True
9007,3,product quality and performance,"We needed a wider gate for the top of our stairs, and are using this one for the top, but we have yet to latch both the top and bottom at the same time.",negative,negative,negative,both_correct,34,True
9007,3,"size, dimensions and fit","We needed a wider gate for the top of our stairs, and are using this one for the top, but we have yet to latch both the top and bottom at the same time.",negative,negative,negative,both_correct,34,True
9007,4,safety for babies and children,"Hopefully by the time our son is old enough to need both hooked to close the gate, we will have become better at closing it..",negative,negative,negative,both_correct,25,False
9007,4,product quality and performance,"Hopefully by the time our son is old enough to need both hooked to close the gate, we will have become better at closing it..",negative,positive,negative,bert_fixes_baseline_error,25,False
9026,0,product quality and performance,We didn't have as much luck with these as we had hoped.,negative,negative,negative,both_correct,12,True
9026,0,customer service and seller support,We didn't have as much luck with these as we had hoped.,negative,negative,negative,both_correct,12,True
9026,1,safety for babies and children,The flow was too fast which caused our little guy to be a messy drinker with these.,negative,negative,negative,both_correct,17,False
9026,1,product quality and performance,The flow was too fast which caused our little guy to be a messy drinker with these.,negative,negative,negative,both_correct,17,False
9026,2,product quality and performance,We've opted for Dr. Brown's instead.,negative,negative,negative,both_correct,6,False
9026,2,"price, cost and value for money",We've opted for Dr. Brown's instead.,negative,negative,negative,both_correct,6,False
9041,0,product quality and performance,These were great for a dresser.,positive,positive,positive,both_correct,6,False
9041,0,"design, appearance and looks",These were great for a dresser.,positive,positive,positive,both_correct,6,False
9041,1,"comfort, softness and texture",They are a little floppy,negative,positive,negative,bert_fixes_baseline_error,5,False
9041,1,"design, appearance and looks",They are a little floppy,negative,positive,negative,bert_fixes_baseline_error,5,False
9058,0,product quality and performance,We got this for our 8-10 year olds to raise them up to practice piano and it works perfectly!,positive,positive,positive,both_correct,19,True
9058,0,"price, cost and value for money",We got this for our 8-10 year olds to raise them up to practice piano and it works perfectly!,positive,positive,positive,both_correct,19,True
9058,1,product quality and performance,"Sturdy and comfortable, and gave them just the right height to be properly positioned.",positive,positive,positive,both_correct,14,False
9058,1,"ease of use, assembly and convenience","Sturdy and comfortable, and gave them just the right height to be properly positioned.",positive,positive,positive,both_correct,14,False
9058,2,"price, cost and value for money","Great price, fast shipping.",positive,positive,positive,both_correct,4,False
9058,2,product quality and performance,"Great price, fast shipping.",positive,positive,positive,both_correct,4,False
9058,2,"packaging, shipping and delivery","Great price, fast shipping.",positive,positive,positive,both_correct,4,False
9062,0,"comfort, softness and texture","great deal, love huggies",positive,positive,positive,both_correct,4,False
9062,0,product quality and performance,"great deal, love huggies",positive,positive,positive,both_correct,4,False
9070,1,"comfort, softness and texture",a separate mattress cover.,negative,positive,negative,bert_fixes_baseline_error,4,False
9080,0,product quality and performance,These plates are the perfect size for my son.,positive,positive,positive,both_correct,9,False
9080,0,"size, dimensions and fit",These plates are the perfect size for my son.,positive,positive,positive,both_correct,9,False
9085,0,product quality and performance,Aden and anais did a great job with this product.,positive,positive,positive,both_correct,10,False
9085,0,customer service and seller support,Aden and anais did a great job with this product.,positive,positive,positive,both_correct,10,False
9085,1,"comfort, softness and texture",It just as soft and nice as their crib mattress set.,positive,positive,positive,both_correct,11,False
9085,1,product quality and performance,It just as soft and nice as their crib mattress set.,positive,positive,positive,both_correct,11,False
9085,2,product quality and performance,We enjoy.,positive,positive,positive,both_correct,2,False
9085,2,"comfort, softness and texture",We enjoy.,positive,positive,positive,both_correct,2,False
9085,3,product quality and performance,It also fits well on our basic changing Pad from Target which is a little longer than most.,positive,positive,positive,both_correct,18,False
9085,3,"size, dimensions and fit",It also fits well on our basic changing Pad from Target which is a little longer than most.,positive,positive,positive,both_correct,18,False
9113,0,"design, appearance and looks",My grandson just loves this item.,positive,positive,positive,both_correct,6,False
9123,0,product quality and performance,I will be trading to these instead of the name brand because I cannot tell a difference!,negative,negative,negative,both_correct,17,True
9123,0,"price, cost and value for money",I will be trading to these instead of the name brand because I cannot tell a difference!,negative,negative,negative,both_correct,17,True
9123,1,"price, cost and value for money",I like to get more for my money!,negative,positive,positive,both_wrong,8,False
9123,1,product quality and performance,I like to get more for my money!,negative,positive,positive,both_wrong,8,False
9129,0,product quality and performance,I haven't gone running yet - I'm not a hard core runner - but so far I love this stroller!,positive,positive,positive,both_correct,20,True
9129,0,"comfort, softness and texture",I haven't gone running yet - I'm not a hard core runner - but so far I love this stroller!,positive,positive,positive,both_correct,20,True
9129,1,"ease of use, assembly and convenience","It came quick, it's inexpensive and it was easy to put together.",positive,positive,positive,both_correct,12,False
9129,1,product quality and performance,"It came quick, it's inexpensive and it was easy to put together.",positive,positive,positive,both_correct,12,False
9129,2,product quality and performance,I didn't read directions and thought some parts were missing - they weren't - and called customer service and they were extremely helpful!,positive,positive,positive,both_correct,23,True
9129,2,customer service and seller support,I didn't read directions and thought some parts were missing - they weren't - and called customer service and they were extremely helpful!,positive,positive,positive,both_correct,23,True
9133,0,"price, cost and value for money",Our son sleeps great in these and I was hoping to have a slightly more affordable alternative to the Love to Dream sleep sacks.,negative,positive,negative,bert_fixes_baseline_error,24,False
9133,0,product quality and performance,Our son sleeps great in these and I was hoping to have a slightly more affordable alternative to the Love to Dream sleep sacks.,negative,positive,negative,bert_fixes_baseline_error,24,False
9133,1,product quality and performance,The fold over arm option is a bit bulky and takes longer to dry but the worst thing is the pilling.,negative,negative,negative,both_correct,21,True
9133,1,"price, cost and value for money",The fold over arm option is a bit bulky and takes longer to dry but the worst thing is the pilling.,negative,negative,negative,both_correct,21,True
9133,2,product quality and performance,We've only used this about 1.5 months and there is pilling on the backs of the arms and butt area. <br,negative,negative,negative,both_correct,21,False
9133,2,"design, appearance and looks",We've only used this about 1.5 months and there is pilling on the backs of the arms and butt area. <br,negative,negative,negative,both_correct,21,False
9133,3,"size, dimensions and fit",/>We will most likely switch back to Love to Dream when we size up next.,positive,negative,positive,bert_fixes_baseline_error,15,False
9136,0,"price, cost and value for money","For the price, you can't go wrong with these!",positive,negative,positive,bert_fixes_baseline_error,9,True
9136,0,product quality and performance,"For the price, you can't go wrong with these!",positive,negative,positive,bert_fixes_baseline_error,9,True
9136,1,safety for babies and children,"We were traveling to family and sent a whole box to my MIL's house to ""baby proof"" before we got there.",negative,negative,negative,both_correct,21,False
9136,1,"packaging, shipping and delivery","We were traveling to family and sent a whole box to my MIL's house to ""baby proof"" before we got there.",negative,negative,negative,both_correct,21,False
9136,3,"ease of use, assembly and convenience",/>They are a simple design and don't require and special tools or another plug to remove from the outlet.,positive,negative,positive,bert_fixes_baseline_error,19,True
9136,3,product quality and performance,/>They are a simple design and don't require and special tools or another plug to remove from the outlet.,positive,negative,positive,bert_fixes_baseline_error,19,True
9136,3,"design, appearance and looks",/>They are a simple design and don't require and special tools or another plug to remove from the outlet.,positive,negative,positive,bert_fixes_baseline_error,19,True
9136,4,safety for babies and children,My 15 month old steered clear of the outlets!,positive,negative,positive,bert_fixes_baseline_error,9,False
9136,4,"price, cost and value for money",My 15 month old steered clear of the outlets!,positive,negative,positive,bert_fixes_baseline_error,9,False
9192,0,"comfort, softness and texture","Good price, fast shipping, soft!",positive,positive,positive,both_correct,5,False
9192,0,"price, cost and value for money","Good price, fast shipping, soft!",positive,positive,positive,both_correct,5,False
9192,0,"packaging, shipping and delivery","Good price, fast shipping, soft!",positive,positive,positive,both_correct,5,False
9199,0,"design, appearance and looks",Beautiful color and perfect for newborn photo shoot.,positive,positive,positive,both_correct,8,False
9200,0,"comfort, softness and texture",I love these sheets.,positive,positive,positive,both_correct,4,False
9200,0,product quality and performance,I love these sheets.,positive,positive,positive,both_correct,4,False
9200,1,product quality and performance,The quality is great and the wash really well.,positive,positive,positive,both_correct,9,False
9200,1,"durability, washability and longevity",The quality is great and the wash really well.,positive,positive,positive,both_correct,9,False
9212,0,"ease of use, assembly and convenience",This can with zero straws!,negative,negative,negative,both_correct,5,False
9212,0,product quality and performance,This can with zero straws!,negative,negative,negative,both_correct,5,False
9212,1,"price, cost and value for money",Not worth paying the shipping to send back!,negative,negative,negative,both_correct,8,True
9212,1,"packaging, shipping and delivery",Not worth paying the shipping to send back!,negative,negative,negative,both_correct,8,True
9224,0,"design, appearance and looks",I really loved these wall decor so much that I purchased additional ones for another room in my house.,positive,positive,positive,both_correct,19,True
9224,0,"comfort, softness and texture",I really loved these wall decor so much that I purchased additional ones for another room in my house.,positive,positive,positive,both_correct,19,True
9224,1,"ease of use, assembly and convenience",They were very easy to place and so many on the sheets.,positive,negative,positive,bert_fixes_baseline_error,12,False
9224,1,"comfort, softness and texture",They were very easy to place and so many on the sheets.,positive,negative,positive,bert_fixes_baseline_error,12,False
9246,1,"ease of use, assembly and convenience",Easy to fix your little mess ups.,negative,positive,positive,both_wrong,7,False
9246,1,product quality and performance,Easy to fix your little mess ups.,negative,positive,positive,both_wrong,7,False
9246,2,"size, dimensions and fit",Wish it was a little bigger but I knew it wasn't going in to it.,negative,negative,negative,both_correct,15,True
9246,2,"design, appearance and looks",Wish it was a little bigger but I knew it wasn't going in to it.,negative,negative,negative,both_correct,15,True
9268,0,"durability, washability and longevity",Hard to wash off hands.,negative,negative,negative,both_correct,5,False
9286,0,product quality and performance,"I like these wipes ,sensitive good for my skin, good value for the money, would definitely recommend this product to my family and friends, thanks amazon",positive,positive,positive,both_correct,26,False
9286,0,"price, cost and value for money","I like these wipes ,sensitive good for my skin, good value for the money, would definitely recommend this product to my family and friends, thanks amazon",positive,positive,positive,both_correct,26,False
9288,0,product quality and performance,I absolutely love them except for the fact they don't stay they keep coming off the wall,positive,positive,positive,both_correct,17,True
9288,0,"design, appearance and looks",I absolutely love them except for the fact they don't stay they keep coming off the wall,positive,positive,positive,both_correct,17,True
9295,0,"durability, washability and longevity",Works good to store toys and soap fits standard tub,positive,positive,positive,both_correct,10,False
9295,0,product quality and performance,Works good to store toys and soap fits standard tub,positive,positive,positive,both_correct,10,False
9295,0,"size, dimensions and fit",Works good to store toys and soap fits standard tub,positive,positive,positive,both_correct,10,False
9318,0,product quality and performance,I got this to go with out portable potty and it's been great.,positive,positive,positive,both_correct,13,False
9318,1,"durability, washability and longevity",We keep it in our car and use it on the go rather than the disposable ones.,negative,negative,positive,bert_introduces_new_error,17,False
9318,1,product quality and performance,We keep it in our car and use it on the go rather than the disposable ones.,negative,negative,positive,bert_introduces_new_error,17,False
9318,2,"durability, washability and longevity","I keep a baggie of disinfecting wipes to wipe it down, let it dry and fold it with the potty.",negative,negative,negative,both_correct,20,False
9318,2,"ease of use, assembly and convenience","I keep a baggie of disinfecting wipes to wipe it down, let it dry and fold it with the potty.",negative,negative,negative,both_correct,20,False
9318,3,"design, appearance and looks",I wish it folded down a little more neatly but it isn't advertized as being for on the go use,negative,negative,negative,both_correct,20,True
9318,5,"price, cost and value for money","Much more eco friendly than the bags, and cost effective.",positive,positive,positive,both_correct,10,False
9318,5,product quality and performance,"Much more eco friendly than the bags, and cost effective.",positive,positive,positive,both_correct,10,False
9318,6,"price, cost and value for money","In 2 weeks we've used the potty a dozen times while on outings so we'd burn through a 30-pack of bags fast, and this is the same cost but infinitely reusable.",positive,negative,negative,both_wrong,31,True
9318,6,product quality and performance,"In 2 weeks we've used the potty a dozen times while on outings so we'd burn through a 30-pack of bags fast, and this is the same cost but infinitely reusable.",positive,negative,negative,both_wrong,31,True
9323,0,safety for babies and children,Buyer beware : These wipes are tiny maybe 3 inch's wide and 4 inch's long .,negative,negative,negative,both_correct,16,False
9323,0,"size, dimensions and fit",Buyer beware : These wipes are tiny maybe 3 inch's wide and 4 inch's long .,negative,negative,negative,both_correct,16,False
9323,1,"packaging, shipping and delivery","Then if you can find out how to get to them when you do , its almost impossible to remove them from the package .",negative,negative,negative,both_correct,25,False
9323,1,"ease of use, assembly and convenience","Then if you can find out how to get to them when you do , its almost impossible to remove them from the package .",negative,negative,negative,both_correct,25,False
9323,2,product quality and performance,"Its like trying to wipe some thing up using a wet newspaper , it just disintegrate's in your hand you have to pull them out of the package 5 or 6 at a time then they rip .",negative,negative,negative,both_correct,38,False
9323,2,"packaging, shipping and delivery","Its like trying to wipe some thing up using a wet newspaper , it just disintegrate's in your hand you have to pull them out of the package 5 or 6 at a time then they rip .",negative,negative,negative,both_correct,38,False
9326,0,safety for babies and children,Not good wet babies.,negative,negative,negative,both_correct,4,True
9326,0,product quality and performance,Not good wet babies.,negative,negative,negative,both_correct,4,True
9334,0,product quality and performance,I washed my walls and let them dry overnight and they still will not stick.,positive,negative,negative,both_wrong,15,True
9334,0,"durability, washability and longevity",I washed my walls and let them dry overnight and they still will not stick.,positive,negative,negative,both_wrong,15,True
9334,1,"price, cost and value for money",Not sticky enough waste of money,positive,negative,positive,bert_fixes_baseline_error,6,True
9339,0,product quality and performance,Better than I expected for the price.,positive,positive,positive,both_correct,7,False
9339,0,"price, cost and value for money",Better than I expected for the price.,positive,positive,positive,both_correct,7,False
9342,0,product quality and performance,This worked perfectly so we could properly carry our little on in the carrier with good support.,positive,positive,positive,both_correct,17,False
9342,0,safety for babies and children,This worked perfectly so we could properly carry our little on in the carrier with good support.,positive,positive,positive,both_correct,17,False
9342,0,customer service and seller support,This worked perfectly so we could properly carry our little on in the carrier with good support.,positive,positive,positive,both_correct,17,False
9342,1,safety for babies and children,"I can't believe they don't just come with the carrier to begin with, because without this, the carrier does not provide knee-to-knee support, which is essential.",negative,negative,negative,both_correct,26,True
9342,1,product quality and performance,"I can't believe they don't just come with the carrier to begin with, because without this, the carrier does not provide knee-to-knee support, which is essential.",negative,negative,negative,both_correct,26,True
9342,2,"comfort, softness and texture","So, if you have the Britax soft baby carrier, you need this!",positive,negative,positive,bert_fixes_baseline_error,12,False
9342,2,product quality and performance,"So, if you have the Britax soft baby carrier, you need this!",positive,negative,positive,bert_fixes_baseline_error,12,False
9342,3,safety for babies and children,"It'll provide much more comfort, and proper stabilization and bone support to your little one.",positive,positive,positive,both_correct,15,False
9342,3,product quality and performance,"It'll provide much more comfort, and proper stabilization and bone support to your little one.",positive,positive,positive,both_correct,15,False
9342,3,"comfort, softness and texture","It'll provide much more comfort, and proper stabilization and bone support to your little one.",positive,positive,positive,both_correct,15,False
9343,0,"comfort, softness and texture",Very soft and worth the money.,positive,positive,positive,both_correct,6,False
9343,0,product quality and performance,Very soft and worth the money.,positive,positive,positive,both_correct,6,False
9343,0,"price, cost and value for money",Very soft and worth the money.,positive,positive,positive,both_correct,6,False
9343,1,"comfort, softness and texture","They're breathable and very small- as it says, they're intended as a security blanket.",negative,positive,negative,bert_fixes_baseline_error,14,False
9343,1,product quality and performance,"They're breathable and very small- as it says, they're intended as a security blanket.",negative,positive,negative,bert_fixes_baseline_error,14,False
9343,1,"size, dimensions and fit","They're breathable and very small- as it says, they're intended as a security blanket.",negative,positive,negative,bert_fixes_baseline_error,14,False
9343,2,safety for babies and children,"But, they're not meant for using as an actual blanket, so keep that in mind.",negative,negative,negative,both_correct,15,True
9343,3,product quality and performance,The muslin is high quality and these are a perfect baby shower gift!,positive,positive,positive,both_correct,13,False
9343,3,"comfort, softness and texture",The muslin is high quality and these are a perfect baby shower gift!,positive,positive,positive,both_correct,13,False
9349,0,"design, appearance and looks",Can't wait to use these for my baby shower.,negative,negative,negative,both_correct,9,True
9349,0,"ease of use, assembly and convenience",Can't wait to use these for my baby shower.,negative,negative,negative,both_correct,9,True
9358,1,product quality and performance,AWESOME!!,positive,positive,positive,both_correct,1,False
9358,1,"design, appearance and looks",AWESOME!!,positive,positive,positive,both_correct,1,False
9371,0,product quality and performance,"Great product, my daughter was a little confused by it at first because she's used to sucking on a straw and getting drinks from free flowing cups, but she got the hang of it and I'm so happy because they really do not leak!",positive,positive,positive,both_correct,44,True
9397,1,"design, appearance and looks",I imagine they have a nasty looking sponge (albeit still intact) somewhere on their sink after months of use acting as a petri dish of sorts.,negative,negative,negative,both_correct,26,False
9397,2,"durability, washability and longevity","As long as it's not disintegrated, it must be ok is the thought process?",positive,negative,positive,bert_fixes_baseline_error,14,True
9397,2,product quality and performance,"As long as it's not disintegrated, it must be ok is the thought process?",positive,negative,positive,bert_fixes_baseline_error,14,True
9397,5,"durability, washability and longevity",/>Silicone might be a good option.. Something that can truly be washed or placed in hot enough water to sterilize.,negative,negative,negative,both_correct,20,False
9397,5,product quality and performance,/>Silicone might be a good option.. Something that can truly be washed or placed in hot enough water to sterilize.,negative,negative,negative,both_correct,20,False
9397,6,product quality and performance,(Definitely good for adult dishes) Haven't seen anything that gets in the bottles to clean like this though. Best of luck with the little ones!,positive,positive,positive,both_correct,25,True
9397,6,safety for babies and children,(Definitely good for adult dishes) Haven't seen anything that gets in the bottles to clean like this though. Best of luck with the little ones!,positive,positive,positive,both_correct,25,True
9403,0,product quality and performance,"These are easy to use, work great and seem like a pretty good price.",positive,positive,positive,both_correct,14,False
9403,0,"ease of use, assembly and convenience","These are easy to use, work great and seem like a pretty good price.",positive,positive,positive,both_correct,14,False
9403,0,"price, cost and value for money","These are easy to use, work great and seem like a pretty good price.",positive,positive,positive,both_correct,14,False
9403,1,"durability, washability and longevity",They last awhile which is nice that we don't alway need to change.,positive,positive,positive,both_correct,13,True
9403,1,product quality and performance,They last awhile which is nice that we don't alway need to change.,positive,positive,positive,both_correct,13,True
9410,0,"design, appearance and looks",Great for the value and cute patterns.,positive,positive,positive,both_correct,7,False
9410,0,"price, cost and value for money",Great for the value and cute patterns.,positive,positive,positive,both_correct,7,False
9452,0,safety for babies and children,This is my second purchase for this carseat .,negative,positive,positive,both_wrong,9,False
9452,0,product quality and performance,This is my second purchase for this carseat .,negative,positive,positive,both_wrong,9,False
9452,1,"durability, washability and longevity",My 2 year old has been using his since he was 6 months old and he loves it!,positive,positive,positive,both_correct,18,False
9452,1,product quality and performance,My 2 year old has been using his since he was 6 months old and he loves it!,positive,positive,positive,both_correct,18,False
9452,2,safety for babies and children,He hated his infant carseat!,negative,negative,negative,both_correct,5,False
9452,3,safety for babies and children,I wanted to buy the same one for my daughter but we haven't used It yet for her.,negative,negative,negative,both_correct,18,True
9452,3,"price, cost and value for money",I wanted to buy the same one for my daughter but we haven't used It yet for her.,negative,negative,negative,both_correct,18,True
9457,0,product quality and performance,My drain plug didn't work anymore and this fits perfectly over it.,positive,positive,positive,both_correct,12,True
9457,0,"ease of use, assembly and convenience",My drain plug didn't work anymore and this fits perfectly over it.,positive,positive,positive,both_correct,12,True
9457,0,"size, dimensions and fit",My drain plug didn't work anymore and this fits perfectly over it.,positive,positive,positive,both_correct,12,True
9457,2,"design, appearance and looks",Major plus for being cute.,positive,positive,positive,both_correct,5,False
9496,0,product quality and performance,"It might be a little scratchy if it touched the skin, same with thing that holds it on the clothing.",negative,negative,negative,both_correct,20,False
9496,1,product quality and performance,Other than that it's very well made and should last through several children.,positive,positive,positive,both_correct,13,False
9496,1,"durability, washability and longevity",Other than that it's very well made and should last through several children.,positive,positive,positive,both_correct,13,False
9496,2,"price, cost and value for money",Great value for the price,positive,positive,positive,both_correct,5,False
9496,2,product quality and performance,Great value for the price,positive,positive,positive,both_correct,5,False
9519,0,product quality and performance,The stingray is very wobbly even when u tighten with velcro strips.,negative,negative,positive,bert_introduces_new_error,12,False
9519,1,"price, cost and value for money",Not worth the money,negative,negative,negative,both_correct,4,True
9524,0,safety for babies and children,Great for little hands.,positive,positive,positive,both_correct,4,False
9524,0,"comfort, softness and texture",Great for little hands.,positive,positive,positive,both_correct,4,False
9527,0,"comfort, softness and texture",This bedding set is so cute and soft!,positive,positive,positive,both_correct,8,False
9527,0,"design, appearance and looks",This bedding set is so cute and soft!,positive,positive,positive,both_correct,8,False
9527,1,"comfort, softness and texture","The fabrics are not thick, which works perfectly for us.",positive,positive,positive,both_correct,10,True
9527,1,product quality and performance,"The fabrics are not thick, which works perfectly for us.",positive,positive,positive,both_correct,10,True
9527,2,"price, cost and value for money",Great price and quality!,positive,positive,positive,both_correct,4,False
9527,2,product quality and performance,Great price and quality!,positive,positive,positive,both_correct,4,False
9541,0,product quality and performance,I usually don't write reviews but I decided to do so this time.,positive,negative,positive,bert_fixes_baseline_error,13,True
9541,0,"design, appearance and looks",I usually don't write reviews but I decided to do so this time.,positive,negative,positive,bert_fixes_baseline_error,13,True
9541,1,product quality and performance,I think the toy is great for kids 6-11 months.,positive,negative,positive,bert_fixes_baseline_error,10,False
9541,2,safety for babies and children,My 12 month old didn't care for it because the doorway and slide were to small for her to get through and she is a small 1 year old.,negative,negative,negative,both_correct,29,True
9541,2,"size, dimensions and fit",My 12 month old didn't care for it because the doorway and slide were to small for her to get through and she is a small 1 year old.,negative,negative,negative,both_correct,29,True
9541,3,safety for babies and children,I think it would have been great for her 6 months earlier.,positive,negative,negative,both_wrong,12,False
9541,3,product quality and performance,I think it would have been great for her 6 months earlier.,positive,negative,negative,both_wrong,12,False
9554,0,"price, cost and value for money",I didn't want to buy this.,negative,negative,negative,both_correct,6,True
9554,0,"design, appearance and looks",I didn't want to buy this.,negative,negative,negative,both_correct,6,True
9554,2,"price, cost and value for money","But finally I grew desperate, and I bit the $13 bullet.",negative,negative,negative,both_correct,11,True
9554,4,product quality and performance,This makes me so happy!,positive,positive,positive,both_correct,5,False
9554,5,safety for babies and children,"If I need to make sure they are going to stay in their room during the night, you can use the lock side, which leaves the door open about 2 inches.",negative,negative,negative,both_correct,31,False
9554,5,"ease of use, assembly and convenience","If I need to make sure they are going to stay in their room during the night, you can use the lock side, which leaves the door open about 2 inches.",negative,negative,negative,both_correct,31,False
9554,6,safety for babies and children,"Saves me from worrying about them roaming the house at night, unattended.",positive,positive,positive,both_correct,12,False
9560,0,product quality and performance,Just like they are when you purchase them from the store.,positive,positive,positive,both_correct,11,False
9560,0,customer service and seller support,Just like they are when you purchase them from the store.,positive,positive,positive,both_correct,11,False
9560,1,"comfort, softness and texture",My daughter loves these and would eat an entire canister if I let her.,positive,positive,positive,both_correct,14,False
9560,2,"comfort, softness and texture",Her morning routine after waking up and nursing is getting a little toddler cup that has a lit and handles filled with puffs.,negative,positive,negative,bert_fixes_baseline_error,23,False
9560,2,safety for babies and children,Her morning routine after waking up and nursing is getting a little toddler cup that has a lit and handles filled with puffs.,negative,positive,negative,bert_fixes_baseline_error,23,False
9560,3,"price, cost and value for money",I still have to buy some from the store.,negative,negative,negative,both_correct,9,False
9560,4,"ease of use, assembly and convenience",But having this on auto ship makes my trips less frequent.,negative,negative,negative,both_correct,11,True
9560,4,"packaging, shipping and delivery",But having this on auto ship makes my trips less frequent.,negative,negative,negative,both_correct,11,True
9560,5,"packaging, shipping and delivery",My only wish is for more variety or choice in flavors being shipped.,negative,negative,negative,both_correct,13,False
9560,6,product quality and performance,But my daughter loves them all.,positive,positive,positive,both_correct,6,True
9560,7,"ease of use, assembly and convenience",I would highly reccomend not only purchasing this from amazon but setting them up on auto ship.,negative,positive,negative,bert_fixes_baseline_error,17,True
9560,7,"price, cost and value for money",I would highly reccomend not only purchasing this from amazon but setting them up on auto ship.,negative,positive,negative,bert_fixes_baseline_error,17,True
9574,0,product quality and performance,Easy to stick on wish it came with more stickies because if you put it on and need to take off for any reason - it's stuck and won't re stick,negative,negative,negative,both_correct,31,True
9610,0,product quality and performance,Adhesion good.,positive,positive,positive,both_correct,2,False
9610,0,"durability, washability and longevity",Adhesion good.,positive,positive,positive,both_correct,2,False
9654,0,product quality and performance,Great product as long as you don't need to put anything heavy on the shelves!,positive,positive,positive,both_correct,15,True
9654,0,"ease of use, assembly and convenience",Great product as long as you don't need to put anything heavy on the shelves!,positive,positive,positive,both_correct,15,True
9666,0,product quality and performance,Best car seat I have ever used.,positive,positive,positive,both_correct,7,False
9666,0,safety for babies and children,Best car seat I have ever used.,positive,positive,positive,both_correct,7,False
9666,1,"ease of use, assembly and convenience","So easy to get my granddaughter in and out of, she actually likes to sit in it and gets in it on her own if it is left sitting in the floor.",positive,positive,positive,both_correct,32,False
9666,1,product quality and performance,"So easy to get my granddaughter in and out of, she actually likes to sit in it and gets in it on her own if it is left sitting in the floor.",positive,positive,positive,both_correct,32,False
9666,2,product quality and performance,"Seems to be a very good quality seat, I will buy again when we need one!",positive,positive,positive,both_correct,16,False
9666,2,"durability, washability and longevity","Seems to be a very good quality seat, I will buy again when we need one!",positive,positive,positive,both_correct,16,False
9668,0,product quality and performance,"Have had the product for 3 days and first it did the out of range thing, which we could not figure out from the manual instructions how to correct it",negative,negative,negative,both_correct,30,True
9668,1,customer service and seller support,"so I had to call in (phone number is on the front of the manual in really small letters, I told the tech help guy that the manual was of no help and he laughed, making be believe he has heard this before).",negative,negative,negative,both_correct,43,True
9668,2,safety for babies and children,"Then today it just shut off, like it went to sleep..correct me if I am wrong but if your watching a child on the monitor this would not be a feature you would want!",negative,negative,negative,both_correct,34,True
9671,0,product quality and performance,"If your concern is child safety, I would not recommend relying on this product - it's a great idea, but it constantly disconnects.",negative,negative,negative,both_correct,23,True
9671,0,safety for babies and children,"If your concern is child safety, I would not recommend relying on this product - it's a great idea, but it constantly disconnects.",negative,negative,negative,both_correct,23,True
9671,1,safety for babies and children,The fact that it is unreliable means I will not use it for my child's safety.,negative,negative,negative,both_correct,16,True
9671,1,product quality and performance,The fact that it is unreliable means I will not use it for my child's safety.,negative,negative,negative,both_correct,16,True
9672,0,product quality and performance,It works for my toddler.,positive,positive,positive,both_correct,5,False
9672,0,safety for babies and children,It works for my toddler.,positive,positive,positive,both_correct,5,False
9676,0,"comfort, softness and texture",Perfect for small bites.,positive,positive,positive,both_correct,4,False
9676,0,"ease of use, assembly and convenience",Perfect for small bites.,positive,positive,positive,both_correct,4,False
9676,1,product quality and performance,"Biggest advantage is the spoons are one piece, so they are easy to clean.",positive,positive,positive,both_correct,14,False
9676,1,"ease of use, assembly and convenience","Biggest advantage is the spoons are one piece, so they are easy to clean.",positive,positive,positive,both_correct,14,False
9676,3,product quality and performance,These are not a bacteria hazard.,positive,negative,positive,bert_fixes_baseline_error,6,True
9676,3,"durability, washability and longevity",These are not a bacteria hazard.,positive,negative,positive,bert_fixes_baseline_error,6,True
9708,0,product quality and performance,These wipes are amazing.,positive,positive,positive,both_correct,4,False
9708,0,"comfort, softness and texture",These wipes are amazing.,positive,positive,positive,both_correct,4,False
9708,1,product quality and performance,"Not only great for diaper changes, but also for hands and faces after meal time and cleaning up messes.",negative,positive,positive,both_wrong,19,True
9718,1,"durability, washability and longevity",Bought one then another a month later.,negative,negative,negative,both_correct,7,True
9718,1,"price, cost and value for money",Bought one then another a month later.,negative,negative,negative,both_correct,7,True
9718,3,"ease of use, assembly and convenience","Easy install, that is a plus.",positive,positive,positive,both_correct,6,False
9718,3,product quality and performance,"Easy install, that is a plus.",positive,positive,positive,both_correct,6,False
9718,4,"design, appearance and looks",I tend to use different moly's if I can't studs.,negative,negative,negative,both_correct,10,True
9718,5,"price, cost and value for money",If I need another I will buy again.,negative,negative,negative,both_correct,8,True
9718,5,product quality and performance,If I need another I will buy again.,negative,negative,negative,both_correct,8,True
9737,0,"design, appearance and looks",My niece loves bows.,positive,positive,positive,both_correct,4,False
9737,0,"comfort, softness and texture",My niece loves bows.,positive,positive,positive,both_correct,4,False
9737,1,"design, appearance and looks","She may only be one, but I haven't ever seen her without one on.",positive,positive,positive,both_correct,14,True
9737,1,safety for babies and children,"She may only be one, but I haven't ever seen her without one on.",positive,positive,positive,both_correct,14,True
9737,2,product quality and performance,"There are great, even her mom will wear one.",positive,positive,positive,both_correct,9,False
9737,2,"design, appearance and looks","There are great, even her mom will wear one.",positive,positive,positive,both_correct,9,False
9742,0,safety for babies and children,Even if you aren't breastfeeding.,positive,positive,positive,both_correct,5,True
9742,1,safety for babies and children,These are so great for new parents.,positive,positive,positive,both_correct,7,False
9742,1,product quality and performance,These are so great for new parents.,positive,positive,positive,both_correct,7,False
9742,2,safety for babies and children,Also amazing to help an older sibling hold the new bundle safer.,positive,positive,positive,both_correct,12,False
9753,0,safety for babies and children,"It does fill in the space as desired, but if you're buying this, then chances are that your baby will be too light (weight) to compensate for the vibration from the mamaRoo motor, so your baby will be shaking constantly while in the swing, as if they were laying on top of a running motorcycle.",negative,negative,negative,both_correct,55,True
9755,1,"ease of use, assembly and convenience",Easy to put on the windows.,positive,positive,positive,both_correct,6,False
9755,1,"design, appearance and looks",Easy to put on the windows.,positive,positive,positive,both_correct,6,False
9759,0,"design, appearance and looks",A gift for my grandson and he seemed to love it,positive,positive,positive,both_correct,11,False
9759,0,product quality and performance,A gift for my grandson and he seemed to love it,positive,positive,positive,both_correct,11,False
9775,0,"design, appearance and looks",So very cute,positive,positive,positive,both_correct,3,False
9775,0,"comfort, softness and texture",So very cute,positive,positive,positive,both_correct,3,False
9779,0,product quality and performance,Great for kids!,positive,positive,positive,both_correct,3,False
9779,0,safety for babies and children,Great for kids!,positive,positive,positive,both_correct,3,False
9779,1,"design, appearance and looks",Son loves it!,positive,positive,positive,both_correct,3,False
9779,1,product quality and performance,Son loves it!,positive,positive,positive,both_correct,3,False
9792,0,product quality and performance,Didn't like it.,negative,negative,negative,both_correct,3,True
9792,0,"design, appearance and looks",Didn't like it.,negative,negative,negative,both_correct,3,True
9792,1,product quality and performance,They feel like paper rather than being soft,positive,negative,negative,both_wrong,8,False
9801,0,product quality and performance,Works great for my Diaper Genie,positive,positive,positive,both_correct,6,False
9801,0,"ease of use, assembly and convenience",Works great for my Diaper Genie,positive,positive,positive,both_correct,6,False
9810,0,safety for babies and children,Brilliant for those who have toddlers who love to rip off 'babyproof' items.,positive,positive,positive,both_correct,13,False
9810,1,"ease of use, assembly and convenience","The packaging was simple, easy to open and installation was only a few seconds!",negative,negative,negative,both_correct,14,False
9810,1,product quality and performance,"The packaging was simple, easy to open and installation was only a few seconds!",negative,negative,negative,both_correct,14,False
9810,2,product quality and performance,"These are a HUGE winner for us, because while installing we realized how much food and debris was stuck to our original protectors with adhesive - with no stick, these have no lingering messes!!",positive,negative,positive,bert_fixes_baseline_error,34,True
9810,2,"ease of use, assembly and convenience","These are a HUGE winner for us, because while installing we realized how much food and debris was stuck to our original protectors with adhesive - with no stick, these have no lingering messes!!",positive,positive,positive,both_correct,34,True
9822,0,product quality and performance,I received this broken.,negative,negative,negative,both_correct,4,False
9822,1,"design, appearance and looks",It's not what I thought the top car piece is like a glass that just sits on the base,negative,negative,negative,both_correct,19,True
9822,1,product quality and performance,It's not what I thought the top car piece is like a glass that just sits on the base,negative,negative,negative,both_correct,19,True
9835,0,"price, cost and value for money","I was hesitant to order this blanket because the price was so low to be a personalized item, but I took a chance and I'm so glad I did.",positive,negative,positive,bert_fixes_baseline_error,29,True
9835,0,"comfort, softness and texture","I was hesitant to order this blanket because the price was so low to be a personalized item, but I took a chance and I'm so glad I did.",positive,negative,positive,bert_fixes_baseline_error,29,True
9835,1,"comfort, softness and texture",It is so soft and plush and the name is beautifully embroidered.,positive,positive,positive,both_correct,12,False
9835,1,"design, appearance and looks",It is so soft and plush and the name is beautifully embroidered.,positive,positive,positive,both_correct,12,False
9835,2,product quality and performance,It arrived ahead of schedule.,positive,positive,positive,both_correct,5,False
9835,2,"ease of use, assembly and convenience",It arrived ahead of schedule.,positive,positive,positive,both_correct,5,False
9835,2,"packaging, shipping and delivery",It arrived ahead of schedule.,positive,positive,positive,both_correct,5,False
9835,3,safety for babies and children,I purchased it for my Great Granddaughter who is soon to arrive.,positive,positive,positive,both_correct,12,False
9835,3,"design, appearance and looks",I purchased it for my Great Granddaughter who is soon to arrive.,positive,positive,positive,both_correct,12,False
9835,4,"durability, washability and longevity",I washed it in warm water and dried on a delicate setting to be certain it retained it's form.,positive,negative,positive,bert_fixes_baseline_error,19,False
9835,4,"design, appearance and looks",I washed it in warm water and dried on a delicate setting to be certain it retained it's form.,positive,negative,positive,bert_fixes_baseline_error,19,False
9835,5,"durability, washability and longevity",It is just as beautiful as it was before I put it through the laundry.,positive,positive,positive,both_correct,15,False
9835,5,product quality and performance,It is just as beautiful as it was before I put it through the laundry.,positive,positive,positive,both_correct,15,False
9835,6,product quality and performance,I would not hesitate to order from this company again.,positive,negative,positive,bert_fixes_baseline_error,10,True
9835,6,"ease of use, assembly and convenience",I would not hesitate to order from this company again.,positive,negative,positive,bert_fixes_baseline_error,10,True
9842,0,product quality and performance,Product is very durable.,positive,positive,positive,both_correct,4,False
9842,0,"durability, washability and longevity",Product is very durable.,positive,positive,positive,both_correct,4,False
9842,1,product quality and performance,The Art Lid is solid.,positive,positive,positive,both_correct,5,False
9842,1,"durability, washability and longevity",The Art Lid is solid.,positive,positive,positive,both_correct,5,False
9842,2,safety for babies and children,Daycare kids have a habit of standing on everything.,negative,negative,positive,bert_introduces_new_error,9,False
9842,3,product quality and performance,This lid will not bend or snap.,negative,negative,positive,bert_introduces_new_error,7,True
9842,3,"durability, washability and longevity",This lid will not bend or snap.,negative,negative,positive,bert_introduces_new_error,7,True
9842,4,"price, cost and value for money",If shipping to Alaska the company will refund your cost after it arrives to destination.,negative,negative,negative,both_correct,15,False
9842,4,"packaging, shipping and delivery",If shipping to Alaska the company will refund your cost after it arrives to destination.,negative,negative,negative,both_correct,15,False
9842,4,customer service and seller support,If shipping to Alaska the company will refund your cost after it arrives to destination.,negative,negative,negative,both_correct,15,False
9842,5,safety for babies and children,{if prime} Toy Box is big enough for little ones to play or fall in.,negative,negative,negative,both_correct,15,False
9842,5,product quality and performance,{if prime} Toy Box is big enough for little ones to play or fall in.,negative,positive,negative,bert_fixes_baseline_error,15,False
9842,5,"size, dimensions and fit",{if prime} Toy Box is big enough for little ones to play or fall in.,negative,negative,negative,both_correct,15,False
9850,0,"design, appearance and looks",My daughter loves this design.,positive,positive,positive,both_correct,5,False
9850,0,"comfort, softness and texture",My daughter loves this design.,positive,positive,positive,both_correct,5,False
9850,1,"design, appearance and looks",She constantly dabs.. 🙄,negative,positive,negative,bert_fixes_baseline_error,4,False
9850,3,product quality and performance,I like it and will probably buy another one.,positive,positive,positive,both_correct,9,True
9850,3,"design, appearance and looks",I like it and will probably buy another one.,positive,positive,positive,both_correct,9,True
9852,0,product quality and performance,Fits the daycare cots perfect.,positive,positive,positive,both_correct,5,False
9852,0,"size, dimensions and fit",Fits the daycare cots perfect.,positive,positive,positive,both_correct,5,False
9852,1,"comfort, softness and texture",Pillow is comfy and the little pocket for a small animal is something my daughter loved.,positive,positive,positive,both_correct,16,False
9852,1,product quality and performance,Pillow is comfy and the little pocket for a small animal is something my daughter loved.,positive,positive,positive,both_correct,16,False
9866,0,product quality and performance,"It does exactly what its supposed to do, the weighted plate works great with the wipes underneath and its easy to pull out only one at a time and have the next one ready to go.",positive,positive,positive,both_correct,36,False
9866,0,"ease of use, assembly and convenience","It does exactly what its supposed to do, the weighted plate works great with the wipes underneath and its easy to pull out only one at a time and have the next one ready to go.",positive,positive,positive,both_correct,36,False
9866,1,product quality and performance,The top closes tightly to keep everything nice and moist.,positive,positive,positive,both_correct,10,False
9866,1,"comfort, softness and texture",The top closes tightly to keep everything nice and moist.,positive,positive,positive,both_correct,10,False
9866,2,product quality and performance,"Similar items like this have had a bit of an issue before with the wipes drying out because the top didn't seal but with this one, that's no problem at all.",negative,positive,positive,both_wrong,31,True
9866,2,"durability, washability and longevity","Similar items like this have had a bit of an issue before with the wipes drying out because the top didn't seal but with this one, that's no problem at all.",negative,positive,positive,both_wrong,31,True
9866,3,"ease of use, assembly and convenience","I don't know the exact amount of wipes we have in there but its has plenty in there, enough I don't worry about having to refill very often.",positive,negative,positive,bert_fixes_baseline_error,28,True
9866,3,"durability, washability and longevity","I don't know the exact amount of wipes we have in there but its has plenty in there, enough I don't worry about having to refill very often.",positive,negative,positive,bert_fixes_baseline_error,28,True
9866,4,product quality and performance,"The lid opens and locks back down easily so that's another plus, not having to worry about a button latching like on the disposable packs.",positive,positive,positive,both_correct,25,True
9866,4,"ease of use, assembly and convenience","The lid opens and locks back down easily so that's another plus, not having to worry about a button latching like on the disposable packs.",positive,positive,positive,both_correct,25,True
9866,5,product quality and performance,Very good item.,positive,positive,positive,both_correct,3,False
9866,5,"design, appearance and looks",Very good item.,positive,positive,positive,both_correct,3,False
9883,0,"comfort, softness and texture",I love the way feels,positive,positive,positive,both_correct,5,False
9883,0,product quality and performance,I love the way feels,positive,positive,positive,both_correct,5,False
9893,0,"comfort, softness and texture",Yumm yumm.,negative,negative,positive,bert_introduces_new_error,2,False
9893,1,"comfort, softness and texture",Baby eats it up!,positive,positive,positive,both_correct,4,False
9893,1,product quality and performance,Baby eats it up!,positive,positive,positive,both_correct,4,False
9899,0,"design, appearance and looks",I wanted to like this lens.,positive,positive,positive,both_correct,6,False
9899,0,product quality and performance,I wanted to like this lens.,positive,positive,positive,both_correct,6,False
9899,1,"design, appearance and looks","In fact, I wanted to LOVE it.",positive,positive,positive,both_correct,7,False
9899,1,product quality and performance,"In fact, I wanted to LOVE it.",positive,positive,positive,both_correct,7,False
9899,4,product quality and performance,"So I needed a whole room CLEAR view to be able to see if he was in his bed, playing, or climbing on top of his dresser. The day time quality is good, but the night vision is TERRIBLE. I have attached a picture of my sons room in night vision (ps: he is not in bed- that's his blanket.",negative,negative,negative,both_correct,60,True
9899,4,safety for babies and children,"So I needed a whole room CLEAR view to be able to see if he was in his bed, playing, or climbing on top of his dresser. The day time quality is good, but the night vision is TERRIBLE. I have attached a picture of my sons room in night vision (ps: he is not in bed- that's his blanket.",negative,negative,negative,both_correct,60,True
9899,5,"design, appearance and looks","He is in fact, in the corner sitting in his chair looking at a book), and as you can tell, you can NOT see him at all. I will be returning this and try to figure out a better solution.",negative,negative,negative,both_correct,40,True
9899,5,customer service and seller support,"He is in fact, in the corner sitting in his chair looking at a book), and as you can tell, you can NOT see him at all. I will be returning this and try to figure out a better solution.",negative,negative,negative,both_correct,40,True
9916,0,"design, appearance and looks",Love this for our stairs!,positive,positive,positive,both_correct,5,False
9916,0,product quality and performance,Love this for our stairs!,positive,positive,positive,both_correct,5,False
9916,1,product quality and performance,"We bought the 36"" and 42"" to go on our top and bottom and I couldnt be more pleased!",positive,positive,positive,both_correct,19,False
9916,1,"size, dimensions and fit","We bought the 36"" and 42"" to go on our top and bottom and I couldnt be more pleased!",positive,positive,positive,both_correct,19,False
9919,0,safety for babies and children,"My son had the normal binky clips and would constantly rip it off his clothing, or off the carseat straps and then would fuss about it, so I was looking for something that was a little harder for him to tear off.",negative,negative,negative,both_correct,42,False
9919,1,product quality and performance,"So far, these have worked!",positive,positive,positive,both_correct,5,False
9919,1,"durability, washability and longevity","So far, these have worked!",positive,positive,positive,both_correct,5,False
9919,2,product quality and performance,He'll even grunt while trying to pull them off and still cant get it lol.,negative,negative,negative,both_correct,15,False
9919,4,product quality and performance,"/>My son has reflux and spits up a lot, so as far as cleaning them it's a little hard to get into the grooves of the metal clasp, but the ribbon part of the lanyard is super easy to wipe off.",negative,negative,negative,both_correct,41,True
9919,4,"durability, washability and longevity","/>My son has reflux and spits up a lot, so as far as cleaning them it's a little hard to get into the grooves of the metal clasp, but the ribbon part of the lanyard is super easy to wipe off.",negative,negative,negative,both_correct,41,True
9927,0,"ease of use, assembly and convenience",Great product for organizing bottles,positive,positive,positive,both_correct,5,False
9927,0,product quality and performance,Great product for organizing bottles,positive,positive,positive,both_correct,5,False
9952,1,"durability, washability and longevity",Wash before using.,negative,negative,negative,both_correct,3,False
9952,1,safety for babies and children,Wash before using.,negative,negative,negative,both_correct,3,False
9952,2,safety for babies and children,TRIM dye fades on infants clothing.,negative,negative,negative,both_correct,6,False
9952,2,"design, appearance and looks",TRIM dye fades on infants clothing.,negative,negative,negative,both_correct,6,False
9955,0,"price, cost and value for money",I appreciate the number of bags for the price but was looking forward to pop up dispenser.,positive,negative,positive,bert_fixes_baseline_error,17,True
9955,0,product quality and performance,I appreciate the number of bags for the price but was looking forward to pop up dispenser.,positive,negative,negative,both_wrong,17,True
9955,1,"design, appearance and looks",Mine were all twisted and bags sticking up every which way.,negative,negative,negative,both_correct,11,False
9955,1,"packaging, shipping and delivery",Mine were all twisted and bags sticking up every which way.,negative,negative,negative,both_correct,11,False
9955,3,product quality and performance,Never could get any to dispense or even get any loose at all without ripping box open and putting bags in a drawer.,negative,negative,negative,both_correct,23,True
9955,3,"packaging, shipping and delivery",Never could get any to dispense or even get any loose at all without ripping box open and putting bags in a drawer.,negative,negative,negative,both_correct,23,True
9955,4,"packaging, shipping and delivery",Alot of bags though.,negative,negative,negative,both_correct,4,False
9961,0,"durability, washability and longevity",We've used luvs off and on for 10 years.,negative,negative,negative,both_correct,9,False
9961,0,product quality and performance,We've used luvs off and on for 10 years.,negative,negative,negative,both_correct,9,False
9961,1,product quality and performance,"Sadly, with the new changes they've made, we will not be using them any longer.",negative,negative,negative,both_correct,15,True
9961,1,"price, cost and value for money","Sadly, with the new changes they've made, we will not be using them any longer.",negative,negative,negative,both_correct,15,True
9961,2,safety for babies and children,"My daughter began constantly pulling at her diaper because I'm assuming something feels different, & they also droop and hang very fast.",negative,positive,negative,bert_fixes_baseline_error,22,False
9973,0,"design, appearance and looks",I prepped and prepped all my surfaces for these locks.,negative,positive,negative,bert_fixes_baseline_error,10,False
9973,0,"durability, washability and longevity",I prepped and prepped all my surfaces for these locks.,negative,positive,negative,bert_fixes_baseline_error,10,False
9973,1,product quality and performance,The cabinet door pieces are adhering well.,positive,positive,positive,both_correct,7,False
9973,1,"durability, washability and longevity",The cabinet door pieces are adhering well.,positive,positive,positive,both_correct,7,False
9973,2,product quality and performance,No problems there.,positive,positive,positive,both_correct,3,True
9973,3,product quality and performance,"However, the latch that adheres to the cabinet itself, continued to fall off.",negative,negative,negative,both_correct,13,True
9973,4,product quality and performance,"I don't know if it's gravity or the latch from the door lock hitting it every time it closes, but I could not get it to stay.",negative,negative,negative,both_correct,27,True
9973,5,product quality and performance,I eventually went and purchased super sticky command strips and it does fine now.,positive,positive,positive,both_correct,14,False
9973,5,"price, cost and value for money",I eventually went and purchased super sticky command strips and it does fine now.,positive,positive,positive,both_correct,14,False
9973,6,product quality and performance,The locks work great!,positive,positive,positive,both_correct,4,False
9973,6,"durability, washability and longevity",The locks work great!,positive,positive,positive,both_correct,4,False
9973,7,"durability, washability and longevity",When they stick.,negative,negative,positive,bert_introduces_new_error,3,False
9973,7,product quality and performance,When they stick.,negative,negative,positive,bert_introduces_new_error,3,False
9978,0,"design, appearance and looks",I am in love with my Infantino squeeze station and all of its accessories.,positive,positive,positive,both_correct,14,True
9978,0,product quality and performance,I am in love with my Infantino squeeze station and all of its accessories.,positive,positive,positive,both_correct,14,True
9978,1,"ease of use, assembly and convenience",This reusable pouch is great for on-the-go feedings and I love that it can be refrigerated.,positive,positive,positive,both_correct,16,False
9978,1,product quality and performance,This reusable pouch is great for on-the-go feedings and I love that it can be refrigerated.,positive,positive,positive,both_correct,16,False
9978,2,"design, appearance and looks",My favorite feature is that the pair of spoons accessory is compatible with this bottle.,positive,positive,positive,both_correct,15,False
9978,3,product quality and performance,The only reason I gave it a four instead of a five is because of the car plastic and neck that is wrapped around the top of the soft bottle it's a little hard to clean under.,negative,negative,negative,both_correct,37,False
9978,3,"design, appearance and looks",The only reason I gave it a four instead of a five is because of the car plastic and neck that is wrapped around the top of the soft bottle it's a little hard to clean under.,negative,negative,negative,both_correct,37,False
9978,4,safety for babies and children,You have to remember to squeeze the bottle type and wipe out underneath that neck.,negative,negative,negative,both_correct,15,False
9978,4,product quality and performance,You have to remember to squeeze the bottle type and wipe out underneath that neck.,negative,negative,negative,both_correct,15,False
9978,5,product quality and performance,Otherwise it's fantastic.,positive,positive,positive,both_correct,3,False
9978,5,"design, appearance and looks",Otherwise it's fantastic.,positive,positive,positive,both_correct,3,False
9985,1,product quality and performance,This is by far the best one other than the $80 tube that our pediatrician prescribes.,positive,positive,positive,both_correct,16,False
9985,1,"price, cost and value for money",This is by far the best one other than the $80 tube that our pediatrician prescribes.,positive,positive,positive,both_correct,16,False
9985,2,"ease of use, assembly and convenience","Works quickly, easy to put on and the smell isn't overpowering.",positive,positive,negative,bert_introduces_new_error,11,True
9985,2,product quality and performance,"Works quickly, easy to put on and the smell isn't overpowering.",positive,positive,negative,bert_introduces_new_error,11,True
9985,3,product quality and performance,Usually starts to clear up the rash within a couple hours!,negative,negative,negative,both_correct,11,False
9985,4,product quality and performance,I've thrown away all other brands and will use this with my second.,positive,negative,positive,bert_fixes_baseline_error,13,False
9985,4,"durability, washability and longevity",I've thrown away all other brands and will use this with my second.,positive,negative,positive,bert_fixes_baseline_error,13,False
9987,0,product quality and performance,Did not work.,negative,negative,negative,both_correct,3,True
